file,name,line,end,signature,purpose,purpose_status,outcome,evidence,finding_ids,gaps
.github/scripts/extract_release_notes.py,extract_notes,11,32,def extract_notes(tag: str),"Source operation: f.read, match.group, match.group(1).strip, open, os.path.exists, re.escape, re.search, tag.lstrip",source-body operation summary; detailed domain mapping belongs to mapper handoff,source-reviewed: no additional defect identified in inspected body; offline/live limits remain,"[""Body read in current working snapshot at lines 11-32"", ""Current source body inspection""]",[],[]
.github/scripts/extract_release_notes.py,main,35,45,def main(),"Source operation: extract_notes, f.write, len, open, os.environ.get, print",source-body operation summary; detailed domain mapping belongs to mapper handoff,source-reviewed: no additional defect identified in inspected body; offline/live limits remain,"[""Body read in current working snapshot at lines 35-45"", ""Current source body inspection""]",[],[]
.github/scripts/package_runtime.py,require_members,15,18,"def require_members(label: str, actual: set[str], expected: set[str])","Source operation: ValueError, sorted",source-body operation summary; detailed domain mapping belongs to mapper handoff,source-reviewed: no additional defect identified in inspected body; offline/live limits remain,"[""Body read in current working snapshot at lines 15-18"", ""Current source body inspection""]",[],[]
.github/scripts/package_runtime.py,package_runtime,21,81,def package_runtime(dist: Path),"Source operation: (ROOT / 'cogs').glob, (ROOT / 'pyproject.toml').read_text, PurePosixPath, ROOT.glob, ValueError, archive.getmembers, archive.infolist, archive.namelist",source-body operation summary; detailed domain mapping belongs to mapper handoff,source-reviewed: no additional defect identified in inspected body; offline/live limits remain,"[""Body read in current working snapshot at lines 21-81"", ""Current source body inspection""]",[],[]
bot.py,CPO.__init__,33,40,"def __init__(self, bot_developer_id: Optional[Any]=None)","Initializes object state; source writes: self._shutdown_task, self.bot_developer_id, self.db",source-body operation summary; detailed domain mapping belongs to mapper handoff,source-reviewed: no additional defect identified in inspected body; offline/live limits remain,"[""Body read in current working snapshot at lines 33-40"", ""Current source body inspection""]",[],[]
bot.py,CPO.setup_hook,42,53,async def setup_hook(self),"Source operation: filename.endswith, filename.startswith, len, os.listdir, self.db.connect, self.load_extension, self.tree.sync",source-body operation summary; detailed domain mapping belongs to mapper handoff,source-reviewed: no additional defect identified in inspected body; offline/live limits remain,"[""Body read in current working snapshot at lines 42-53"", ""Current source body inspection""]",[],[]
bot.py,CPO.on_ready,55,75,async def on_ready(self),"Source operation: hasattr, len, pomodoro.load_active_sessions_from_db, self.get_all_members, self.get_cog, self.tree.clear_commands, self.tree.sync, set",source-body operation summary; detailed domain mapping belongs to mapper handoff,source-reviewed: no additional defect identified in inspected body; offline/live limits remain,"[""Body read in current working snapshot at lines 55-75"", ""Current source body inspection""]",[],[]
bot.py,CPO.close,77,80,async def close(self),"Source operation: asyncio.create_task, asyncio.shield, self._close_resources",source-body operation summary; detailed domain mapping belongs to mapper handoff,source-reviewed: no additional defect identified in inspected body; offline/live limits remain,"[""Body read in current working snapshot at lines 77-80"", ""Current source body inspection""]",[],[]
bot.py,CPO._close_resources,82,87,async def _close_resources(self),"Source operation: self.db.close, super, super().close",source-body operation summary; detailed domain mapping belongs to mapper handoff,source-reviewed: no additional defect identified in inspected body; offline/live limits remain,"[""Body read in current working snapshot at lines 82-87"", ""Current source body inspection""]",[],[]
bot.py,on_command_error,94,103,"async def on_command_error(ctx, error)","Source operation: ctx.send, isinstance, str",source-body operation summary; detailed domain mapping belongs to mapper handoff,source-reviewed: no additional defect identified in inspected body; offline/live limits remain,"[""Body read in current working snapshot at lines 94-103"", ""Current source body inspection""]",[],[]
bot.py,on_app_command_error,107,128,"async def on_app_command_error(interaction: discord.Interaction, error: discord.app_commands.AppCommandError)","Source operation: getattr, interaction.response.is_done, interaction.response.send_message, isinstance, send_response, str",source-body operation summary; detailed domain mapping belongs to mapper handoff,source-reviewed: no additional defect identified in inspected body; offline/live limits remain,"[""Body read in current working snapshot at lines 107-128"", ""Current source body inspection""]",[],[]
cogs/_access_policy.py,require_guild_access,14,27,"async def require_guild_access(bot: Any, interaction: discord.Interaction, *, guild_id: int | None=None, setup_exempt: bool=False)","Source operation: _require_guild_access, asyncio.wait_for",source-body operation summary; detailed domain mapping belongs to mapper handoff,source-reviewed: no additional defect identified in inspected body; offline/live limits remain,"[""Body read in current working snapshot at lines 14-27"", ""Current source body inspection""]",[],"[""Live Discord/API behavior unverified"", ""Live Discord interaction, API limits/rate behavior and guild permission propagation not exercised""]"
cogs/_access_policy.py,_require_guild_access,30,61,"async def _require_guild_access(bot: Any, interaction: discord.Interaction, *, guild_id: int | None=None, setup_exempt: bool=False)","Source operation: any, bot.db.get_default_role, bot.get_cog, bot.get_guild, guild.fetch_member, guild.get_role, isinstance, manager.get_permission_level",source-body operation summary; detailed domain mapping belongs to mapper handoff,source-reviewed: no additional defect identified in inspected body; offline/live limits remain,"[""Body read in current working snapshot at lines 30-61"", ""Current source body inspection""]",[],"[""Live Discord/API behavior unverified"", ""Live Discord interaction, API limits/rate behavior and guild permission propagation not exercised""]"
cogs/_access_policy.py,deny_access,64,69,async def deny_access(interaction: discord.Interaction),"Source operation: interaction.followup.send, interaction.response.is_done, interaction.response.send_message",source-body operation summary; detailed domain mapping belongs to mapper handoff,source-reviewed: no additional defect identified in inspected body; offline/live limits remain,"[""Body read in current working snapshot at lines 64-69"", ""Current source body inspection""]",[],"[""Live Discord/API behavior unverified"", ""Live Discord interaction, API limits/rate behavior and guild permission propagation not exercised""]"
cogs/_access_policy.py,AccessCommandTree.interaction_check,73,79,"async def interaction_check(self, interaction: discord.Interaction)","Source operation: command_data.get, deny_access, require_guild_access",source-body operation summary; detailed domain mapping belongs to mapper handoff,source-reviewed: no additional defect identified in inspected body; offline/live limits remain,"[""Body read in current working snapshot at lines 73-79"", ""Current source body inspection""]",[],"[""Live Discord/API behavior unverified"", ""Live Discord interaction, API limits/rate behavior and guild permission propagation not exercised""]"
cogs/_access_policy.py,_context_guild,82,95,def _context_guild(view: Any),"Source operation: getattr, type",source-body operation summary; detailed domain mapping belongs to mapper handoff,source-reviewed: no additional defect identified in inspected body; offline/live limits remain,"[""Body read in current working snapshot at lines 82-95"", ""Current source body inspection""]",[],"[""Live Discord interaction, API limits/rate behavior and guild permission propagation not exercised""]"
cogs/_access_policy.py,AccessView._scheduled_task,103,107,"async def _scheduled_task(self, item: Any, interaction: discord.Interaction)","Source operation: _context_guild, deny_access, require_guild_access, super, super()._scheduled_task",source-body operation summary; detailed domain mapping belongs to mapper handoff,source-reviewed: no additional defect identified in inspected body; offline/live limits remain,"[""Body read in current working snapshot at lines 103-107"", ""Current source body inspection""]",[],"[""Live Discord/API behavior unverified"", ""Live Discord interaction, API limits/rate behavior and guild permission propagation not exercised""]"
cogs/_access_policy.py,AccessModal._scheduled_task,111,116,"async def _scheduled_task(self, *args: Any, **kwargs: Any)","Source operation: _context_guild, deny_access, require_guild_access, super, super()._scheduled_task",source-body operation summary; detailed domain mapping belongs to mapper handoff,source-reviewed: no additional defect identified in inspected body; offline/live limits remain,"[""Body read in current working snapshot at lines 111-116"", ""Current source body inspection""]",[],"[""Live Discord/API behavior unverified"", ""Live Discord interaction, API limits/rate behavior and guild permission propagation not exercised""]"
cogs/_audit.py,audit_action,11,41,"async def audit_action(bot: Any, guild_id: int, actor_id: int, action: str, outcome: str, target_ids: list[int | str])","Source operation: ','.join, bot.db.record_command_audit, bot.get_cog, bot.get_guild, group_cog.log_mod_action, guild.get_member, hasattr, inspect.isawaitable",source-body operation summary; detailed domain mapping belongs to mapper handoff,source-reviewed: OPEN findings AUD-01,"[""Body read in current working snapshot at lines 11-41"", ""Current source body inspection""]","[""AUD-01""]","[""Live Discord/API behavior unverified"", ""Live Discord interaction, API limits/rate behavior and guild permission propagation not exercised""]"
cogs/_invitations.py,_db_call,22,31,"async def _db_call(fn: Any, *args: Any, **kwargs: Any)","Source operation: fn, inspect.isawaitable",source-body operation summary; detailed domain mapping belongs to mapper handoff,"source-reviewed: OPEN findings INV-01, INV-03","[""Body read in current working snapshot at lines 22-31"", ""Current source body inspection""]","[""INV-01"", ""INV-03""]","[""Live Discord/API behavior unverified"", ""Live Discord interaction, API limits/rate behavior and guild permission propagation not exercised""]"
cogs/_invitations.py,eligible_recipient,34,119,"async def eligible_recipient(bot: Any, guild_id: int, user_id: int, fallback_guild: Any=None, member: Any=None)","Source operation: _db_call, any, bot.get_guild, discord.utils.get, getattr, guild.get_member, guild.get_role, hasattr",source-body operation summary; detailed domain mapping belongs to mapper handoff,"source-reviewed: OPEN findings INV-01, INV-03","[""Body read in current working snapshot at lines 34-119"", ""Current source body inspection""]","[""INV-01"", ""INV-03""]","[""Live Discord/API behavior unverified"", ""Live Discord interaction, API limits/rate behavior and guild permission propagation not exercised""]"
cogs/_invitations.py,service_for,122,127,def service_for(bot: Any),"Source operation: InvitationService, getattr, isinstance",source-body operation summary; detailed domain mapping belongs to mapper handoff,source-reviewed: OPEN findings INV-03,"[""Body read in current working snapshot at lines 122-127"", ""Current source body inspection""]","[""INV-03""]","[""Live Discord interaction, API limits/rate behavior and guild permission propagation not exercised""]"
cogs/_invitations.py,initialize_invitation,130,150,"def initialize_invitation(view: Any, bot: Any, kind: str, session: Any, recipient_id: int)","Source operation: getattr, isinstance, service_for, service_for(bot).act, str, time.time, uuid.uuid4",source-body operation summary; detailed domain mapping belongs to mapper handoff,source-reviewed: OPEN findings INV-03,"[""Body read in current working snapshot at lines 130-150"", ""Current source body inspection""]","[""INV-03""]","[""Live Discord interaction, API limits/rate behavior and guild permission propagation not exercised""]"
cogs/_invitations.py,initialize_invitation.callback,147,148,"async def callback(interaction, original=original, action=action)","Source operation: service_for, service_for(bot).act",source-body operation summary; detailed domain mapping belongs to mapper handoff,source-reviewed: OPEN findings INV-03,"[""Body read in current working snapshot at lines 147-148"", ""Current source body inspection""]","[""INV-03""]","[""Live Discord/API behavior unverified"", ""Live Discord interaction, API limits/rate behavior and guild permission propagation not exercised""]"
cogs/_invitations.py,InvitationService.__init__,154,161,"def __init__(self, bot: Any)","Initializes object state; source writes: self.actions, self.bot, self.closed_kinds, self.locks, self.recovery_lock, self.tasks, self.views",source-body operation summary; detailed domain mapping belongs to mapper handoff,source-reviewed: OPEN findings INV-03,"[""Body read in current working snapshot at lines 154-161"", ""Current source body inspection""]","[""INV-03""]","[""Live Discord interaction, API limits/rate behavior and guild permission propagation not exercised""]"
cogs/_invitations.py,InvitationService.session_identity,163,171,"def session_identity(self, view: Any)","Source operation: getattr, str",source-body operation summary; detailed domain mapping belongs to mapper handoff,source-reviewed: OPEN findings INV-03,"[""Body read in current working snapshot at lines 163-171"", ""Current source body inspection""]","[""INV-03""]","[""Live Discord interaction, API limits/rate behavior and guild permission propagation not exercised""]"
cogs/_invitations.py,InvitationService.live,173,216,"async def live(self, view: Any, row: dict[str, Any])","Source operation: _db_call, any, bool, cog.sessions.values, datetime.now, getattr, hasattr, isinstance",source-body operation summary; detailed domain mapping belongs to mapper handoff,source-reviewed: OPEN findings INV-03,"[""Body read in current working snapshot at lines 173-216"", ""Current source body inspection""]","[""INV-03""]","[""Live Discord/API behavior unverified"", ""Live Discord interaction, API limits/rate behavior and guild permission propagation not exercised""]"
cogs/_invitations.py,InvitationService.joined,218,254,"async def joined(self, view: Any)","Source operation: _db_call, any, bool, getattr, isinstance, record.get, record['state'].get",source-body operation summary; detailed domain mapping belongs to mapper handoff,source-reviewed: OPEN findings INV-03,"[""Body read in current working snapshot at lines 218-254"", ""Current source body inspection""]","[""INV-03""]","[""Live Discord/API behavior unverified"", ""Live Discord interaction, API limits/rate behavior and guild permission propagation not exercised""]"
cogs/_invitations.py,InvitationService.send,256,379,"async def send(self, view: Any, *, actor_id: int, content: str | None=None, embed: discord.Embed | None=None, target_member: Any=None)","Source operation: RuntimeError, ValueError, _db_call, audit_action, discord.AllowedMentions.none, eligible_recipient, getattr, inspect.isawaitable",source-body operation summary; detailed domain mapping belongs to mapper handoff,source-reviewed: OPEN findings INV-03,"[""Body read in current working snapshot at lines 256-379"", ""Current source body inspection""]","[""INV-03""]","[""Live Discord/API behavior unverified"", ""Live Discord interaction, API limits/rate behavior and guild permission propagation not exercised""]"
cogs/_invitations.py,InvitationService.register,381,398,"def register(self, view: Any)","Source operation: asyncio.create_task, getattr, getattr(view, 'invitation_row', {}).get, hasattr, isinstance, self.bot.add_view, self.monitor",source-body operation summary; detailed domain mapping belongs to mapper handoff,source-reviewed: OPEN findings INV-03,"[""Body read in current working snapshot at lines 381-398"", ""Current source body inspection""]","[""INV-03""]","[""Live Discord interaction, API limits/rate behavior and guild permission propagation not exercised""]"
cogs/_invitations.py,InvitationService.act,400,626,"async def act(self, view: Any, interaction: discord.Interaction, action: str, callback: Any)","Source operation: _db_call, acknowledge_interaction, asyncio.Lock, asyncio.current_task, audit_action, bool, callback, eligible_recipient",source-body operation summary; detailed domain mapping belongs to mapper handoff,"source-reviewed: OPEN findings INV-02, INV-03","[""Body read in current working snapshot at lines 400-626"", ""Current source body inspection""]","[""INV-02"", ""INV-03""]","[""Live Discord/API behavior unverified"", ""Live Discord interaction, API limits/rate behavior and guild permission propagation not exercised""]"
cogs/_invitations.py,InvitationService.reconcile,628,647,"async def reconcile(self, view: Any, row: dict[str, Any])","Source operation: _db_call, getattr, self.joined, self.live, time.time",source-body operation summary; detailed domain mapping belongs to mapper handoff,source-reviewed: OPEN findings INV-03,"[""Body read in current working snapshot at lines 628-647"", ""Current source body inspection""]","[""INV-03""]","[""Live Discord/API behavior unverified"", ""Live Discord interaction, API limits/rate behavior and guild permission propagation not exercised""]"
cogs/_invitations.py,InvitationService.notification,649,684,"async def notification(self, view: Any, row: dict[str, Any], *, expired: bool)","Source operation: _db_call, discord.AllowedMentions.none, getattr, hasattr, inspect.isawaitable, message.edit, recipient.send, row.get",source-body operation summary; detailed domain mapping belongs to mapper handoff,source-reviewed: OPEN findings INV-03,"[""Body read in current working snapshot at lines 649-684"", ""Current source body inspection""]","[""INV-03""]","[""Live Discord/API behavior unverified"", ""Live Discord interaction, API limits/rate behavior and guild permission propagation not exercised""]"
cogs/_invitations.py,InvitationService.tick,686,726,"async def tick(self, view: Any)","Source operation: _db_call, audit_action, getattr, isinstance, row.get, self.finish, self.notification, self.reconcile",source-body operation summary; detailed domain mapping belongs to mapper handoff,source-reviewed: OPEN findings INV-03,"[""Body read in current working snapshot at lines 686-726"", ""Current source body inspection""]","[""INV-03""]","[""Live Discord/API behavior unverified"", ""Live Discord interaction, API limits/rate behavior and guild permission propagation not exercised""]"
cogs/_invitations.py,InvitationService.monitor,728,742,"async def monitor(self, view: Any)","Source operation: asyncio.Lock, asyncio.current_task, asyncio.sleep, self.locks.setdefault, self.tasks.get, self.tasks.pop, self.tick",source-body operation summary; detailed domain mapping belongs to mapper handoff,source-reviewed: OPEN findings INV-03,"[""Body read in current working snapshot at lines 728-742"", ""Current source body inspection""]","[""INV-03""]","[""Live Discord/API behavior unverified"", ""Live Discord interaction, API limits/rate behavior and guild permission propagation not exercised""]"
cogs/_invitations.py,InvitationService.finish,744,749,"def finish(self, view: Any)","Source operation: asyncio.current_task, self.tasks.get, self.views.pop, task.cancel, view.stop",source-body operation summary; detailed domain mapping belongs to mapper handoff,source-reviewed: OPEN findings INV-03,"[""Body read in current working snapshot at lines 744-749"", ""Current source body inspection""]","[""INV-03""]","[""Live Discord interaction, API limits/rate behavior and guild permission propagation not exercised""]"
cogs/_invitations.py,InvitationService.close_kind,751,764,"async def close_kind(self, kind: str)","Source operation: asyncio.current_task, asyncio.gather, list, self.closed_kinds.add, self.finish, self.tasks.items, self.views.get, self.views.values",source-body operation summary; detailed domain mapping belongs to mapper handoff,source-reviewed: OPEN findings INV-03,"[""Body read in current working snapshot at lines 751-764"", ""Current source body inspection""]","[""INV-03""]","[""Live Discord/API behavior unverified"", ""Live Discord interaction, API limits/rate behavior and guild permission propagation not exercised""]"
cogs/_session_controls.py,EndRequestView.__init__,14,28,"def __init__(self, owner_id: int, label: str, is_active: Callable[[], bool], on_confirm: Callable[[discord.Interaction], Awaitable[None]])","Initializes object state; source writes: self.decided, self.is_active, self.label, self.lock, self.message, self.on_confirm, self.owner_id",source-body operation summary; detailed domain mapping belongs to mapper handoff,source-reviewed: no additional defect identified in inspected body; offline/live limits remain,"[""Body read in current working snapshot at lines 14-28"", ""Current source body inspection""]",[],"[""Live Discord interaction, API limits/rate behavior and guild permission propagation not exercised""]"
cogs/_session_controls.py,EndRequestView.interaction_check,30,34,"async def interaction_check(self, interaction: discord.Interaction)",Source operation: interaction.response.send_message,source-body operation summary; detailed domain mapping belongs to mapper handoff,source-reviewed: no additional defect identified in inspected body; offline/live limits remain,"[""Body read in current working snapshot at lines 30-34"", ""Current source body inspection""]",[],"[""Live Discord/API behavior unverified"", ""Live Discord interaction, API limits/rate behavior and guild permission propagation not exercised""]"
cogs/_session_controls.py,EndRequestView.close,36,46,"async def close(self, content: str)","Source operation: isinstance, self.message.edit, self.stop",source-body operation summary; detailed domain mapping belongs to mapper handoff,source-reviewed: no additional defect identified in inspected body; offline/live limits remain,"[""Body read in current working snapshot at lines 36-46"", ""Current source body inspection""]",[],"[""Live Discord/API behavior unverified"", ""Live Discord interaction, API limits/rate behavior and guild permission propagation not exercised""]"
cogs/_session_controls.py,EndRequestView.approve,49,59,"async def approve(self, interaction: discord.Interaction, button: discord.ui.Button)","Source operation: acknowledge_interaction, discord.ui.button, self.close, self.is_active, self.is_finished, self.on_confirm, send_response",source-body operation summary; detailed domain mapping belongs to mapper handoff,source-reviewed: no additional defect identified in inspected body; offline/live limits remain,"[""Body read in current working snapshot at lines 49-59"", ""Current source body inspection""]",[],"[""Live Discord/API behavior unverified"", ""Live Discord interaction, API limits/rate behavior and guild permission propagation not exercised""]"
cogs/_session_controls.py,EndRequestView.decline,62,72,"async def decline(self, interaction: discord.Interaction, button: discord.ui.Button)","Source operation: acknowledge_interaction, discord.ui.button, self.close, self.is_finished, send_response",source-body operation summary; detailed domain mapping belongs to mapper handoff,source-reviewed: no additional defect identified in inspected body; offline/live limits remain,"[""Body read in current working snapshot at lines 62-72"", ""Current source body inspection""]",[],"[""Live Discord/API behavior unverified"", ""Live Discord interaction, API limits/rate behavior and guild permission propagation not exercised""]"
cogs/_session_controls.py,EndRequestView.on_timeout,74,77,async def on_timeout(self),Source operation: self.close,source-body operation summary; detailed domain mapping belongs to mapper handoff,source-reviewed: no additional defect identified in inspected body; offline/live limits remain,"[""Body read in current working snapshot at lines 74-77"", ""Current source body inspection""]",[],"[""Live Discord/API behavior unverified"", ""Live Discord interaction, API limits/rate behavior and guild permission propagation not exercised""]"
cogs/_session_controls.py,request_session_end,80,106,"async def request_session_end(interaction: discord.Interaction, owner_id: int, label: str, is_active: Callable[[], bool], on_confirm: Callable[[discord.Interaction], Awaitable[None]])","Source operation: EndRequestView, acknowledge_interaction, discord.AllowedMentions.none, guild.fetch_member, guild.get_member, interaction.response.is_done, is_active, owner.send",source-body operation summary; detailed domain mapping belongs to mapper handoff,source-reviewed: no additional defect identified in inspected body; offline/live limits remain,"[""Body read in current working snapshot at lines 80-106"", ""Current source body inspection""]",[],"[""Live Discord/API behavior unverified"", ""Live Discord interaction, API limits/rate behavior and guild permission propagation not exercised""]"
cogs/_setup_view.py,CategorySelect.__init__,20,30,"def __init__(self, view: 'SetupView', category: discord.CategoryChannel | None)",Initializes object state; source writes: self.setup_view,source-body operation summary; detailed domain mapping belongs to mapper handoff,source-reviewed: no additional defect identified in inspected body; offline/live limits remain,"[""Body read in current working snapshot at lines 20-30"", ""Current source body inspection across consecutive and overlapping ranges""]",[],"[""Live Discord interaction, API limits/rate behavior and guild permission propagation not exercised""]"
cogs/_setup_view.py,CategorySelect.callback,32,49,"async def callback(self, interaction: discord.Interaction)","Source operation: guild.get_channel, interaction.response.edit_message, interaction.response.send_message, isinstance, self.setup_view.has_pending_resources, self.setup_view.render",source-body operation summary; detailed domain mapping belongs to mapper handoff,source-reviewed: no additional defect identified in inspected body; offline/live limits remain,"[""Body read in current working snapshot at lines 32-49"", ""Current source body inspection across consecutive and overlapping ranges""]",[],"[""Live Discord/API behavior unverified"", ""Live Discord interaction, API limits/rate behavior and guild permission propagation not exercised""]"
cogs/_setup_view.py,VoiceSelect.__init__,53,63,"def __init__(self, view: 'SetupView', voice: discord.VoiceChannel | None)",Initializes object state; source writes: self.setup_view,source-body operation summary; detailed domain mapping belongs to mapper handoff,source-reviewed: no additional defect identified in inspected body; offline/live limits remain,"[""Body read in current working snapshot at lines 53-63"", ""Current source body inspection across consecutive and overlapping ranges""]",[],"[""Live Discord interaction, API limits/rate behavior and guild permission propagation not exercised""]"
cogs/_setup_view.py,VoiceSelect.callback,65,81,"async def callback(self, interaction: discord.Interaction)","Source operation: guild.get_channel, interaction.response.edit_message, interaction.response.send_message, isinstance, self.setup_view.has_pending_resources, self.setup_view.render",source-body operation summary; detailed domain mapping belongs to mapper handoff,source-reviewed: no additional defect identified in inspected body; offline/live limits remain,"[""Body read in current working snapshot at lines 65-81"", ""Current source body inspection across consecutive and overlapping ranges""]",[],"[""Live Discord/API behavior unverified"", ""Live Discord interaction, API limits/rate behavior and guild permission propagation not exercised""]"
cogs/_setup_view.py,NewCategoryModal.__init__,85,91,"def __init__(self, view: 'SetupView')","Initializes object state; source writes: self.name, self.setup_view",source-body operation summary; detailed domain mapping belongs to mapper handoff,source-reviewed: no additional defect identified in inspected body; offline/live limits remain,"[""Body read in current working snapshot at lines 85-91"", ""Current source body inspection across consecutive and overlapping ranges""]",[],"[""Live Discord interaction, API limits/rate behavior and guild permission propagation not exercised""]"
cogs/_setup_view.py,NewCategoryModal.on_submit,93,114,"async def on_submit(self, interaction: discord.Interaction)","Source operation: interaction.followup.send, interaction.response.defer, interaction.response.send_message, self.setup_view.allowed, self.setup_view.has_pending_resources, self.setup_view.message.edit, self.setup_view.render, str",source-body operation summary; detailed domain mapping belongs to mapper handoff,source-reviewed: no additional defect identified in inspected body; offline/live limits remain,"[""Body read in current working snapshot at lines 93-114"", ""Current source body inspection across consecutive and overlapping ranges""]",[],"[""Live Discord/API behavior unverified"", ""Live Discord interaction, API limits/rate behavior and guild permission propagation not exercised""]"
cogs/_setup_view.py,DefaultRoleSelect.__init__,118,127,"def __init__(self, view: 'SetupView')",Initializes object state; source writes: self.setup_view,source-body operation summary; detailed domain mapping belongs to mapper handoff,source-reviewed: no additional defect identified in inspected body; offline/live limits remain,"[""Body read in current working snapshot at lines 118-127"", ""Current source body inspection across consecutive and overlapping ranges""]",[],"[""Live Discord interaction, API limits/rate behavior and guild permission propagation not exercised""]"
cogs/_setup_view.py,DefaultRoleSelect.callback,129,144,"async def callback(self, interaction: discord.Interaction)","Source operation: interaction.response.edit_message, interaction.response.send_message, isinstance, role.is_default, view.allowed, view.guild.get_role, view.has_pending_resources, view.render",source-body operation summary; detailed domain mapping belongs to mapper handoff,source-reviewed: no additional defect identified in inspected body; offline/live limits remain,"[""Body read in current working snapshot at lines 129-144"", ""Current source body inspection across consecutive and overlapping ranges""]",[],"[""Live Discord/API behavior unverified"", ""Live Discord interaction, API limits/rate behavior and guild permission propagation not exercised""]"
cogs/_setup_view.py,NewDefaultRoleModal.__init__,148,154,"def __init__(self, view: 'SetupView')","Initializes object state; source writes: self.name, self.setup_view",source-body operation summary; detailed domain mapping belongs to mapper handoff,source-reviewed: no additional defect identified in inspected body; offline/live limits remain,"[""Body read in current working snapshot at lines 148-154"", ""Current source body inspection across consecutive and overlapping ranges""]",[],"[""Live Discord interaction, API limits/rate behavior and guild permission propagation not exercised""]"
cogs/_setup_view.py,NewDefaultRoleModal.on_submit,156,172,"async def on_submit(self, interaction: discord.Interaction)","Source operation: interaction.followup.send, interaction.response.defer, interaction.response.send_message, str, str(self.name.value).strip, view.allowed, view.has_pending_resources, view.message.edit",source-body operation summary; detailed domain mapping belongs to mapper handoff,source-reviewed: no additional defect identified in inspected body; offline/live limits remain,"[""Body read in current working snapshot at lines 156-172"", ""Current source body inspection across consecutive and overlapping ranges""]",[],"[""Live Discord/API behavior unverified"", ""Live Discord interaction, API limits/rate behavior and guild permission propagation not exercised""]"
cogs/_setup_view.py,DurationModal.__init__,176,186,"def __init__(self, view: 'SetupView')","Initializes object state; source writes: self.group_duration, self.pomodoro_duration, self.setup_view",source-body operation summary; detailed domain mapping belongs to mapper handoff,source-reviewed: no additional defect identified in inspected body; offline/live limits remain,"[""Body read in current working snapshot at lines 176-186"", ""Current source body inspection across consecutive and overlapping ranges""]",[],"[""Live Discord interaction, API limits/rate behavior and guild permission propagation not exercised""]"
cogs/_setup_view.py,DurationModal.on_submit,188,213,"async def on_submit(self, interaction: discord.Interaction)","Source operation: datetime.now, interaction.followup.send, interaction.response.defer, interaction.response.send_message, max, parse_duration, self.setup_view.allowed, self.setup_view.message.edit",source-body operation summary; detailed domain mapping belongs to mapper handoff,source-reviewed: no additional defect identified in inspected body; offline/live limits remain,"[""Body read in current working snapshot at lines 188-213"", ""Current source body inspection across consecutive and overlapping ranges""]",[],"[""Live Discord/API behavior unverified"", ""Live Discord interaction, API limits/rate behavior and guild permission propagation not exercised""]"
cogs/_setup_view.py,SetupView.__init__,217,281,"def __init__(self, manager: 'Manager', guild: discord.Guild, owner_id: int, category_id: int | None, commands_channel_id: int | None, max_members: int, log_channel_id: int | None=None, group_duration: int=DEFAULT_SESSION_DURATION, pomodoro_duration: int=DEFAULT_SESSION_DURATION, default_vc_id: int | None=None, default_role_id: int | None=None)","Initializes object state; source writes: child.disabled, self.category_id, self.commands_channel_id, self.created_category_id, self.created_channel_id, self.created_log_channel_id, self.created_role_id, self.created_vc_id",source-body operation summary; detailed domain mapping belongs to mapper handoff,source-reviewed: no additional defect identified in inspected body; offline/live limits remain,"[""Body read in current working snapshot at lines 217-281"", ""Current source body inspection across consecutive and overlapping ranges""]",[],"[""Live Discord interaction, API limits/rate behavior and guild permission propagation not exercised""]"
cogs/_setup_view.py,SetupView.encode_acl,284,298,def encode_acl(overwrites),"Source operation: ValueError, isinstance, overwrite.pair, overwrites.items, result.append, sorted",source-body operation summary; detailed domain mapping belongs to mapper handoff,source-reviewed: no additional defect identified in inspected body; offline/live limits remain,"[""Body read in current working snapshot at lines 284-298"", ""Current source body inspection across consecutive and overlapping ranges""]",[],"[""Live Discord interaction, API limits/rate behavior and guild permission propagation not exercised""]"
cogs/_setup_view.py,SetupView.decode_acl,300,322,"async def decode_acl(self, entries)","Source operation: discord.PermissionOverwrite.from_pair, discord.Permissions, isinstance, self.guild.fetch_member, self.guild.get_member, self.guild.get_role",source-body operation summary; detailed domain mapping belongs to mapper handoff,source-reviewed: no additional defect identified in inspected body; offline/live limits remain,"[""Body read in current working snapshot at lines 300-322"", ""Current source body inspection across consecutive and overlapping ranges""]",[],"[""Live Discord/API behavior unverified"", ""Live Discord interaction, API limits/rate behavior and guild permission propagation not exercised""]"
cogs/_setup_view.py,SetupView.from_journal,325,384,"async def from_journal(cls, manager: 'Manager', guild: discord.Guild, row: dict[str, Any])","Source operation: ValueError, cls, entry.get, isinstance, len, setattr, state.get, state['mutations'].items",source-body operation summary; detailed domain mapping belongs to mapper handoff,source-reviewed: no additional defect identified in inspected body; offline/live limits remain,"[""Body read in current working snapshot at lines 325-384"", ""Current source body inspection across consecutive and overlapping ranges""]",[],"[""Live Discord/API behavior unverified"", ""Live Discord interaction, API limits/rate behavior and guild permission propagation not exercised""]"
cogs/_setup_view.py,SetupView.desired_settings,386,395,def desired_settings(self),Returns or updates local/object state; source inspected,source-body operation summary; detailed domain mapping belongs to mapper handoff,source-reviewed: no additional defect identified in inspected body; offline/live limits remain,"[""Body read in current working snapshot at lines 386-395"", ""Current source body inspection across consecutive and overlapping ranges""]",[],"[""Live Discord interaction, API limits/rate behavior and guild permission propagation not exercised""]"
cogs/_setup_view.py,SetupView.write_journal,397,402,async def write_journal(self),"Source operation: RuntimeError, self.manager.bot.db.update_setup_recovery_journal",source-body operation summary; detailed domain mapping belongs to mapper handoff,source-reviewed: no additional defect identified in inspected body; offline/live limits remain,"[""Body read in current working snapshot at lines 397-402"", ""Current source body inspection across consecutive and overlapping ranges""]",[],"[""Live Discord/API behavior unverified"", ""Live Discord interaction, API limits/rate behavior and guild permission propagation not exercised""]"
cogs/_setup_view.py,SetupView.prepare_journal,404,422,async def prepare_journal(self),"Source operation: RuntimeError, db.create_setup_recovery_journal, db.get_setup_recovery_journal, isinstance, list, self.desired_settings, self.write_journal, str",source-body operation summary; detailed domain mapping belongs to mapper handoff,source-reviewed: no additional defect identified in inspected body; offline/live limits remain,"[""Body read in current working snapshot at lines 404-422"", ""Current source body inspection across consecutive and overlapping ranges""]",[],"[""Live Discord/API behavior unverified"", ""Live Discord interaction, API limits/rate behavior and guild permission propagation not exercised""]"
cogs/_setup_view.py,SetupView.recovery_intent,424,427,"async def recovery_intent(self, key: str)",Source operation: self.write_journal,source-body operation summary; detailed domain mapping belongs to mapper handoff,source-reviewed: no additional defect identified in inspected body; offline/live limits remain,"[""Body read in current working snapshot at lines 424-427"", ""Current source body inspection across consecutive and overlapping ranges""]",[],"[""Live Discord/API behavior unverified"", ""Live Discord interaction, API limits/rate behavior and guild permission propagation not exercised""]"
cogs/_setup_view.py,SetupView.recovery_finished,429,432,"async def recovery_finished(self, key: str)",Source operation: self.write_journal,source-body operation summary; detailed domain mapping belongs to mapper handoff,source-reviewed: no additional defect identified in inspected body; offline/live limits remain,"[""Body read in current working snapshot at lines 429-432"", ""Current source body inspection across consecutive and overlapping ranges""]",[],"[""Live Discord/API behavior unverified"", ""Live Discord interaction, API limits/rate behavior and guild permission propagation not exercised""]"
cogs/_setup_view.py,SetupView.identify_created_intents,434,462,async def identify_created_intents(self),"Source operation: entry.get, len, matches.append, self.guild.audit_logs, self.journal_state['mutations'].items, self.write_journal, setattr",source-body operation summary; detailed domain mapping belongs to mapper handoff,source-reviewed: no additional defect identified in inspected body; offline/live limits remain,"[""Body read in current working snapshot at lines 434-462"", ""Current source body inspection across consecutive and overlapping ranges""]",[],"[""Live Discord/API behavior unverified"", ""Live Discord interaction, API limits/rate behavior and guild permission propagation not exercised""]"
cogs/_setup_view.py,SetupView.provision_channel,464,551,"async def provision_channel(self, key: str, channel_id: int | None, category, name: str)","Source operation: RuntimeError, ValueError, channel.edit, channel.overwrites.copy, getattr, isinstance, log_overwrites, self.encode_acl",source-body operation summary; detailed domain mapping belongs to mapper handoff,source-reviewed: no additional defect identified in inspected body; offline/live limits remain,"[""Body read in current working snapshot at lines 464-551"", ""Current source body inspection across consecutive and overlapping ranges""]",[],"[""Live Discord/API behavior unverified"", ""Live Discord interaction, API limits/rate behavior and guild permission propagation not exercised""]"
cogs/_setup_view.py,SetupView.provision_default_role,553,584,async def provision_default_role(self),"Source operation: RuntimeError, ValueError, discord.Permissions.none, discord.utils.get, entry.get, entry.update, isinstance, role.is_default",source-body operation summary; detailed domain mapping belongs to mapper handoff,source-reviewed: no additional defect identified in inspected body; offline/live limits remain,"[""Body read in current working snapshot at lines 553-584"", ""Current source body inspection across consecutive and overlapping ranges""]",[],"[""Live Discord/API behavior unverified"", ""Live Discord interaction, API limits/rate behavior and guild permission propagation not exercised""]"
cogs/_setup_view.py,SetupView.render,586,661,def render(self),"Source operation: discord.Color.blue, discord.Embed, embed.add_field, embed.set_footer, isinstance, parse_seconds_to_hms, self.guild.get_channel, self.has_pending_resources",source-body operation summary; detailed domain mapping belongs to mapper handoff,source-reviewed: no additional defect identified in inspected body; offline/live limits remain,"[""Body read in current working snapshot at lines 586-661"", ""Current source body inspection across consecutive and overlapping ranges""]",[],"[""Live Discord interaction, API limits/rate behavior and guild permission propagation not exercised""]"
cogs/_setup_view.py,SetupView.disable_controls,663,666,def disable_controls(self),Source operation: isinstance,source-body operation summary; detailed domain mapping belongs to mapper handoff,source-reviewed: no additional defect identified in inspected body; offline/live limits remain,"[""Body read in current working snapshot at lines 663-666"", ""Current source body inspection across consecutive and overlapping ranges""]",[],"[""Live Discord interaction, API limits/rate behavior and guild permission propagation not exercised""]"
cogs/_setup_view.py,SetupView.has_pending_resources,668,687,def has_pending_resources(self),"Source operation: any, self.journal_state['mutations'].values",source-body operation summary; detailed domain mapping belongs to mapper handoff,source-reviewed: no additional defect identified in inspected body; offline/live limits remain,"[""Body read in current working snapshot at lines 668-687"", ""Current source body inspection across consecutive and overlapping ranges""]",[],"[""Live Discord interaction, API limits/rate behavior and guild permission propagation not exercised""]"
cogs/_setup_view.py,SetupView.allowed,689,710,"async def allowed(self, interaction: discord.Interaction)","Source operation: interaction.response.send_message, isinstance, self.manager._setup_views.get, self.manager.get_permission_level",source-body operation summary; detailed domain mapping belongs to mapper handoff,source-reviewed: no additional defect identified in inspected body; offline/live limits remain,"[""Body read in current working snapshot at lines 689-710"", ""Current source body inspection across consecutive and overlapping ranges""]",[],"[""Live Discord/API behavior unverified"", ""Live Discord interaction, API limits/rate behavior and guild permission propagation not exercised""]"
cogs/_setup_view.py,SetupView.interaction_check,712,713,"async def interaction_check(self, interaction: discord.Interaction)",Source operation: self.allowed,source-body operation summary; detailed domain mapping belongs to mapper handoff,source-reviewed: no additional defect identified in inspected body; offline/live limits remain,"[""Body read in current working snapshot at lines 712-713"", ""Current source body inspection across consecutive and overlapping ranges""]",[],"[""Live Discord/API behavior unverified"", ""Live Discord interaction, API limits/rate behavior and guild permission propagation not exercised""]"
cogs/_setup_view.py,SetupView.create_category,716,726,"async def create_category(self, interaction: discord.Interaction, button: discord.ui.Button)","Source operation: NewCategoryModal, discord.ui.button, interaction.response.send_message, interaction.response.send_modal, self.has_pending_resources",source-body operation summary; detailed domain mapping belongs to mapper handoff,source-reviewed: no additional defect identified in inspected body; offline/live limits remain,"[""Body read in current working snapshot at lines 716-726"", ""Current source body inspection across consecutive and overlapping ranges""]",[],"[""Live Discord/API behavior unverified"", ""Live Discord interaction, API limits/rate behavior and guild permission propagation not exercised""]"
cogs/_setup_view.py,SetupView.edit_lifetimes,729,733,"async def edit_lifetimes(self, interaction: discord.Interaction, button: discord.ui.Button)","Source operation: DurationModal, discord.ui.button, interaction.response.send_message, interaction.response.send_modal",source-body operation summary; detailed domain mapping belongs to mapper handoff,source-reviewed: no additional defect identified in inspected body; offline/live limits remain,"[""Body read in current working snapshot at lines 729-733"", ""Current source body inspection across consecutive and overlapping ranges""]",[],"[""Live Discord/API behavior unverified"", ""Live Discord interaction, API limits/rate behavior and guild permission propagation not exercised""]"
cogs/_setup_view.py,SetupView.save,736,744,"async def save(self, interaction: discord.Interaction, button: discord.ui.Button)","Source operation: discord.ui.button, interaction.response.send_message, self._save_locked",source-body operation summary; detailed domain mapping belongs to mapper handoff,source-reviewed: no additional defect identified in inspected body; offline/live limits remain,"[""Body read in current working snapshot at lines 736-744"", ""Current source body inspection across consecutive and overlapping ranges""]",[],"[""Live Discord/API behavior unverified"", ""Live Discord interaction, API limits/rate behavior and guild permission propagation not exercised""]"
cogs/_setup_view.py,SetupView.create_access_role,747,751,"async def create_access_role(self, interaction: discord.Interaction, button: discord.ui.Button)","Source operation: NewDefaultRoleModal, discord.ui.button, interaction.response.send_message, interaction.response.send_modal, self.has_pending_resources",source-body operation summary; detailed domain mapping belongs to mapper handoff,source-reviewed: no additional defect identified in inspected body; offline/live limits remain,"[""Body read in current working snapshot at lines 747-751"", ""Current source body inspection across consecutive and overlapping ranges""]",[],"[""Live Discord/API behavior unverified"", ""Live Discord interaction, API limits/rate behavior and guild permission propagation not exercised""]"
cogs/_setup_view.py,SetupView._save_locked,753,953,"async def _save_locked(self, interaction: discord.Interaction)","Source operation: all, asyncio.Lock, category.permissions_for, channel.permissions_for, db.delete_setup_recovery_journal, db.get_commands_channel, db.get_default_group_duration, db.get_default_max_members",source-body operation summary; detailed domain mapping belongs to mapper handoff,source-reviewed: no additional defect identified in inspected body; offline/live limits remain,"[""Body read in current working snapshot at lines 753-953"", ""Current source body inspection across consecutive and overlapping ranges""]",[],"[""Live Discord/API behavior unverified"", ""Live Discord interaction, API limits/rate behavior and guild permission propagation not exercised""]"
cogs/_setup_view.py,SetupView.recover,956,975,"async def recover(self, interaction: discord.Interaction, button: discord.ui.Button)","Source operation: discord.ui.button, interaction.followup.send, interaction.response.defer, interaction.response.send_message, self.format_recovery_summary, self.has_pending_resources, self.message.edit, self.recover_retained_resources",source-body operation summary; detailed domain mapping belongs to mapper handoff,source-reviewed: no additional defect identified in inspected body; offline/live limits remain,"[""Body read in current working snapshot at lines 956-975"", ""Current source body inspection across consecutive and overlapping ranges""]",[],"[""Live Discord/API behavior unverified"", ""Live Discord interaction, API limits/rate behavior and guild permission propagation not exercised""]"
cogs/_setup_view.py,SetupView.cancel,978,989,"async def cancel(self, interaction: discord.Interaction, button: discord.ui.Button)","Source operation: discord.ui.button, interaction.response.edit_message, interaction.response.send_message, self.disable_controls, self.has_pending_resources, self.manager._setup_views.pop, self.retained_resources, self.stop",source-body operation summary; detailed domain mapping belongs to mapper handoff,source-reviewed: no additional defect identified in inspected body; offline/live limits remain,"[""Body read in current working snapshot at lines 978-989"", ""Current source body inspection across consecutive and overlapping ranges""]",[],"[""Live Discord/API behavior unverified"", ""Live Discord interaction, API limits/rate behavior and guild permission propagation not exercised""]"
cogs/_setup_view.py,SetupView.on_timeout,991,1006,async def on_timeout(self),"Source operation: asyncio.Lock, self.disable_controls, self.has_pending_resources, self.manager._setup_locks.setdefault, self.manager._setup_views.get, self.manager._setup_views.pop, self.message.edit, self.retained_resources",source-body operation summary; detailed domain mapping belongs to mapper handoff,source-reviewed: no additional defect identified in inspected body; offline/live limits remain,"[""Body read in current working snapshot at lines 991-1006"", ""Current source body inspection across consecutive and overlapping ranges""]",[],"[""Live Discord/API behavior unverified"", ""Live Discord interaction, API limits/rate behavior and guild permission propagation not exercised""]"
cogs/_setup_view.py,SetupView.recover_retained_resources,1008,1010,"async def recover_retained_resources(self, interaction: discord.Interaction | None=None)","Source operation: asyncio.Lock, self._recover_retained_resources_locked, self.manager._setup_locks.setdefault",source-body operation summary; detailed domain mapping belongs to mapper handoff,source-reviewed: no additional defect identified in inspected body; offline/live limits remain,"[""Body read in current working snapshot at lines 1008-1010"", ""Current source body inspection across consecutive and overlapping ranges""]",[],"[""Live Discord/API behavior unverified"", ""Live Discord interaction, API limits/rate behavior and guild permission propagation not exercised""]"
cogs/_setup_view.py,SetupView._recovery_ownership,1012,1035,async def _recovery_ownership(self),"Source operation: RuntimeError, db.get_all_study_groups, db.get_commands_channel, db.get_default_group_duration, db.get_default_max_members, db.get_default_pomodoro_duration, db.get_default_vc, db.get_group_category",source-body operation summary; detailed domain mapping belongs to mapper handoff,source-reviewed: no additional defect identified in inspected body; offline/live limits remain,"[""Body read in current working snapshot at lines 1012-1035"", ""Current source body inspection across consecutive and overlapping ranges""]",[],"[""Live Discord/API behavior unverified"", ""Live Discord interaction, API limits/rate behavior and guild permission propagation not exercised""]"
cogs/_setup_view.py,SetupView._may_recover_resource,1037,1042,"async def _may_recover_resource(self, channel_id: int, *, restoring: bool=False)",Source operation: self._recovery_ownership,source-body operation summary; detailed domain mapping belongs to mapper handoff,source-reviewed: no additional defect identified in inspected body; offline/live limits remain,"[""Body read in current working snapshot at lines 1037-1042"", ""Current source body inspection across consecutive and overlapping ranges""]",[],"[""Live Discord/API behavior unverified"", ""Live Discord interaction, API limits/rate behavior and guild permission propagation not exercised""]"
cogs/_setup_view.py,SetupView._recover_retained_resources_locked,1044,1253,"async def _recover_retained_resources_locked(self, interaction: discord.Interaction | None=None)","Source operation: RuntimeError, any, channel.delete, channel.edit, db.delete_setup_recovery_journal, db.get_default_role, db.get_study_group_by_channel, deleted.append",source-body operation summary; detailed domain mapping belongs to mapper handoff,source-reviewed: no additional defect identified in inspected body; offline/live limits remain,"[""Body read in current working snapshot at lines 1044-1253"", ""Current source body inspection across consecutive and overlapping ranges""]",[],"[""Live Discord/API behavior unverified"", ""Live Discord interaction, API limits/rate behavior and guild permission propagation not exercised""]"
cogs/_setup_view.py,SetupView.format_recovery_summary,1255,1279,"def format_recovery_summary(self, results: dict[str, Any])","Source operation: '; '.join, any, entry.get, len, parts.append, results.get, self.journal_state['mutations'].values",source-body operation summary; detailed domain mapping belongs to mapper handoff,source-reviewed: no additional defect identified in inspected body; offline/live limits remain,"[""Body read in current working snapshot at lines 1255-1279"", ""Current source body inspection across consecutive and overlapping ranges""]",[],"[""Live Discord interaction, API limits/rate behavior and guild permission propagation not exercised""]"
cogs/_setup_view.py,SetupView.on_error,1281,1297,"async def on_error(self, interaction: discord.Interaction, error: Exception, item: discord.ui.Item['SetupView'])","Source operation: interaction.followup.send, interaction.response.is_done, interaction.response.send_message",source-body operation summary; detailed domain mapping belongs to mapper handoff,source-reviewed: no additional defect identified in inspected body; offline/live limits remain,"[""Body read in current working snapshot at lines 1281-1297"", ""Current source body inspection across consecutive and overlapping ranges""]",[],"[""Live Discord/API behavior unverified"", ""Live Discord interaction, API limits/rate behavior and guild permission propagation not exercised""]"
cogs/_setup_view.py,SetupView.retained_resources,1299,1348,def retained_resources(self),"Source operation: any, entry.get, self.journal_state['mutations'].values",source-body operation summary; detailed domain mapping belongs to mapper handoff,source-reviewed: no additional defect identified in inspected body; offline/live limits remain,"[""Body read in current working snapshot at lines 1299-1348"", ""Current source body inspection across consecutive and overlapping ranges""]",[],"[""Live Discord interaction, API limits/rate behavior and guild permission propagation not exercised""]"
cogs/_staff_roles.py,_staff_lock,37,39,"def _staff_lock(bot: Any, guild_id: int)","Source operation: asyncio.Lock, bot.__dict__.setdefault, locks.setdefault",source-body operation summary; detailed domain mapping belongs to mapper handoff,source-reviewed: no additional defect identified in inspected body; offline/live limits remain,"[""Body read in current working snapshot at lines 37-39"", ""Current source body inspection""]",[],"[""Live Discord interaction, API limits/rate behavior and guild permission propagation not exercised""]"
cogs/_staff_roles.py,log_overwrites,46,80,"async def log_overwrites(bot: Any, guild: discord.Guild, overwrites: Any, *, staff: bool=True)","Source operation: StaffRoleSyncError, access.update, bot.db.get_all_managers, bot_access.update, default.update, discord.PermissionOverwrite, discord.PermissionOverwrite.from_pair, existing.pair",source-body operation summary; detailed domain mapping belongs to mapper handoff,source-reviewed: no additional defect identified in inspected body; offline/live limits remain,"[""Body read in current working snapshot at lines 46-80"", ""Current source body inspection""]",[],"[""Live Discord/API behavior unverified"", ""Live Discord interaction, API limits/rate behavior and guild permission propagation not exercised""]"
cogs/_staff_roles.py,sync_log_privacy,83,85,"async def sync_log_privacy(bot: Any, guild: discord.Guild, *, staff: bool=True)","Source operation: _staff_lock, _sync_log_privacy_locked",source-body operation summary; detailed domain mapping belongs to mapper handoff,source-reviewed: no additional defect identified in inspected body; offline/live limits remain,"[""Body read in current working snapshot at lines 83-85"", ""Current source body inspection""]",[],"[""Live Discord/API behavior unverified"", ""Live Discord interaction, API limits/rate behavior and guild permission propagation not exercised""]"
cogs/_staff_roles.py,_sync_log_privacy_locked,88,101,"async def _sync_log_privacy_locked(bot: Any, guild: discord.Guild, *, staff: bool)","Source operation: StaffRoleSyncError, bot.db.get_mod_log_channel, bot.fetch_channel, channel.edit, guild.get_channel, isinstance, log_overwrites",source-body operation summary; detailed domain mapping belongs to mapper handoff,source-reviewed: no additional defect identified in inspected body; offline/live limits remain,"[""Body read in current working snapshot at lines 88-101"", ""Current source body inspection""]",[],"[""Live Discord/API behavior unverified"", ""Live Discord interaction, API limits/rate behavior and guild permission propagation not exercised""]"
cogs/_staff_roles.py,_member_in_guild,104,105,"def _member_in_guild(member: discord.Member | None, guild: discord.Guild)",Returns or updates local/object state; source inspected,source-body operation summary; detailed domain mapping belongs to mapper handoff,source-reviewed: no additional defect identified in inspected body; offline/live limits remain,"[""Body read in current working snapshot at lines 104-105"", ""Current source body inspection""]",[],"[""Live Discord interaction, API limits/rate behavior and guild permission propagation not exercised""]"
cogs/_staff_roles.py,_overwrite,108,114,"def _overwrite(channel: Any, role: discord.Role, *, developer: bool)","Source operation: channel.overwrites_for, setattr",source-body operation summary; detailed domain mapping belongs to mapper handoff,source-reviewed: no additional defect identified in inspected body; offline/live limits remain,"[""Body read in current working snapshot at lines 108-114"", ""Current source body inspection""]",[],"[""Live Discord interaction, API limits/rate behavior and guild permission propagation not exercised""]"
cogs/_staff_roles.py,_ensure_role,117,128,"async def _ensure_role(guild: discord.Guild, name: str)","Source operation: discord.Permissions.none, discord.utils.get, guild.create_role, role.edit",source-body operation summary; detailed domain mapping belongs to mapper handoff,source-reviewed: no additional defect identified in inspected body; offline/live limits remain,"[""Body read in current working snapshot at lines 117-128"", ""Current source body inspection""]",[],"[""Live Discord/API behavior unverified"", ""Live Discord interaction, API limits/rate behavior and guild permission propagation not exercised""]"
cogs/_staff_roles.py,sync_staff_roles,131,266,"async def sync_staff_roles(bot: Any, guild: discord.Guild, category: discord.CategoryChannel)","Source operation: ', '.join, StaffRoleSyncError, _ensure_role, _member_in_guild, _overwrite, _staff_lock, _sync_log_privacy_locked, bot.db.get_all_managers",source-body operation summary; detailed domain mapping belongs to mapper handoff,source-reviewed: no additional defect identified in inspected body; offline/live limits remain,"[""Body read in current working snapshot at lines 131-266"", ""Current source body inspection""]",[],"[""Live Discord/API behavior unverified"", ""Live Discord interaction, API limits/rate behavior and guild permission propagation not exercised""]"
cogs/_voice_relocation.py,relocate_to_default_vc,11,72,"async def relocate_to_default_vc(member: discord.Member, db, source_id: int, group_id: str)","Source operation: db.get_default_vc, destination.permissions_for, guild.get_channel, isinstance, len, member.move_to, member.send, member.voice.channel.permissions_for",source-body operation summary; detailed domain mapping belongs to mapper handoff,source-reviewed: no additional defect identified in inspected body; offline/live limits remain,"[""Body read in current working snapshot at lines 11-72"", ""Current source body inspection""]",[],"[""Live Discord/API behavior unverified"", ""Live Discord interaction, API limits/rate behavior and guild permission propagation not exercised""]"
cogs/checkin.py,CheckinInvitationView.__init__,58,63,"def __init__(self, session: 'CheckinSession', invitee_id: int)","Initializes object state; source writes: self.invitee_id, self.session, self.target_member",source-body operation summary; detailed domain mapping belongs to mapper handoff,source-reviewed: no additional defect identified in inspected body; offline/live limits remain,"[""Body read in current working snapshot at lines 58-63"", ""Current source body inspection""]",[],"[""Live Discord interaction, API limits/rate behavior and guild permission propagation not exercised""]"
cogs/checkin.py,CheckinInvitationView.interaction_check,65,69,"async def interaction_check(self, interaction: discord.Interaction)",Source operation: interaction.response.send_message,source-body operation summary; detailed domain mapping belongs to mapper handoff,source-reviewed: no additional defect identified in inspected body; offline/live limits remain,"[""Body read in current working snapshot at lines 65-69"", ""Current source body inspection""]",[],"[""Live Discord/API behavior unverified"", ""Live Discord interaction, API limits/rate behavior and guild permission propagation not exercised""]"
cogs/checkin.py,CheckinInvitationView.join,72,78,"async def join(self, interaction: discord.Interaction, button: Button[Any])","Source operation: discord.ui.button, interaction.response.send_message, self.session.join_session_callback, self.stop",source-body operation summary; detailed domain mapping belongs to mapper handoff,source-reviewed: no additional defect identified in inspected body; offline/live limits remain,"[""Body read in current working snapshot at lines 72-78"", ""Current source body inspection""]",[],"[""Live Discord/API behavior unverified"", ""Live Discord interaction, API limits/rate behavior and guild permission propagation not exercised""]"
cogs/checkin.py,CheckinInvitationView.decline,81,86,"async def decline(self, interaction: discord.Interaction, button: Button[Any])","Source operation: discord.ui.button, interaction.response.send_message, self.stop",source-body operation summary; detailed domain mapping belongs to mapper handoff,source-reviewed: no additional defect identified in inspected body; offline/live limits remain,"[""Body read in current working snapshot at lines 81-86"", ""Current source body inspection""]",[],"[""Live Discord/API behavior unverified"", ""Live Discord interaction, API limits/rate behavior and guild permission propagation not exercised""]"
cogs/checkin.py,CheckinGuildSettings.__init__,91,114,"def __init__(self, interaction: Optional[discord.Interaction]=None, max_members: int=10, min_duration: int=120, max_duration: int=14400, max_absences: int=3, max_breaks: int=3, max_user_sessions: int=5, permission_mode: str='ALLOW')","Initializes object state; source writes: self.blacklist_channels, self.blacklist_roles, self.guild_id, self.max_absences, self.max_breaks, self.max_duration, self.max_members, self.max_user_sessions",source-body operation summary; detailed domain mapping belongs to mapper handoff,source-reviewed: no additional defect identified in inspected body; offline/live limits remain,"[""Body read in current working snapshot at lines 91-114"", ""Current source body inspection""]",[],"[""Live Discord interaction, API limits/rate behavior and guild permission propagation not exercised""]"
cogs/checkin.py,CheckinGuildSettings.state,116,135,def state(self),Source operation: getattr,source-body operation summary; detailed domain mapping belongs to mapper handoff,source-reviewed: no additional defect identified in inspected body; offline/live limits remain,"[""Body read in current working snapshot at lines 116-135"", ""Current source body inspection""]",[],"[""Live Discord interaction, API limits/rate behavior and guild permission propagation not exercised""]"
cogs/checkin.py,CheckinGuildSettings.from_state,138,144,"def from_state(cls, guild_id: int, state: dict[str, Any])","Source operation: DBHandler.validate_checkin_settings, DBHandler.validate_checkin_settings(state).items, cls, setattr",source-body operation summary; detailed domain mapping belongs to mapper handoff,source-reviewed: no additional defect identified in inspected body; offline/live limits remain,"[""Body read in current working snapshot at lines 138-144"", ""Current source body inspection""]",[],"[""Live Discord interaction, API limits/rate behavior and guild permission propagation not exercised""]"
cogs/checkin.py,CheckinGuildSettings.has_permission,146,164,"def has_permission(self, user_id: int, channel_id: int, role_ids: List[int])","Source operation: set, set(role_ids).intersection",source-body operation summary; detailed domain mapping belongs to mapper handoff,source-reviewed: no additional defect identified in inspected body; offline/live limits remain,"[""Body read in current working snapshot at lines 146-164"", ""Current source body inspection""]",[],"[""Live Discord interaction, API limits/rate behavior and guild permission propagation not exercised""]"
cogs/checkin.py,CheckinGuildSettings.is_member,170,183,"def is_member(func: Callable[..., Any])","Source operation: func, interaction.response.is_done, interaction.response.send_message, send_response, wraps",source-body operation summary; detailed domain mapping belongs to mapper handoff,source-reviewed: no additional defect identified in inspected body; offline/live limits remain,"[""Body read in current working snapshot at lines 170-183"", ""Current source body inspection""]",[],"[""Live Discord interaction, API limits/rate behavior and guild permission propagation not exercised""]"
cogs/checkin.py,CheckinGuildSettings.is_member.wrapper,174,181,"async def wrapper(session: 'CheckinSession', interaction: discord.Interaction, *args, **kwargs)","Source operation: func, interaction.response.is_done, interaction.response.send_message, send_response, wraps",source-body operation summary; detailed domain mapping belongs to mapper handoff,source-reviewed: no additional defect identified in inspected body; offline/live limits remain,"[""Body read in current working snapshot at lines 174-181"", ""Current source body inspection""]",[],"[""Live Discord/API behavior unverified"", ""Live Discord interaction, API limits/rate behavior and guild permission propagation not exercised""]"
cogs/checkin.py,CheckinGuildSettings.check_member_limit,187,205,"def check_member_limit(func: Callable[..., Any])","Source operation: func, interaction.response.send_message, len, wraps",source-body operation summary; detailed domain mapping belongs to mapper handoff,source-reviewed: no additional defect identified in inspected body; offline/live limits remain,"[""Body read in current working snapshot at lines 187-205"", ""Current source body inspection""]",[],"[""Live Discord interaction, API limits/rate behavior and guild permission propagation not exercised""]"
cogs/checkin.py,CheckinGuildSettings.check_member_limit.wrapper,191,203,"async def wrapper(session: 'CheckinSession', interaction: discord.Interaction, *args: Any, **kwargs: Any)","Source operation: func, interaction.response.send_message, len, wraps",source-body operation summary; detailed domain mapping belongs to mapper handoff,source-reviewed: no additional defect identified in inspected body; offline/live limits remain,"[""Body read in current working snapshot at lines 191-203"", ""Current source body inspection""]",[],"[""Live Discord/API behavior unverified"", ""Live Discord interaction, API limits/rate behavior and guild permission propagation not exercised""]"
cogs/checkin.py,CheckinGuildSettings.check_absence_limit,209,221,"def check_absence_limit(func: Callable[..., Any])","Source operation: func, member_status.get, session.member_statuses.get, wraps",source-body operation summary; detailed domain mapping belongs to mapper handoff,source-reviewed: no additional defect identified in inspected body; offline/live limits remain,"[""Body read in current working snapshot at lines 209-221"", ""Current source body inspection""]",[],"[""Live Discord interaction, API limits/rate behavior and guild permission propagation not exercised""]"
cogs/checkin.py,CheckinGuildSettings.check_absence_limit.wrapper,213,219,"async def wrapper(session: 'CheckinSession', member_id: int, *args: Any, **kwargs: Any)","Source operation: func, member_status.get, session.member_statuses.get, wraps",source-body operation summary; detailed domain mapping belongs to mapper handoff,source-reviewed: no additional defect identified in inspected body; offline/live limits remain,"[""Body read in current working snapshot at lines 213-219"", ""Current source body inspection""]",[],"[""Live Discord/API behavior unverified"", ""Live Discord interaction, API limits/rate behavior and guild permission propagation not exercised""]"
cogs/checkin.py,CheckinGuildSettings.check_break_limit,225,236,"def check_break_limit(func: Callable[..., Any])","Source operation: func, member_status.get, session.member_statuses.get, wraps",source-body operation summary; detailed domain mapping belongs to mapper handoff,source-reviewed: no additional defect identified in inspected body; offline/live limits remain,"[""Body read in current working snapshot at lines 225-236"", ""Current source body inspection""]",[],"[""Live Discord interaction, API limits/rate behavior and guild permission propagation not exercised""]"
cogs/checkin.py,CheckinGuildSettings.check_break_limit.wrapper,229,234,"async def wrapper(session: 'CheckinSession', member_id: int, *args: Any, **kwargs: Any)","Source operation: func, member_status.get, session.member_statuses.get, wraps",source-body operation summary; detailed domain mapping belongs to mapper handoff,source-reviewed: no additional defect identified in inspected body; offline/live limits remain,"[""Body read in current working snapshot at lines 229-234"", ""Current source body inspection""]",[],"[""Live Discord/API behavior unverified"", ""Live Discord interaction, API limits/rate behavior and guild permission propagation not exercised""]"
cogs/checkin.py,CheckinGuildSettings.is_owner,240,261,"def is_owner(func: Callable[..., Any])","Source operation: check_manager, func, interaction.response.is_done, interaction.response.send_message, send_response, wraps",source-body operation summary; detailed domain mapping belongs to mapper handoff,source-reviewed: no additional defect identified in inspected body; offline/live limits remain,"[""Body read in current working snapshot at lines 240-261"", ""Current source body inspection""]",[],"[""Live Discord interaction, API limits/rate behavior and guild permission propagation not exercised""]"
cogs/checkin.py,CheckinGuildSettings.is_owner.wrapper,244,259,"async def wrapper(session: 'CheckinSession', interaction: discord.Interaction, *args, **kwargs)","Source operation: check_manager, func, interaction.response.is_done, interaction.response.send_message, send_response, wraps",source-body operation summary; detailed domain mapping belongs to mapper handoff,source-reviewed: no additional defect identified in inspected body; offline/live limits remain,"[""Body read in current working snapshot at lines 244-259"", ""Current source body inspection""]",[],"[""Live Discord/API behavior unverified"", ""Live Discord interaction, API limits/rate behavior and guild permission propagation not exercised""]"
cogs/checkin.py,CheckinGuildSettings.checkin_command_permissions,265,315,"def checkin_command_permissions(func: Callable[..., Any])","Source operation: acknowledge_interaction, cog._get_guild_settings, func, getattr, guild_settings.has_permission, interaction.response.is_done, interaction.response.send_message, isinstance",source-body operation summary; detailed domain mapping belongs to mapper handoff,source-reviewed: no additional defect identified in inspected body; offline/live limits remain,"[""Body read in current working snapshot at lines 265-315"", ""Current source body inspection""]",[],"[""Live Discord interaction, API limits/rate behavior and guild permission propagation not exercised""]"
cogs/checkin.py,CheckinGuildSettings.checkin_command_permissions.wrapper,269,313,"async def wrapper(cog: 'CheckinCog', interaction: discord.Interaction, *args, **kwargs)","Source operation: acknowledge_interaction, cog._get_guild_settings, func, getattr, guild_settings.has_permission, interaction.response.is_done, interaction.response.send_message, isinstance",source-body operation summary; detailed domain mapping belongs to mapper handoff,source-reviewed: no additional defect identified in inspected body; offline/live limits remain,"[""Body read in current working snapshot at lines 269-313"", ""Current source body inspection""]",[],"[""Live Discord/API behavior unverified"", ""Live Discord interaction, API limits/rate behavior and guild permission propagation not exercised""]"
cogs/checkin.py,CheckinGuildSettings.check_user_groups,319,360,"def check_user_groups(func: Callable[..., Any])","Source operation: acknowledge_interaction, cog._get_guild_settings, cog.active_sessions.values, func, interaction.response.is_done, interaction.response.send_message, send_response, sum",source-body operation summary; detailed domain mapping belongs to mapper handoff,source-reviewed: no additional defect identified in inspected body; offline/live limits remain,"[""Body read in current working snapshot at lines 319-360"", ""Current source body inspection""]",[],"[""Live Discord interaction, API limits/rate behavior and guild permission propagation not exercised""]"
cogs/checkin.py,CheckinGuildSettings.check_user_groups.wrapper,323,358,"async def wrapper(cog: 'CheckinCog', interaction: discord.Interaction, *args, **kwargs)","Source operation: acknowledge_interaction, cog._get_guild_settings, cog.active_sessions.values, func, interaction.response.is_done, interaction.response.send_message, send_response, sum",source-body operation summary; detailed domain mapping belongs to mapper handoff,source-reviewed: no additional defect identified in inspected body; offline/live limits remain,"[""Body read in current working snapshot at lines 323-358"", ""Current source body inspection""]",[],"[""Live Discord/API behavior unverified"", ""Live Discord interaction, API limits/rate behavior and guild permission propagation not exercised""]"
cogs/checkin.py,CheckinSession.__init__,468,513,"def __init__(self, db: DBHandler, cog: 'CheckinCog', interaction: Optional[discord.Interaction], name: str, member_ids: List[int], duration: int, settings: CheckinGuildSettings)","Initializes object state; source writes: self.cog, self.creator_id, self.db, self.duration, self.end_session_event, self.guild, self.guild_id, self.join_lock",source-body operation summary; detailed domain mapping belongs to mapper handoff,source-reviewed: no additional defect identified in inspected body; offline/live limits remain,"[""Body read in current working snapshot at lines 468-513"", ""Current source body inspection""]",[],"[""Live Discord interaction, API limits/rate behavior and guild permission propagation not exercised""]"
cogs/checkin.py,CheckinSession.generate_session_id,516,517,def generate_session_id(self),"Source operation: str, uuid.uuid4",source-body operation summary; detailed domain mapping belongs to mapper handoff,source-reviewed: no additional defect identified in inspected body; offline/live limits remain,"[""Body read in current working snapshot at lines 516-517"", ""Current source body inspection""]",[],"[""Live Discord interaction, API limits/rate behavior and guild permission propagation not exercised""]"
cogs/checkin.py,CheckinSession.setup_checkin_resources,520,554,async def setup_checkin_resources(self),"Source operation: self.db.add_or_update_checkin_member, self.db.save_checkin_session, self.member_statuses.items, str",source-body operation summary; detailed domain mapping belongs to mapper handoff,source-reviewed: no additional defect identified in inspected body; offline/live limits remain,"[""Body read in current working snapshot at lines 520-554"", ""Current source body inspection""]",[],"[""Live Discord/API behavior unverified"", ""Live Discord interaction, API limits/rate behavior and guild permission propagation not exercised""]"
cogs/checkin.py,CheckinSession.increment_reminder,559,561,def increment_reminder(self),Returns or updates local/object state; source inspected,source-body operation summary; detailed domain mapping belongs to mapper handoff,source-reviewed: no additional defect identified in inspected body; offline/live limits remain,"[""Body read in current working snapshot at lines 559-561"", ""Current source body inspection""]",[],"[""Live Discord interaction, API limits/rate behavior and guild permission propagation not exercised""]"
cogs/checkin.py,CheckinSession.update_member_statuses,564,616,async def update_member_statuses(self),"Source operation: self.db.add_or_update_checkin_member, self.member_ids.remove, self.member_statuses.items, str",source-body operation summary; detailed domain mapping belongs to mapper handoff,source-reviewed: no additional defect identified in inspected body; offline/live limits remain,"[""Body read in current working snapshot at lines 564-616"", ""Current source body inspection""]",[],"[""Live Discord/API behavior unverified"", ""Live Discord interaction, API limits/rate behavior and guild permission propagation not exercised""]"
cogs/checkin.py,CheckinSession.create_embed,621,745,"def create_embed(self, initial: bool=False)","Source operation: ', '.join, '\n'.join, discord.Color.blue, discord.Color.red, discord.Embed, embed.add_field, embed.set_author, embed.set_footer",source-body operation summary; detailed domain mapping belongs to mapper handoff,source-reviewed: no additional defect identified in inspected body; offline/live limits remain,"[""Body read in current working snapshot at lines 621-745"", ""Current source body inspection""]",[],"[""Live Discord interaction, API limits/rate behavior and guild permission propagation not exercised""]"
cogs/checkin.py,CheckinSession.create_embed.get_mention,630,633,def get_mention(m_id: int),Source operation: self.guild.get_member,source-body operation summary; detailed domain mapping belongs to mapper handoff,source-reviewed: no additional defect identified in inspected body; offline/live limits remain,"[""Body read in current working snapshot at lines 630-633"", ""Current source body inspection""]",[],"[""Live Discord interaction, API limits/rate behavior and guild permission propagation not exercised""]"
cogs/checkin.py,CheckinSession.update_embed,748,759,async def update_embed(self),"Source operation: channel.fetch_message, isinstance, reminder_message.edit, self.create_embed, self.guild.get_channel, str",source-body operation summary; detailed domain mapping belongs to mapper handoff,source-reviewed: no additional defect identified in inspected body; offline/live limits remain,"[""Body read in current working snapshot at lines 748-759"", ""Current source body inspection""]",[],"[""Live Discord/API behavior unverified"", ""Live Discord interaction, API limits/rate behavior and guild permission propagation not exercised""]"
cogs/checkin.py,CheckinSession.disable_previous_buttons,762,781,async def disable_previous_buttons(self),"Source operation: View.from_message, channel.fetch_message, isinstance, last_message.edit, self.guild.get_channel, str",source-body operation summary; detailed domain mapping belongs to mapper handoff,source-reviewed: no additional defect identified in inspected body; offline/live limits remain,"[""Body read in current working snapshot at lines 762-781"", ""Current source body inspection""]",[],"[""Live Discord/API behavior unverified"", ""Live Discord interaction, API limits/rate behavior and guild permission propagation not exercised""]"
cogs/checkin.py,CheckinSession.send_reminder_message,784,826,"async def send_reminder_message(self, initial: bool=False)","Source operation: ', '.join, channel.send, isinstance, ping_mentions.append, self.create_buttons, self.create_embed, self.guild.get_channel, self.guild.get_member",source-body operation summary; detailed domain mapping belongs to mapper handoff,source-reviewed: no additional defect identified in inspected body; offline/live limits remain,"[""Body read in current working snapshot at lines 784-826"", ""Current source body inspection""]",[],"[""Live Discord/API behavior unverified"", ""Live Discord interaction, API limits/rate behavior and guild permission propagation not exercised""]"
cogs/checkin.py,CheckinSession.run_checkin_reminders,829,853,async def run_checkin_reminders(self),"Source operation: asyncio.wait_for, datetime.now, datetime.now().timestamp, self._run_reminder_cycle, self.cog.active_sessions.get, self.end_session_event.is_set, self.end_session_event.wait, str",source-body operation summary; detailed domain mapping belongs to mapper handoff,source-reviewed: no additional defect identified in inspected body; offline/live limits remain,"[""Body read in current working snapshot at lines 829-853"", ""Current source body inspection""]",[],"[""Live Discord/API behavior unverified"", ""Live Discord interaction, API limits/rate behavior and guild permission propagation not exercised""]"
cogs/checkin.py,CheckinSession._run_reminder_cycle,855,891,async def _run_reminder_cycle(self),"Source operation: channel.send, datetime.now, datetime.now().timestamp, discord.Color.red, discord.Embed, isinstance, self.clear_session_data, self.db.update_checkin_session",source-body operation summary; detailed domain mapping belongs to mapper handoff,source-reviewed: no additional defect identified in inspected body; offline/live limits remain,"[""Body read in current working snapshot at lines 855-891"", ""Current source body inspection""]",[],"[""Live Discord/API behavior unverified"", ""Live Discord interaction, API limits/rate behavior and guild permission propagation not exercised""]"
cogs/checkin.py,CheckinSession.create_buttons,896,932,"def create_buttons(self, initial=False)","Source operation: AccessView, Button, str, view.add_item",source-body operation summary; detailed domain mapping belongs to mapper handoff,source-reviewed: no additional defect identified in inspected body; offline/live limits remain,"[""Body read in current working snapshot at lines 896-932"", ""Current source body inspection""]",[],"[""Live Discord interaction, API limits/rate behavior and guild permission propagation not exercised""]"
cogs/checkin.py,CheckinSession.mark_present_callback,936,1007,"async def mark_present_callback(self, interaction: discord.Interaction)","Source operation: acknowledge_interaction, int, interaction.response.is_done, self.db.add_or_update_checkin_member, self.member_statuses.get, self.member_statuses.get(member_id, {}).get, self.member_statuses.get(user_id, {}).get, self.member_statuses.keys",source-body operation summary; detailed domain mapping belongs to mapper handoff,source-reviewed: no additional defect identified in inspected body; offline/live limits remain,"[""Body read in current working snapshot at lines 936-1007"", ""Current source body inspection""]",[],"[""Live Discord/API behavior unverified"", ""Live Discord interaction, API limits/rate behavior and guild permission propagation not exercised""]"
cogs/checkin.py,CheckinSession.start_break_callback,1011,1075,"async def start_break_callback(self, interaction: discord.Interaction)","Source operation: acknowledge_interaction, int, interaction.response.is_done, self.db.add_or_update_checkin_member, self.member_statuses.get, self.member_statuses.get(member_id, {}).get, self.member_statuses.get(user_id, {}).get, self.member_statuses.keys",source-body operation summary; detailed domain mapping belongs to mapper handoff,source-reviewed: no additional defect identified in inspected body; offline/live limits remain,"[""Body read in current working snapshot at lines 1011-1075"", ""Current source body inspection""]",[],"[""Live Discord/API behavior unverified"", ""Live Discord interaction, API limits/rate behavior and guild permission propagation not exercised""]"
cogs/checkin.py,CheckinSession.join_session_callback,1078,1109,"async def join_session_callback(self, interaction: discord.Interaction)","Source operation: acknowledge_interaction, guild.get_member, interaction.response.is_done, len, self.cog.active_sessions.get, self.cog.bot.get_guild, self.db.add_or_update_checkin_member, self.end_session_event.is_set",source-body operation summary; detailed domain mapping belongs to mapper handoff,source-reviewed: no additional defect identified in inspected body; offline/live limits remain,"[""Body read in current working snapshot at lines 1078-1109"", ""Current source body inspection""]",[],"[""Live Discord/API behavior unverified"", ""Live Discord interaction, API limits/rate behavior and guild permission propagation not exercised""]"
cogs/checkin.py,CheckinSession.leave_session_callback,1113,1157,"async def leave_session_callback(self, interaction: discord.Interaction)","Source operation: acknowledge_interaction, int, interaction.response.is_done, self.db.add_or_update_checkin_member, self.member_statuses.get, self.member_statuses.get(member_id, {}).get, self.member_statuses.get(user_id, {}).get, self.member_statuses.keys",source-body operation summary; detailed domain mapping belongs to mapper handoff,source-reviewed: no additional defect identified in inspected body; offline/live limits remain,"[""Body read in current working snapshot at lines 1113-1157"", ""Current source body inspection""]",[],"[""Live Discord/API behavior unverified"", ""Live Discord interaction, API limits/rate behavior and guild permission propagation not exercised""]"
cogs/checkin.py,CheckinSession.change_owner_callback,1161,1278,"async def change_owner_callback(self, interaction: discord.Interaction)","Source operation: Select, View, acknowledge_interaction, check_manager, discord.SelectOption, int, menu_msg.edit, new_owner_options.append",source-body operation summary; detailed domain mapping belongs to mapper handoff,source-reviewed: OPEN findings CHECK-01,"[""Body read in current working snapshot at lines 1161-1278"", ""Current source body inspection""]","[""CHECK-01""]","[""Live Discord/API behavior unverified"", ""Live Discord interaction, API limits/rate behavior and guild permission propagation not exercised""]"
cogs/checkin.py,CheckinSession.change_owner_callback.new_owner_callback,1219,1254,async def new_owner_callback(select_interaction: discord.Interaction),"Source operation: acknowledge_interaction, int, menu_msg.edit, self.guild.get_member, self.member_statuses.get, self.member_statuses.get(selected_user_id, {}).get, self.update_embed, send_response",source-body operation summary; detailed domain mapping belongs to mapper handoff,source-reviewed: OPEN findings CHECK-01,"[""Body read in current working snapshot at lines 1219-1254"", ""Current source body inspection""]","[""CHECK-01""]","[""Live Discord/API behavior unverified"", ""Live Discord interaction, API limits/rate behavior and guild permission propagation not exercised""]"
cogs/checkin.py,CheckinSession.end_session_callback,1281,1310,"async def end_session_callback(self, interaction: discord.Interaction)","Source operation: acknowledge_interaction, interaction.response.is_done, is_guild_manager, request_session_end, self._finish_end_session, self.cog.active_sessions.get, self.end_session_event.is_set, send_response",source-body operation summary; detailed domain mapping belongs to mapper handoff,source-reviewed: no additional defect identified in inspected body; offline/live limits remain,"[""Body read in current working snapshot at lines 1281-1310"", ""Current source body inspection""]",[],"[""Live Discord/API behavior unverified"", ""Live Discord interaction, API limits/rate behavior and guild permission propagation not exercised""]"
cogs/checkin.py,CheckinSession._finish_end_session,1312,1314,"async def _finish_end_session(self, interaction: discord.Interaction)",Source operation: self._finish_end_session_locked,source-body operation summary; detailed domain mapping belongs to mapper handoff,source-reviewed: no additional defect identified in inspected body; offline/live limits remain,"[""Body read in current working snapshot at lines 1312-1314"", ""Current source body inspection""]",[],"[""Live Discord/API behavior unverified"", ""Live Discord interaction, API limits/rate behavior and guild permission propagation not exercised""]"
cogs/checkin.py,CheckinSession._finish_end_session_locked,1316,1338,"async def _finish_end_session_locked(self, interaction: discord.Interaction)","Source operation: discord.Color.red, discord.Embed, embed.set_footer, self.clear_session_data, self.cog.active_sessions.get, self.end_session_event.is_set, self.guild.get_member, send_response",source-body operation summary; detailed domain mapping belongs to mapper handoff,source-reviewed: no additional defect identified in inspected body; offline/live limits remain,"[""Body read in current working snapshot at lines 1316-1338"", ""Current source body inspection""]",[],"[""Live Discord/API behavior unverified"", ""Live Discord interaction, API limits/rate behavior and guild permission propagation not exercised""]"
cogs/checkin.py,CheckinSession.can_end,1343,1345,"def can_end(self, user_id: int)",Returns or updates local/object state; source inspected,source-body operation summary; detailed domain mapping belongs to mapper handoff,source-reviewed: no additional defect identified in inspected body; offline/live limits remain,"[""Body read in current working snapshot at lines 1343-1345"", ""Current source body inspection""]",[],"[""Live Discord interaction, API limits/rate behavior and guild permission propagation not exercised""]"
cogs/checkin.py,CheckinSession.clear_session_data,1348,1349,async def clear_session_data(self),"Source operation: complete_operation, self._clear_session_data",source-body operation summary; detailed domain mapping belongs to mapper handoff,source-reviewed: no additional defect identified in inspected body; offline/live limits remain,"[""Body read in current working snapshot at lines 1348-1349"", ""Current source body inspection""]",[],"[""Live Discord/API behavior unverified"", ""Live Discord interaction, API limits/rate behavior and guild permission propagation not exercised""]"
cogs/checkin.py,CheckinSession._clear_session_data,1351,1364,async def _clear_session_data(self),"Source operation: self.cog.active_sessions.pop, self.db.delete_checkin_session, self.disable_previous_buttons, self.end_session_event.set, self.member_ids.clear, self.member_statuses.clear",source-body operation summary; detailed domain mapping belongs to mapper handoff,source-reviewed: no additional defect identified in inspected body; offline/live limits remain,"[""Body read in current working snapshot at lines 1351-1364"", ""Current source body inspection""]",[],"[""Live Discord/API behavior unverified"", ""Live Discord interaction, API limits/rate behavior and guild permission propagation not exercised""]"
cogs/checkin.py,CheckinCog.__init__,1368,1377,"def __init__(self, bot: Any)","Initializes object state; source writes: self._load_lock, self._reminder_tasks, self._settings_locks, self._unloading, self.active_sessions, self.bot, self.db, self.guild_settings",source-body operation summary; detailed domain mapping belongs to mapper handoff,source-reviewed: no additional defect identified in inspected body; offline/live limits remain,"[""Body read in current working snapshot at lines 1368-1377"", ""Current source body inspection""]",[],"[""Live Discord interaction, API limits/rate behavior and guild permission propagation not exercised""]"
cogs/checkin.py,CheckinCog._start_reminders,1379,1394,"def _start_reminders(self, session: CheckinSession, *, delay: float=0)","Source operation: asyncio.create_task, asyncio.current_task, asyncio.sleep, isinstance, run, self._reminder_tasks.get, self._reminder_tasks.pop, self.bot.wait_until_ready",source-body operation summary; detailed domain mapping belongs to mapper handoff,source-reviewed: no additional defect identified in inspected body; offline/live limits remain,"[""Body read in current working snapshot at lines 1379-1394"", ""Current source body inspection""]",[],"[""Live Discord interaction, API limits/rate behavior and guild permission propagation not exercised""]"
cogs/checkin.py,CheckinCog._start_reminders.run,1383,1392,async def run(),"Source operation: asyncio.current_task, asyncio.sleep, isinstance, self._reminder_tasks.get, self._reminder_tasks.pop, self.bot.wait_until_ready, session.run_checkin_reminders",source-body operation summary; detailed domain mapping belongs to mapper handoff,source-reviewed: no additional defect identified in inspected body; offline/live limits remain,"[""Body read in current working snapshot at lines 1383-1392"", ""Current source body inspection""]",[],"[""Live Discord/API behavior unverified"", ""Live Discord interaction, API limits/rate behavior and guild permission propagation not exercised""]"
cogs/checkin.py,CheckinCog.cog_unload,1396,1403,async def cog_unload(self),"Source operation: asyncio.gather, list, self._reminder_tasks.clear, self._reminder_tasks.values, service_for, service_for(self.bot).close_kind, task.cancel",source-body operation summary; detailed domain mapping belongs to mapper handoff,source-reviewed: no additional defect identified in inspected body; offline/live limits remain,"[""Body read in current working snapshot at lines 1396-1403"", ""Current source body inspection""]",[],"[""Live Discord/API behavior unverified"", ""Live Discord interaction, API limits/rate behavior and guild permission propagation not exercised""]"
cogs/checkin.py,CheckinCog.cog_load,1405,1412,async def cog_load(self),"Source operation: len, self._get_guild_settings, self.db.get_checkin_settings_guild_ids, self.load_active_sessions_from_db",source-body operation summary; detailed domain mapping belongs to mapper handoff,source-reviewed: no additional defect identified in inspected body; offline/live limits remain,"[""Body read in current working snapshot at lines 1405-1412"", ""Current source body inspection""]",[],"[""Live Discord/API behavior unverified"", ""Live Discord interaction, API limits/rate behavior and guild permission propagation not exercised""]"
cogs/checkin.py,CheckinCog._get_guild_settings,1414,1425,"async def _get_guild_settings(self, guild_id: int)","Source operation: CheckinGuildSettings, CheckinGuildSettings.from_state, asyncio.Lock, isinstance, self._settings_locks.setdefault, self.db.get_checkin_guild_settings",source-body operation summary; detailed domain mapping belongs to mapper handoff,source-reviewed: no additional defect identified in inspected body; offline/live limits remain,"[""Body read in current working snapshot at lines 1414-1425"", ""Current source body inspection""]",[],"[""Live Discord/API behavior unverified"", ""Live Discord interaction, API limits/rate behavior and guild permission propagation not exercised""]"
cogs/checkin.py,CheckinCog.on_ready,1428,1431,async def on_ready(self),"Source operation: commands.Cog.listener, self.active_sessions.values, self.bot.get_guild, self.load_active_sessions_from_db",source-body operation summary; detailed domain mapping belongs to mapper handoff,source-reviewed: no additional defect identified in inspected body; offline/live limits remain,"[""Body read in current working snapshot at lines 1428-1431"", ""Current source body inspection""]",[],"[""Live Discord/API behavior unverified"", ""Live Discord interaction, API limits/rate behavior and guild permission propagation not exercised""]"
cogs/checkin.py,CheckinCog.load_active_sessions_from_db,1434,1436,async def load_active_sessions_from_db(self),Source operation: self._load_active_sessions_from_db,source-body operation summary; detailed domain mapping belongs to mapper handoff,source-reviewed: no additional defect identified in inspected body; offline/live limits remain,"[""Body read in current working snapshot at lines 1434-1436"", ""Current source body inspection""]",[],"[""Live Discord/API behavior unverified"", ""Live Discord interaction, API limits/rate behavior and guild permission propagation not exercised""]"
cogs/checkin.py,CheckinCog._load_active_sessions_from_db,1438,1511,async def _load_active_sessions_from_db(self),"Source operation: CheckinSession, MemberStatus, float, int, len, random.uniform, self._get_guild_settings, self._start_reminders",source-body operation summary; detailed domain mapping belongs to mapper handoff,source-reviewed: no additional defect identified in inspected body; offline/live limits remain,"[""Body read in current working snapshot at lines 1438-1511"", ""Current source body inspection""]",[],"[""Live Discord/API behavior unverified"", ""Live Discord interaction, API limits/rate behavior and guild permission propagation not exercised""]"
cogs/checkin.py,CheckinCog.start_checkin,1527,1588,"async def start_checkin(self, interaction: discord.Interaction, name: str, duration: str, mentions: Optional[str]=None)","Source operation: CheckinGuildSettings, acknowledge_interaction, app_commands.command, app_commands.describe, asyncio.Lock, interaction.response.is_done, invitee_ids.discard, parse_duration",source-body operation summary; detailed domain mapping belongs to mapper handoff,source-reviewed: no additional defect identified in inspected body; offline/live limits remain,"[""Body read in current working snapshot at lines 1527-1588"", ""Current source body inspection""]",[],"[""Live Discord/API behavior unverified"", ""Live Discord interaction, API limits/rate behavior and guild permission propagation not exercised""]"
cogs/checkin.py,CheckinCog._register_checkin,1590,1594,"async def _register_checkin(self, session: CheckinSession)","Source operation: self._start_reminders, session.send_reminder_message, session.setup_checkin_resources",source-body operation summary; detailed domain mapping belongs to mapper handoff,source-reviewed: no additional defect identified in inspected body; offline/live limits remain,"[""Body read in current working snapshot at lines 1590-1594"", ""Current source body inspection""]",[],"[""Live Discord/API behavior unverified"", ""Live Discord interaction, API limits/rate behavior and guild permission propagation not exercised""]"
cogs/checkin.py,CheckinCog._start_checkin_locked,1596,1636,"async def _start_checkin_locked(self, interaction, name, duration_seconds, member_ids, invitee_ids, ephemeral)","Source operation: CheckinInvitationView, CheckinSession, complete_operation, interaction.guild.get_member, self._register_checkin, send_response, service_for, service_for(self.bot).send",source-body operation summary; detailed domain mapping belongs to mapper handoff,source-reviewed: no additional defect identified in inspected body; offline/live limits remain,"[""Body read in current working snapshot at lines 1596-1636"", ""Current source body inspection""]",[],"[""Live Discord/API behavior unverified"", ""Live Discord interaction, API limits/rate behavior and guild permission propagation not exercised""]"
cogs/checkin.py,CheckinCog.settings_checkin,1649,1728,"async def settings_checkin(self, interaction: discord.Interaction, max_members: int=10, min_duration: int=120, max_duration: int=14400, max_absences: int=3, max_breaks: int=3, max_user_sessions: int=5, permission_mode: str='ALLOW')","Source operation: CheckinGuildSettings, CheckinGuildSettings.from_state, acknowledge_interaction, app_commands.command, app_commands.describe, asyncio.Lock, check_manager, complete_operation",source-body operation summary; detailed domain mapping belongs to mapper handoff,source-reviewed: no additional defect identified in inspected body; offline/live limits remain,"[""Body read in current working snapshot at lines 1649-1728"", ""Current source body inspection""]",[],"[""Live Discord/API behavior unverified"", ""Live Discord interaction, API limits/rate behavior and guild permission propagation not exercised""]"
cogs/checkin.py,CheckinCog._commit_checkin_settings,1730,1739,"async def _commit_checkin_settings(self, guild_id: int, settings: CheckinGuildSettings)","Source operation: CheckinGuildSettings.from_state, list, self.active_sessions.values, self.db.save_checkin_guild_settings, settings.state, validated.state",source-body operation summary; detailed domain mapping belongs to mapper handoff,source-reviewed: no additional defect identified in inspected body; offline/live limits remain,"[""Body read in current working snapshot at lines 1730-1739"", ""Current source body inspection""]",[],"[""Live Discord/API behavior unverified"", ""Live Discord interaction, API limits/rate behavior and guild permission propagation not exercised""]"
cogs/checkin.py,setup,1745,1747,async def setup(bot),"Source operation: CheckinCog, bot.add_cog",source-body operation summary; detailed domain mapping belongs to mapper handoff,source-reviewed: no additional defect identified in inspected body; offline/live limits remain,"[""Body read in current working snapshot at lines 1745-1747"", ""Current source body inspection""]",[],"[""Live Discord/API behavior unverified"", ""Live Discord interaction, API limits/rate behavior and guild permission propagation not exercised""]"
cogs/help.py,Help.__init__,9,10,"def __init__(self, bot=None)",Initializes object state; source writes: self.bot,source-body operation summary; detailed domain mapping belongs to mapper handoff,source-reviewed: no additional defect identified in inspected body; offline/live limits remain,"[""Body read in current working snapshot at lines 9-10"", ""Current source body inspection""]",[],"[""Live Discord interaction, API limits/rate behavior and guild permission propagation not exercised""]"
cogs/help.py,Help.help_command,13,73,"async def help_command(self, interaction: discord.Interaction)","Source operation: app_commands.command, discord.Color.blue, discord.Embed, embed.add_field, interaction.response.defer, manager.get_permission_level, self.bot.get_cog, send_response",source-body operation summary; detailed domain mapping belongs to mapper handoff,source-reviewed: no additional defect identified in inspected body; offline/live limits remain,"[""Body read in current working snapshot at lines 13-73"", ""Current source body inspection""]",[],"[""Live Discord/API behavior unverified"", ""Live Discord interaction, API limits/rate behavior and guild permission propagation not exercised""]"
cogs/help.py,setup,76,77,async def setup(bot),"Source operation: Help, bot.add_cog",source-body operation summary; detailed domain mapping belongs to mapper handoff,source-reviewed: no additional defect identified in inspected body; offline/live limits remain,"[""Body read in current working snapshot at lines 76-77"", ""Current source body inspection""]",[],"[""Live Discord/API behavior unverified"", ""Live Discord interaction, API limits/rate behavior and guild permission propagation not exercised""]"
cogs/manager.py,Manager.get_tier_name,38,49,def get_tier_name(level: int),Returns or updates local/object state; source inspected,source-body operation summary; detailed domain mapping belongs to mapper handoff,source-reviewed: no additional defect identified in inspected body; offline/live limits remain,"[""Body read in current working snapshot at lines 38-49"", ""Current source body inspection""]",[],"[""Live Discord interaction, API limits/rate behavior and guild permission propagation not exercised""]"
cogs/manager.py,Manager.__init__,51,55,"def __init__(self, bot)","Initializes object state; source writes: self._setup_locks, self._setup_views, self.bot",source-body operation summary; detailed domain mapping belongs to mapper handoff,source-reviewed: no additional defect identified in inspected body; offline/live limits remain,"[""Body read in current working snapshot at lines 51-55"", ""Current source body inspection""]",[],"[""Live Discord interaction, API limits/rate behavior and guild permission propagation not exercised""]"
cogs/manager.py,Manager._resume_setup_locked,57,84,"async def _resume_setup_locked(self, guild: discord.Guild, interaction: discord.Interaction | None=None)","Source operation: SetupView.from_journal, guild.get_channel, isinstance, self.bot.db.delete_setup_recovery_journal, self.bot.db.get_group_category, self.bot.db.get_setup_recovery_journal, self.bot.db.update_setup_recovery_journal, sync_staff_roles",source-body operation summary; detailed domain mapping belongs to mapper handoff,source-reviewed: no additional defect identified in inspected body; offline/live limits remain,"[""Body read in current working snapshot at lines 57-84"", ""Current source body inspection""]",[],"[""Live Discord/API behavior unverified"", ""Live Discord interaction, API limits/rate behavior and guild permission propagation not exercised""]"
cogs/manager.py,Manager._sync_staff_access,86,110,"async def _sync_staff_access(self, interaction: discord.Interaction)","Source operation: '\n'.join, asyncio.Lock, guild.get_channel, guilds.values, isinstance, self._resume_setup_locked, self._setup_locks.setdefault, self.bot.db.get_group_category",source-body operation summary; detailed domain mapping belongs to mapper handoff,source-reviewed: no additional defect identified in inspected body; offline/live limits remain,"[""Body read in current working snapshot at lines 86-110"", ""Current source body inspection""]",[],"[""Live Discord/API behavior unverified"", ""Live Discord interaction, API limits/rate behavior and guild permission propagation not exercised""]"
cogs/manager.py,Manager.is_member,116,153,"def is_member(func: Callable[..., Any])","Source operation: func, interaction.response.send_message, type, wraps",source-body operation summary; detailed domain mapping belongs to mapper handoff,source-reviewed: no additional defect identified in inspected body; offline/live limits remain,"[""Body read in current working snapshot at lines 116-153"", ""Current source body inspection""]",[],"[""Live Discord interaction, API limits/rate behavior and guild permission propagation not exercised""]"
cogs/manager.py,Manager.is_member.wrapper,118,151,"async def wrapper(instance, interaction: discord.Interaction, *args, **kwargs)","Source operation: func, interaction.response.send_message, type, wraps",source-body operation summary; detailed domain mapping belongs to mapper handoff,source-reviewed: no additional defect identified in inspected body; offline/live limits remain,"[""Body read in current working snapshot at lines 118-151"", ""Current source body inspection""]",[],"[""Live Discord/API behavior unverified"", ""Live Discord interaction, API limits/rate behavior and guild permission propagation not exercised""]"
cogs/manager.py,Manager.is_owner,157,194,"def is_owner(func: Callable[..., Any])","Source operation: func, interaction.response.send_message, type, wraps",source-body operation summary; detailed domain mapping belongs to mapper handoff,source-reviewed: no additional defect identified in inspected body; offline/live limits remain,"[""Body read in current working snapshot at lines 157-194"", ""Current source body inspection""]",[],"[""Live Discord interaction, API limits/rate behavior and guild permission propagation not exercised""]"
cogs/manager.py,Manager.is_owner.wrapper,159,192,"async def wrapper(instance, interaction: discord.Interaction, *args, **kwargs)","Source operation: func, interaction.response.send_message, type, wraps",source-body operation summary; detailed domain mapping belongs to mapper handoff,source-reviewed: no additional defect identified in inspected body; offline/live limits remain,"[""Body read in current working snapshot at lines 159-192"", ""Current source body inspection""]",[],"[""Live Discord/API behavior unverified"", ""Live Discord interaction, API limits/rate behavior and guild permission propagation not exercised""]"
cogs/manager.py,Manager.check_user_groups,199,266,"def check_user_groups(func: Callable[..., Any])","Source operation: cog_instance.active_sessions.values, cog_instance.active_study_groups.values, func, interaction.response.send_message, sum, type, wraps",source-body operation summary; detailed domain mapping belongs to mapper handoff,source-reviewed: no additional defect identified in inspected body; offline/live limits remain,"[""Body read in current working snapshot at lines 199-266"", ""Current source body inspection""]",[],"[""Live Discord interaction, API limits/rate behavior and guild permission propagation not exercised""]"
cogs/manager.py,Manager.check_user_groups.wrapper,201,264,"async def wrapper(cog_instance, interaction: discord.Interaction, *args, **kwargs)","Source operation: cog_instance.active_sessions.values, cog_instance.active_study_groups.values, func, interaction.response.send_message, sum, type, wraps",source-body operation summary; detailed domain mapping belongs to mapper handoff,source-reviewed: no additional defect identified in inspected body; offline/live limits remain,"[""Body read in current working snapshot at lines 201-264"", ""Current source body inspection""]",[],"[""Live Discord/API behavior unverified"", ""Live Discord interaction, API limits/rate behavior and guild permission propagation not exercised""]"
cogs/manager.py,Manager.get_permission_level,268,324,"async def get_permission_level(self, guild_id: Optional[int], user_id: int, member: Optional[discord.Member]=None)","Source operation: PermissionLevel, dict, dict(manager).get, guild.get_member, isinstance, max, self.bot.db.get_manager, self.bot.get_guild",source-body operation summary; detailed domain mapping belongs to mapper handoff,source-reviewed: no additional defect identified in inspected body; offline/live limits remain,"[""Body read in current working snapshot at lines 268-324"", ""Current source body inspection""]",[],"[""Live Discord/API behavior unverified"", ""Live Discord interaction, API limits/rate behavior and guild permission propagation not exercised""]"
cogs/manager.py,Manager.sync_guild_managers,326,372,"async def sync_guild_managers(self, guild: discord.Guild)","Source operation: guild.fetch_member, guild.get_member, int, self.bot.db.sync_guild_manager_grants, synced_members.append",source-body operation summary; detailed domain mapping belongs to mapper handoff,source-reviewed: no additional defect identified in inspected body; offline/live limits remain,"[""Body read in current working snapshot at lines 326-372"", ""Current source body inspection""]",[],"[""Live Discord/API behavior unverified"", ""Live Discord interaction, API limits/rate behavior and guild permission propagation not exercised""]"
cogs/manager.py,Manager.on_ready,375,388,async def on_ready(self),"Source operation: asyncio.Lock, commands.Cog.listener, guild.get_channel, isinstance, self._resume_setup_locked, self._setup_locks.setdefault, self.bot.db.get_group_category, self.sync_guild_managers",source-body operation summary; detailed domain mapping belongs to mapper handoff,source-reviewed: no additional defect identified in inspected body; offline/live limits remain,"[""Body read in current working snapshot at lines 375-388"", ""Current source body inspection""]",[],"[""Live Discord/API behavior unverified"", ""Live Discord interaction, API limits/rate behavior and guild permission propagation not exercised""]"
cogs/manager.py,Manager._refresh_staff_authority,390,397,"async def _refresh_staff_authority(self, guild: discord.Guild)","Source operation: asyncio.Lock, self._setup_locks.setdefault, self.sync_guild_managers, sync_log_privacy",source-body operation summary; detailed domain mapping belongs to mapper handoff,source-reviewed: no additional defect identified in inspected body; offline/live limits remain,"[""Body read in current working snapshot at lines 390-397"", ""Current source body inspection""]",[],"[""Live Discord/API behavior unverified"", ""Live Discord interaction, API limits/rate behavior and guild permission propagation not exercised""]"
cogs/manager.py,Manager.on_member_update,400,402,"async def on_member_update(self, before: discord.Member, after: discord.Member)","Source operation: commands.Cog.listener, self._refresh_staff_authority",source-body operation summary; detailed domain mapping belongs to mapper handoff,source-reviewed: no additional defect identified in inspected body; offline/live limits remain,"[""Body read in current working snapshot at lines 400-402"", ""Current source body inspection""]",[],"[""Live Discord/API behavior unverified"", ""Live Discord interaction, API limits/rate behavior and guild permission propagation not exercised""]"
cogs/manager.py,Manager.on_guild_role_update,405,407,"async def on_guild_role_update(self, before: discord.Role, after: discord.Role)","Source operation: commands.Cog.listener, self._refresh_staff_authority",source-body operation summary; detailed domain mapping belongs to mapper handoff,source-reviewed: no additional defect identified in inspected body; offline/live limits remain,"[""Body read in current working snapshot at lines 405-407"", ""Current source body inspection""]",[],"[""Live Discord/API behavior unverified"", ""Live Discord interaction, API limits/rate behavior and guild permission propagation not exercised""]"
cogs/manager.py,Manager.on_guild_role_delete,410,411,"async def on_guild_role_delete(self, role: discord.Role)","Source operation: commands.Cog.listener, self._refresh_staff_authority",source-body operation summary; detailed domain mapping belongs to mapper handoff,source-reviewed: no additional defect identified in inspected body; offline/live limits remain,"[""Body read in current working snapshot at lines 410-411"", ""Current source body inspection""]",[],"[""Live Discord/API behavior unverified"", ""Live Discord interaction, API limits/rate behavior and guild permission propagation not exercised""]"
cogs/manager.py,Manager.on_member_remove,414,415,"async def on_member_remove(self, member: discord.Member)","Source operation: commands.Cog.listener, self._refresh_staff_authority",source-body operation summary; detailed domain mapping belongs to mapper handoff,source-reviewed: no additional defect identified in inspected body; offline/live limits remain,"[""Body read in current working snapshot at lines 414-415"", ""Current source body inspection""]",[],"[""Live Discord/API behavior unverified"", ""Live Discord interaction, API limits/rate behavior and guild permission propagation not exercised""]"
cogs/manager.py,Manager.on_member_join,418,419,"async def on_member_join(self, member: discord.Member)","Source operation: commands.Cog.listener, self._refresh_staff_authority",source-body operation summary; detailed domain mapping belongs to mapper handoff,source-reviewed: no additional defect identified in inspected body; offline/live limits remain,"[""Body read in current working snapshot at lines 418-419"", ""Current source body inspection""]",[],"[""Live Discord/API behavior unverified"", ""Live Discord interaction, API limits/rate behavior and guild permission propagation not exercised""]"
cogs/manager.py,Manager.on_guild_update,422,424,"async def on_guild_update(self, before: discord.Guild, after: discord.Guild)","Source operation: commands.Cog.listener, self._refresh_staff_authority",source-body operation summary; detailed domain mapping belongs to mapper handoff,source-reviewed: no additional defect identified in inspected body; offline/live limits remain,"[""Body read in current working snapshot at lines 422-424"", ""Current source body inspection""]",[],"[""Live Discord/API behavior unverified"", ""Live Discord interaction, API limits/rate behavior and guild permission propagation not exercised""]"
cogs/manager.py,Manager.setup,435,519,"async def setup(self, interaction: discord.Interaction, max_members: Optional[app_commands.Range[int, 1, 50]]=None, category: Optional[discord.CategoryChannel]=None, default_vc: Optional[discord.VoiceChannel]=None)","Source operation: SetupView, app_commands.command, app_commands.describe, asyncio.Lock, interaction.followup.send, interaction.response.defer, isinstance, prior._recover_retained_resources_locked",source-body operation summary; detailed domain mapping belongs to mapper handoff,source-reviewed: no additional defect identified in inspected body; offline/live limits remain,"[""Body read in current working snapshot at lines 435-519"", ""Current source body inspection""]",[],"[""Live Discord/API behavior unverified"", ""Live Discord interaction, API limits/rate behavior and guild permission propagation not exercised""]"
cogs/manager.py,Manager.sync_commands,526,565,"async def sync_commands(self, interaction: discord.Interaction, guild_only: bool=False)","Source operation: acknowledge_interaction, app_commands.command, app_commands.describe, isinstance, len, self.bot.tree.copy_global_to, self.bot.tree.sync, self.get_permission_level",source-body operation summary; detailed domain mapping belongs to mapper handoff,source-reviewed: no additional defect identified in inspected body; offline/live limits remain,"[""Body read in current working snapshot at lines 526-565"", ""Current source body inspection""]",[],"[""Live Discord/API behavior unverified"", ""Live Discord interaction, API limits/rate behavior and guild permission propagation not exercised""]"
cogs/manager.py,Manager.user_level,572,620,"async def user_level(self, interaction: discord.Interaction, user: Optional[discord.Member]=None)","Source operation: acknowledge_interaction, app_commands.command, app_commands.describe, dict, dict(record).get, discord.Color.blue, discord.Color.gold, discord.Embed",source-body operation summary; detailed domain mapping belongs to mapper handoff,source-reviewed: no additional defect identified in inspected body; offline/live limits remain,"[""Body read in current working snapshot at lines 572-620"", ""Current source body inspection""]",[],"[""Live Discord/API behavior unverified"", ""Live Discord interaction, API limits/rate behavior and guild permission propagation not exercised""]"
cogs/manager.py,Manager.sync_managers,626,653,"async def sync_managers(self, interaction: discord.Interaction)","Source operation: ', '.join, acknowledge_interaction, app_commands.command, isinstance, len, self._sync_staff_access, self.get_permission_level, self.sync_guild_managers",source-body operation summary; detailed domain mapping belongs to mapper handoff,source-reviewed: OPEN findings NOTIFY-01,"[""Body read in current working snapshot at lines 626-653"", ""Current source body inspection""]","[""NOTIFY-01""]","[""Live Discord/API behavior unverified"", ""Live Discord interaction, API limits/rate behavior and guild permission propagation not exercised""]"
cogs/manager.py,Manager._handle_self_role_update_attempt,655,722,"async def _handle_self_role_update_attempt(self, interaction: discord.Interaction, action_name: str, *, has_perm: bool)","Source operation: dev_ids.add, dev_user.send, discord.Color.red, discord.Embed, discord.utils.utcnow, discord.utils.utcnow().timestamp, embed.add_field, getattr",source-body operation summary; detailed domain mapping belongs to mapper handoff,source-reviewed: OPEN findings NOTIFY-01,"[""Body read in current working snapshot at lines 655-722"", ""Current source body inspection""]","[""NOTIFY-01""]","[""Live Discord/API behavior unverified"", ""Live Discord interaction, API limits/rate behavior and guild permission propagation not exercised""]"
cogs/manager.py,Manager.add_bot_developer,726,764,"async def add_bot_developer(self, interaction: discord.Interaction, user: discord.User)","Source operation: acknowledge_interaction, app_commands.command, app_commands.describe, interaction.guild.fetch_member, interaction.guild.get_member, self._handle_self_role_update_attempt, self._sync_staff_access, self.bot.db.add_manager",source-body operation summary; detailed domain mapping belongs to mapper handoff,source-reviewed: no additional defect identified in inspected body; offline/live limits remain,"[""Body read in current working snapshot at lines 726-764"", ""Current source body inspection""]",[],"[""Live Discord/API behavior unverified"", ""Live Discord interaction, API limits/rate behavior and guild permission propagation not exercised""]"
cogs/manager.py,Manager.remove_bot_developer,768,817,"async def remove_bot_developer(self, interaction: discord.Interaction, user: discord.User)","Source operation: acknowledge_interaction, app_commands.command, app_commands.describe, self._handle_self_role_update_attempt, self._sync_staff_access, self.bot.db.get_manager, self.bot.db.remove_manager, self.get_permission_level",source-body operation summary; detailed domain mapping belongs to mapper handoff,source-reviewed: no additional defect identified in inspected body; offline/live limits remain,"[""Body read in current working snapshot at lines 768-817"", ""Current source body inspection""]",[],"[""Live Discord/API behavior unverified"", ""Live Discord interaction, API limits/rate behavior and guild permission propagation not exercised""]"
cogs/manager.py,Manager.add_guild_manager,821,859,"async def add_guild_manager(self, interaction: discord.Interaction, user: discord.User)","Source operation: acknowledge_interaction, app_commands.command, app_commands.describe, interaction.guild.fetch_member, interaction.guild.get_member, self._handle_self_role_update_attempt, self._sync_staff_access, self.bot.db.add_manager",source-body operation summary; detailed domain mapping belongs to mapper handoff,source-reviewed: OPEN findings AUTH-02,"[""Body read in current working snapshot at lines 821-859"", ""Current source body inspection""]","[""AUTH-02""]","[""Live Discord/API behavior unverified"", ""Live Discord interaction, API limits/rate behavior and guild permission propagation not exercised""]"
cogs/manager.py,Manager.remove_guild_manager,863,906,"async def remove_guild_manager(self, interaction: discord.Interaction, user: discord.User)","Source operation: acknowledge_interaction, app_commands.command, app_commands.describe, interaction.guild.get_member, self._handle_self_role_update_attempt, self._sync_staff_access, self.bot.db.remove_manager, self.get_permission_level",source-body operation summary; detailed domain mapping belongs to mapper handoff,source-reviewed: OPEN findings AUTH-02,"[""Body read in current working snapshot at lines 863-906"", ""Current source body inspection""]","[""AUTH-02""]","[""Live Discord/API behavior unverified"", ""Live Discord interaction, API limits/rate behavior and guild permission propagation not exercised""]"
cogs/manager.py,Manager.list_managers,909,992,"async def list_managers(self, interaction: discord.Interaction)","Source operation: acknowledge_interaction, app_commands.command, categories.items, categories['Bot Developer'].append, categories['Other Levels'].append, categories['Supreme Commander'].append, categories[category].append, chunks.append",source-body operation summary; detailed domain mapping belongs to mapper handoff,source-reviewed: no additional defect identified in inspected body; offline/live limits remain,"[""Body read in current working snapshot at lines 909-992"", ""Current source body inspection""]",[],"[""Live Discord/API behavior unverified"", ""Live Discord interaction, API limits/rate behavior and guild permission propagation not exercised""]"
cogs/manager.py,Manager.set_permission_level,1002,1086,"async def set_permission_level(self, interaction: discord.Interaction, user: discord.User, level: int)","Source operation: PermissionLevel, acknowledge_interaction, app_commands.command, app_commands.describe, interaction.guild.fetch_member, interaction.guild.get_member, isinstance, permission_names.get",source-body operation summary; detailed domain mapping belongs to mapper handoff,source-reviewed: no additional defect identified in inspected body; offline/live limits remain,"[""Body read in current working snapshot at lines 1002-1086"", ""Current source body inspection""]",[],"[""Live Discord/API behavior unverified"", ""Live Discord interaction, API limits/rate behavior and guild permission propagation not exercised""]"
cogs/manager.py,setup,1089,1091,async def setup(bot),"Source operation: Manager, bot.add_cog",source-body operation summary; detailed domain mapping belongs to mapper handoff,source-reviewed: no additional defect identified in inspected body; offline/live limits remain,"[""Body read in current working snapshot at lines 1089-1091"", ""Current source body inspection""]",[],"[""Live Discord/API behavior unverified"", ""Live Discord interaction, API limits/rate behavior and guild permission propagation not exercised""]"
cogs/pomodoro.py,calculate_pomodoro_ratio,181,234,"def calculate_pomodoro_ratio(focus: Optional[int]=None, short_break: Optional[int]=None, long_break: Optional[int]=None)","Source operation: all, any, max, round",source-body operation summary; detailed domain mapping belongs to mapper handoff,source-reviewed: no additional defect identified in inspected body; offline/live limits remain,"[""Body read in current working snapshot at lines 181-234"", ""Current source body inspection across consecutive and overlapping ranges""]",[],"[""Live Discord interaction, API limits/rate behavior and guild permission propagation not exercised""]"
cogs/pomodoro.py,PomodoroSession.__init__,238,281,"def __init__(self, group_id: Any, focus: int, short_break: int, long_break: int, guild_id: Optional[int]=None, text_id: Optional[int]=None, vc_id: Optional[int]=None, require_vc: bool=True, owner_id: Optional[int]=None, lifetime_seconds: int=DEFAULT_SESSION_DURATION)","Initializes object state; source writes: self.absent_counts, self.current_session_marked, self.current_stage, self.cycles, self.dropped_out_members, self.expires_at, self.focus, self.focus_seconds",source-body operation summary; detailed domain mapping belongs to mapper handoff,source-reviewed: no additional defect identified in inspected body; offline/live limits remain,"[""Body read in current working snapshot at lines 238-281"", ""Current source body inspection across consecutive and overlapping ranges""]",[],"[""Live Discord interaction, API limits/rate behavior and guild permission propagation not exercised""]"
cogs/pomodoro.py,PomodoroPresenceView.__init__,285,288,"def __init__(self, cog, session)","Initializes object state; source writes: self.cog, self.session",source-body operation summary; detailed domain mapping belongs to mapper handoff,"source-reviewed: OPEN findings POMO-01, ARC-12","[""Body read in current working snapshot at lines 285-288"", ""Current source body inspection across consecutive and overlapping ranges""]","[""POMO-01"", ""ARC-12""]","[""Live Discord interaction, API limits/rate behavior and guild permission propagation not exercised""]"
cogs/pomodoro.py,PomodoroPresenceView.present_btn,291,307,"async def present_btn(self, interaction: discord.Interaction, button: discord.ui.Button)","Source operation: discord.ui.button, interaction.response.send_message, self.cog._persist_session, self.session.current_session_marked.add, self.session.present_members.add",source-body operation summary; detailed domain mapping belongs to mapper handoff,"source-reviewed: OPEN findings POMO-01, ARC-12","[""Body read in current working snapshot at lines 291-307"", ""Current source body inspection across consecutive and overlapping ranges""]","[""POMO-01"", ""ARC-12""]","[""Live Discord/API behavior unverified"", ""Live Discord interaction, API limits/rate behavior and guild permission propagation not exercised""]"
cogs/pomodoro.py,PomodoroPresenceView.absent_btn,310,333,"async def absent_btn(self, interaction: discord.Interaction, button: discord.ui.Button)","Source operation: discord.ui.button, interaction.response.send_message, self.cog._persist_session, self.session.absent_counts.get, self.session.current_session_marked.add, self.session.dropped_out_members.add, self.session.present_members.discard",source-body operation summary; detailed domain mapping belongs to mapper handoff,"source-reviewed: OPEN findings POMO-01, ARC-12","[""Body read in current working snapshot at lines 310-333"", ""Current source body inspection across consecutive and overlapping ranges""]","[""POMO-01"", ""ARC-12""]","[""Live Discord/API behavior unverified"", ""Live Discord interaction, API limits/rate behavior and guild permission propagation not exercised""]"
cogs/pomodoro.py,PomodoroInvitationView.__init__,337,343,"def __init__(self, cog: 'Pomodoro', session: PomodoroSession, invitee_id: int)","Initializes object state; source writes: self.cog, self.invitee_id, self.session, self.target_member",source-body operation summary; detailed domain mapping belongs to mapper handoff,source-reviewed: no additional defect identified in inspected body; offline/live limits remain,"[""Body read in current working snapshot at lines 337-343"", ""Current source body inspection across consecutive and overlapping ranges""]",[],"[""Live Discord interaction, API limits/rate behavior and guild permission propagation not exercised""]"
cogs/pomodoro.py,PomodoroInvitationView.interaction_check,345,349,"async def interaction_check(self, interaction: discord.Interaction)",Source operation: interaction.response.send_message,source-body operation summary; detailed domain mapping belongs to mapper handoff,source-reviewed: no additional defect identified in inspected body; offline/live limits remain,"[""Body read in current working snapshot at lines 345-349"", ""Current source body inspection across consecutive and overlapping ranges""]",[],"[""Live Discord/API behavior unverified"", ""Live Discord interaction, API limits/rate behavior and guild permission propagation not exercised""]"
cogs/pomodoro.py,PomodoroInvitationView.join,352,466,"async def join(self, interaction: discord.Interaction, button: discord.ui.Button)","Source operation: StudyGroup, any, bool, datetime.now, db_grp.get, dict.fromkeys, discord.ui.button, group.add_member",source-body operation summary; detailed domain mapping belongs to mapper handoff,source-reviewed: OPEN findings POMO-02,"[""Body read in current working snapshot at lines 352-466"", ""Current source body inspection across consecutive and overlapping ranges""]","[""POMO-02""]","[""Live Discord/API behavior unverified"", ""Live Discord interaction, API limits/rate behavior and guild permission propagation not exercised""]"
cogs/pomodoro.py,PomodoroInvitationView.decline,469,487,"async def decline(self, interaction: discord.Interaction, button: discord.ui.Button)","Source operation: discord.ui.button, guild.get_member, interaction.response.send_message, owner.send, self.cog.bot.db.fetch_study_group_by_id, self.cog.bot.get_cog, self.cog.bot.get_guild, self.stop",source-body operation summary; detailed domain mapping belongs to mapper handoff,source-reviewed: OPEN findings POMO-02,"[""Body read in current working snapshot at lines 469-487"", ""Current source body inspection across consecutive and overlapping ranges""]","[""POMO-02""]","[""Live Discord/API behavior unverified"", ""Live Discord interaction, API limits/rate behavior and guild permission propagation not exercised""]"
cogs/pomodoro.py,PomodoroRenewView.__init__,491,495,"def __init__(self, cog: 'Pomodoro', session: PomodoroSession, deadline: datetime)","Initializes object state; source writes: self.cog, self.deadline, self.session",source-body operation summary; detailed domain mapping belongs to mapper handoff,source-reviewed: OPEN findings POMO-02,"[""Body read in current working snapshot at lines 491-495"", ""Current source body inspection across consecutive and overlapping ranges""]","[""POMO-02""]","[""Live Discord interaction, API limits/rate behavior and guild permission propagation not exercised""]"
cogs/pomodoro.py,PomodoroRenewView.renew,498,523,"async def renew(self, interaction: discord.Interaction, button: discord.ui.Button)","Source operation: any, datetime.now, discord.ui.button, interaction.response.defer, is_guild_manager, isinstance, self.cog._persist_session, self.cog.sessions.values",source-body operation summary; detailed domain mapping belongs to mapper handoff,source-reviewed: OPEN findings POMO-02,"[""Body read in current working snapshot at lines 498-523"", ""Current source body inspection across consecutive and overlapping ranges""]","[""POMO-02""]","[""Live Discord/API behavior unverified"", ""Live Discord interaction, API limits/rate behavior and guild permission propagation not exercised""]"
cogs/pomodoro.py,Pomodoro.__init__,527,535,"def __init__(self, bot)","Initializes object state; source writes: self._last_runtime_save, self._recovery_lock, self._runtime_lock, self._start_locks, self._unloading, self.bot, self.sessions",source-body operation summary; detailed domain mapping belongs to mapper handoff,source-reviewed: OPEN findings POMO-02,"[""Body read in current working snapshot at lines 527-535"", ""Current source body inspection across consecutive and overlapping ranges""]","[""POMO-02""]","[""Live Discord interaction, API limits/rate behavior and guild permission propagation not exercised""]"
cogs/pomodoro.py,Pomodoro.cog_unload,537,545,async def cog_unload(self),"Source operation: asyncio.gather, id, self._persist_session, self.run_timer.cancel, self.run_timer.get_task, self.sessions.values, service_for, service_for(self.bot).close_kind",source-body operation summary; detailed domain mapping belongs to mapper handoff,source-reviewed: OPEN findings POMO-02,"[""Body read in current working snapshot at lines 537-545"", ""Current source body inspection across consecutive and overlapping ranges""]","[""POMO-02""]","[""Live Discord/API behavior unverified"", ""Live Discord interaction, API limits/rate behavior and guild permission propagation not exercised""]"
cogs/pomodoro.py,Pomodoro._runtime_key,547,548,"def _runtime_key(self, session: PomodoroSession)",Source operation: str,source-body operation summary; detailed domain mapping belongs to mapper handoff,source-reviewed: OPEN findings POMO-02,"[""Body read in current working snapshot at lines 547-548"", ""Current source body inspection across consecutive and overlapping ranges""]","[""POMO-02""]","[""Live Discord interaction, API limits/rate behavior and guild permission propagation not exercised""]"
cogs/pomodoro.py,Pomodoro._runtime_state,550,573,"def _runtime_state(self, session: PomodoroSession)","Source operation: session.expires_at.isoformat, session.timer_updated_at.isoformat, session.warned_deadline.isoformat, sorted",source-body operation summary; detailed domain mapping belongs to mapper handoff,source-reviewed: OPEN findings POMO-02,"[""Body read in current working snapshot at lines 550-573"", ""Current source body inspection across consecutive and overlapping ranges""]","[""POMO-02""]","[""Live Discord interaction, API limits/rate behavior and guild permission propagation not exercised""]"
cogs/pomodoro.py,Pomodoro._persist_session,575,591,"async def _persist_session(self, session: PomodoroSession)","Source operation: any, callable, datetime.now, getattr, id, saver, self._persist_productivity, self._runtime_key",source-body operation summary; detailed domain mapping belongs to mapper handoff,source-reviewed: OPEN findings POMO-02,"[""Body read in current working snapshot at lines 575-591"", ""Current source body inspection across consecutive and overlapping ranges""]","[""POMO-02""]","[""Live Discord/API behavior unverified"", ""Live Discord interaction, API limits/rate behavior and guild permission propagation not exercised""]"
cogs/pomodoro.py,Pomodoro._persist_productivity,593,602,"async def _persist_productivity(self, session: PomodoroSession, *, final: bool=False)","Source operation: callable, dict, getattr, saver, str",source-body operation summary; detailed domain mapping belongs to mapper handoff,source-reviewed: OPEN findings POMO-02,"[""Body read in current working snapshot at lines 593-602"", ""Current source body inspection across consecutive and overlapping ranges""]","[""POMO-02""]","[""Live Discord/API behavior unverified"", ""Live Discord interaction, API limits/rate behavior and guild permission propagation not exercised""]"
cogs/pomodoro.py,Pomodoro._snapshot_time,605,609,def _snapshot_time(value: Any),"Source operation: ValueError, datetime.fromisoformat, parsed.astimezone",source-body operation summary; detailed domain mapping belongs to mapper handoff,source-reviewed: no additional defect identified in inspected body; offline/live limits remain,"[""Body read in current working snapshot at lines 605-609"", ""Current source body inspection across consecutive and overlapping ranges""]",[],"[""Live Discord interaction, API limits/rate behavior and guild permission propagation not exercised""]"
cogs/pomodoro.py,Pomodoro._snapshot_int,612,615,"def _snapshot_int(value: Any, minimum: int=0)","Source operation: ValueError, type",source-body operation summary; detailed domain mapping belongs to mapper handoff,source-reviewed: no additional defect identified in inspected body; offline/live limits remain,"[""Body read in current working snapshot at lines 612-615"", ""Current source body inspection across consecutive and overlapping ranges""]",[],"[""Live Discord interaction, API limits/rate behavior and guild permission propagation not exercised""]"
cogs/pomodoro.py,Pomodoro._advance_stages,618,639,"def _advance_stages(session: PomodoroSession, elapsed: float)","Source operation: divmod, getattr, int, session.current_session_marked.clear, session.present_members.clear",source-body operation summary; detailed domain mapping belongs to mapper handoff,source-reviewed: no additional defect identified in inspected body; offline/live limits remain,"[""Body read in current working snapshot at lines 618-639"", ""Current source body inspection across consecutive and overlapping ranges""]",[],"[""Live Discord interaction, API limits/rate behavior and guild permission propagation not exercised""]"
cogs/pomodoro.py,Pomodoro._restore_session,641,756,"def _restore_session(self, row: Dict[str, Any], group: Dict[str, Any], guild: discord.Guild)","Source operation: (now - saved_at).total_seconds, PomodoroSession, ValueError, counts.items, datetime.now, float, focus_seconds.items, group.get",source-body operation summary; detailed domain mapping belongs to mapper handoff,source-reviewed: no additional defect identified in inspected body; offline/live limits remain,"[""Body read in current working snapshot at lines 641-756"", ""Current source body inspection across consecutive and overlapping ranges""]",[],"[""Live Discord interaction, API limits/rate behavior and guild permission propagation not exercised""]"
cogs/pomodoro.py,Pomodoro.load_active_sessions_from_db,758,802,async def load_active_sessions_from_db(self),"Source operation: ValueError, callable, datetime.now, getattr, getter, isinstance, loader, max",source-body operation summary; detailed domain mapping belongs to mapper handoff,source-reviewed: no additional defect identified in inspected body; offline/live limits remain,"[""Body read in current working snapshot at lines 758-802"", ""Current source body inspection across consecutive and overlapping ranges""]",[],"[""Live Discord/API behavior unverified"", ""Live Discord interaction, API limits/rate behavior and guild permission propagation not exercised""]"
cogs/pomodoro.py,Pomodoro._retire_runtime,804,811,"async def _retire_runtime(self, key: Any)","Source operation: callable, getattr, retire, str",source-body operation summary; detailed domain mapping belongs to mapper handoff,source-reviewed: no additional defect identified in inspected body; offline/live limits remain,"[""Body read in current working snapshot at lines 804-811"", ""Current source body inspection across consecutive and overlapping ranges""]",[],"[""Live Discord/API behavior unverified"", ""Live Discord interaction, API limits/rate behavior and guild permission propagation not exercised""]"
cogs/pomodoro.py,Pomodoro._remove_session,813,836,"async def _remove_session(self, session: PomodoroSession)","Source operation: callable, getattr, id, list, saver, self._last_runtime_save.pop, self._persist_productivity, self._retire_runtime",source-body operation summary; detailed domain mapping belongs to mapper handoff,source-reviewed: OPEN findings ARC-12,"[""Body read in current working snapshot at lines 813-836"", ""Current source body inspection across consecutive and overlapping ranges""]","[""ARC-12""]","[""Live Discord/API behavior unverified"", ""Live Discord interaction, API limits/rate behavior and guild permission propagation not exercised""]"
cogs/pomodoro.py,Pomodoro.set_paused,838,849,"async def set_paused(self, session: PomodoroSession, paused: bool)","Source operation: any, datetime.now, self._persist_session, self._update_group_gui, self.sessions.values, time.monotonic",source-body operation summary; detailed domain mapping belongs to mapper handoff,source-reviewed: OPEN findings ARC-12,"[""Body read in current working snapshot at lines 838-849"", ""Current source body inspection across consecutive and overlapping ranges""]","[""ARC-12""]","[""Live Discord/API behavior unverified"", ""Live Discord interaction, API limits/rate behavior and guild permission propagation not exercised""]"
cogs/pomodoro.py,Pomodoro.finish_session,851,855,"async def finish_session(self, interaction: discord.Interaction, group: Dict[str, Any], session: PomodoroSession)",Source operation: self._finish_pomodoro,source-body operation summary; detailed domain mapping belongs to mapper handoff,source-reviewed: no additional defect identified in inspected body; offline/live limits remain,"[""Body read in current working snapshot at lines 851-855"", ""Current source body inspection across consecutive and overlapping ranges""]",[],"[""Live Discord/API behavior unverified"", ""Live Discord interaction, API limits/rate behavior and guild permission propagation not exercised""]"
cogs/pomodoro.py,Pomodoro._resolve_group,857,900,"async def _resolve_group(self, interaction: discord.Interaction)","Source operation: channel_group.get, check_manager, group.get, guild_group.get, isinstance, self.bot.db.fetch_members_of_group, self.bot.db.get_study_group, self.bot.db.get_study_group_by_channel",source-body operation summary; detailed domain mapping belongs to mapper handoff,source-reviewed: no additional defect identified in inspected body; offline/live limits remain,"[""Body read in current working snapshot at lines 857-900"", ""Current source body inspection across consecutive and overlapping ranges""]",[],"[""Live Discord/API behavior unverified"", ""Live Discord interaction, API limits/rate behavior and guild permission propagation not exercised""]"
cogs/pomodoro.py,Pomodoro._get_session,902,924,"def _get_session(self, group: Any)","Source operation: getattr, group.get, isinstance, str",source-body operation summary; detailed domain mapping belongs to mapper handoff,source-reviewed: no additional defect identified in inspected body; offline/live limits remain,"[""Body read in current working snapshot at lines 902-924"", ""Current source body inspection across consecutive and overlapping ranges""]",[],"[""Live Discord interaction, API limits/rate behavior and guild permission propagation not exercised""]"
cogs/pomodoro.py,Pomodoro._update_group_gui,926,940,"async def _update_group_gui(self, group_id: Any)","Source operation: self.bot.get_cog, sg_cog.active_study_groups.get, sg_cog.active_study_groups.values, str, target.group_info_embed",source-body operation summary; detailed domain mapping belongs to mapper handoff,source-reviewed: no additional defect identified in inspected body; offline/live limits remain,"[""Body read in current working snapshot at lines 926-940"", ""Current source body inspection across consecutive and overlapping ranges""]",[],"[""Live Discord/API behavior unverified"", ""Live Discord interaction, API limits/rate behavior and guild permission propagation not exercised""]"
cogs/pomodoro.py,Pomodoro.start_pomodoro,952,1166,"async def start_pomodoro(self, interaction: discord.Interaction, focus: Optional[int]=None, short_break: Optional[int]=None, long_break: Optional[int]=None, require_vc: bool=True)","Source operation: PomodoroInvitationView, PomodoroSession, acknowledge_interaction, all, any, app_commands.command, app_commands.describe, asyncio.Lock",source-body operation summary; detailed domain mapping belongs to mapper handoff,source-reviewed: no additional defect identified in inspected body; offline/live limits remain,"[""Body read in current working snapshot at lines 952-1166"", ""Current source body inspection across consecutive and overlapping ranges""]",[],"[""Live Discord/API behavior unverified"", ""Live Discord interaction, API limits/rate behavior and guild permission propagation not exercised""]"
cogs/pomodoro.py,Pomodoro.edit_pomodoro,1178,1274,"async def edit_pomodoro(self, interaction: discord.Interaction, focus: Optional[int]=None, short_break: Optional[int]=None, long_break: Optional[int]=None, require_vc: Optional[bool]=None)","Source operation: acknowledge_interaction, all, any, app_commands.command, app_commands.describe, calculate_pomodoro_ratio, check_manager, discord.Color.green",source-body operation summary; detailed domain mapping belongs to mapper handoff,source-reviewed: no additional defect identified in inspected body; offline/live limits remain,"[""Body read in current working snapshot at lines 1178-1274"", ""Current source body inspection across consecutive and overlapping ranges""]",[],"[""Live Discord/API behavior unverified"", ""Live Discord interaction, API limits/rate behavior and guild permission propagation not exercised""]"
cogs/pomodoro.py,Pomodoro.end_pomodoro,1277,1310,"async def end_pomodoro(self, interaction: discord.Interaction)","Source operation: acknowledge_interaction, any, app_commands.command, interaction.response.is_done, interaction.response.send_message, is_guild_manager, isinstance, request_session_end",source-body operation summary; detailed domain mapping belongs to mapper handoff,source-reviewed: no additional defect identified in inspected body; offline/live limits remain,"[""Body read in current working snapshot at lines 1277-1310"", ""Current source body inspection across consecutive and overlapping ranges""]",[],"[""Live Discord/API behavior unverified"", ""Live Discord interaction, API limits/rate behavior and guild permission propagation not exercised""]"
cogs/pomodoro.py,Pomodoro._finish_pomodoro,1312,1322,"async def _finish_pomodoro(self, interaction: discord.Interaction, group: Dict[str, Any], session: PomodoroSession)","Source operation: any, group.get, self._remove_session, self._update_group_gui, self.sessions.values, send_response",source-body operation summary; detailed domain mapping belongs to mapper handoff,source-reviewed: no additional defect identified in inspected body; offline/live limits remain,"[""Body read in current working snapshot at lines 1312-1322"", ""Current source body inspection across consecutive and overlapping ranges""]",[],"[""Live Discord/API behavior unverified"", ""Live Discord interaction, API limits/rate behavior and guild permission propagation not exercised""]"
cogs/pomodoro.py,Pomodoro.pause_pomodoro,1325,1375,"async def pause_pomodoro(self, interaction: discord.Interaction)","Source operation: acknowledge_interaction, allowed_users.add, app_commands.command, check_manager, datetime.now, group.get, interaction.response.is_done, interaction.response.send_message",source-body operation summary; detailed domain mapping belongs to mapper handoff,source-reviewed: no additional defect identified in inspected body; offline/live limits remain,"[""Body read in current working snapshot at lines 1325-1375"", ""Current source body inspection across consecutive and overlapping ranges""]",[],"[""Live Discord/API behavior unverified"", ""Live Discord interaction, API limits/rate behavior and guild permission propagation not exercised""]"
cogs/pomodoro.py,Pomodoro.resume_pomodoro,1378,1446,"async def resume_pomodoro(self, interaction: discord.Interaction)","Source operation: acknowledge_interaction, allowed_users.add, app_commands.command, check_manager, datetime.now, group.get, hasattr, interaction.response.is_done",source-body operation summary; detailed domain mapping belongs to mapper handoff,source-reviewed: OPEN findings POMO-01,"[""Body read in current working snapshot at lines 1378-1446"", ""Current source body inspection across consecutive and overlapping ranges""]","[""POMO-01""]","[""Live Discord/API behavior unverified"", ""Live Discord interaction, API limits/rate behavior and guild permission propagation not exercised""]"
cogs/pomodoro.py,Pomodoro.on_disconnect,1449,1456,async def on_disconnect(self),"Source operation: commands.Cog.listener, datetime.now, id, max, self._advance_stages, self.sessions.values, time.monotonic, {id(value): value for value in self.sessions.values()}.values",source-body operation summary; detailed domain mapping belongs to mapper handoff,source-reviewed: OPEN findings ARC-12,"[""Body read in current working snapshot at lines 1449-1456"", ""Current source body inspection across consecutive and overlapping ranges""]","[""ARC-12""]","[""Live Discord/API behavior unverified"", ""Live Discord interaction, API limits/rate behavior and guild permission propagation not exercised""]"
cogs/pomodoro.py,Pomodoro.on_ready,1459,1471,async def on_ready(self),"Source operation: commands.Cog.listener, datetime.now, getattr, id, list, max, self._advance_stages, self._persist_session",source-body operation summary; detailed domain mapping belongs to mapper handoff,source-reviewed: OPEN findings ARC-12,"[""Body read in current working snapshot at lines 1459-1471"", ""Current source body inspection across consecutive and overlapping ranges""]","[""ARC-12""]","[""Live Discord/API behavior unverified"", ""Live Discord interaction, API limits/rate behavior and guild permission propagation not exercised""]"
cogs/pomodoro.py,Pomodoro.on_resumed,1474,1475,async def on_resumed(self),"Source operation: commands.Cog.listener, self.on_ready",source-body operation summary; detailed domain mapping belongs to mapper handoff,source-reviewed: OPEN findings ARC-12,"[""Body read in current working snapshot at lines 1474-1475"", ""Current source body inspection across consecutive and overlapping ranges""]","[""ARC-12""]","[""Live Discord/API behavior unverified"", ""Live Discord interaction, API limits/rate behavior and guild permission propagation not exercised""]"
cogs/pomodoro.py,Pomodoro.run_timer,1478,1604,async def run_timer(self),"Source operation: (now - last_saved).total_seconds, (now_saved - last_saved).total_seconds, PomodoroRenewView, any, datetime.now, deadline.timestamp, getattr, guild.get_channel",source-body operation summary; detailed domain mapping belongs to mapper handoff,source-reviewed: no additional defect identified in inspected body; offline/live limits remain,"[""Body read in current working snapshot at lines 1478-1604"", ""Current source body inspection across consecutive and overlapping ranges""]",[],"[""Live Discord/API behavior unverified"", ""Live Discord interaction, API limits/rate behavior and guild permission propagation not exercised""]"
cogs/pomodoro.py,Pomodoro.send_notification,1606,1673,"async def send_notification(self, guild_id, group_id, message, send_ui=False, ping_group=False, view=None)","Source operation: ' '.join, PomodoroPresenceView, db_grp.get, getattr, guild.get_channel, hasattr, isinstance, self.bot.db.fetch_study_group_by_id",source-body operation summary; detailed domain mapping belongs to mapper handoff,source-reviewed: no additional defect identified in inspected body; offline/live limits remain,"[""Body read in current working snapshot at lines 1606-1673"", ""Current source body inspection across consecutive and overlapping ranges""]",[],"[""Live Discord/API behavior unverified"", ""Live Discord interaction, API limits/rate behavior and guild permission propagation not exercised""]"
cogs/pomodoro.py,Pomodoro.pomodoro_status,1679,1722,"async def pomodoro_status(self, interaction: discord.Interaction)","Source operation: acknowledge_interaction, app_commands.command, discord.Color.blue, discord.Embed, embed.add_field, interaction.response.is_done, interaction.response.send_message, math.ceil",source-body operation summary; detailed domain mapping belongs to mapper handoff,source-reviewed: no additional defect identified in inspected body; offline/live limits remain,"[""Body read in current working snapshot at lines 1679-1722"", ""Current source body inspection across consecutive and overlapping ranges""]",[],"[""Live Discord/API behavior unverified"", ""Live Discord interaction, API limits/rate behavior and guild permission propagation not exercised""]"
cogs/pomodoro.py,Pomodoro.invite_to_pomodoro,1729,1758,"async def invite_to_pomodoro(self, interaction: discord.Interaction, user: discord.Member)","Source operation: PomodoroInvitationView, acknowledge_interaction, app_commands.command, app_commands.describe, interaction.response.is_done, self._get_session, self._resolve_group, send_response",source-body operation summary; detailed domain mapping belongs to mapper handoff,source-reviewed: no additional defect identified in inspected body; offline/live limits remain,"[""Body read in current working snapshot at lines 1729-1758"", ""Current source body inspection across consecutive and overlapping ranges""]",[],"[""Live Discord/API behavior unverified"", ""Live Discord interaction, API limits/rate behavior and guild permission propagation not exercised""]"
cogs/pomodoro.py,setup,1761,1763,async def setup(bot),"Source operation: Pomodoro, bot.add_cog",source-body operation summary; detailed domain mapping belongs to mapper handoff,source-reviewed: no additional defect identified in inspected body; offline/live limits remain,"[""Body read in current working snapshot at lines 1761-1763"", ""Current source body inspection across consecutive and overlapping ranges""]",[],"[""Live Discord/API behavior unverified"", ""Live Discord interaction, API limits/rate behavior and guild permission propagation not exercised""]"
cogs/productivity_tracker.py,ProductivityTracker.__init__,13,16,"def __init__(self, bot)","Initializes object state; source writes: self.bot, self.productivity_service",source-body operation summary; detailed domain mapping belongs to mapper handoff,source-reviewed: no additional defect identified in inspected body; offline/live limits remain,"[""Body read in current working snapshot at lines 13-16"", ""Current source body inspection""]",[],"[""Live Discord interaction, API limits/rate behavior and guild permission propagation not exercised""]"
cogs/productivity_tracker.py,ProductivityTracker.productivity,19,41,"async def productivity(self, interaction: discord.Interaction)","Source operation: acknowledge_interaction, app_commands.command, discord.Color.green, discord.Embed, embed.add_field, f""{metrics['time_spent']:.4f}"".rstrip, f""{metrics['time_spent']:.4f}"".rstrip('0').rstrip, self.productivity_service.get_productivity_metrics",source-body operation summary; detailed domain mapping belongs to mapper handoff,source-reviewed: no additional defect identified in inspected body; offline/live limits remain,"[""Body read in current working snapshot at lines 19-41"", ""Current source body inspection""]",[],"[""Live Discord/API behavior unverified"", ""Live Discord interaction, API limits/rate behavior and guild permission propagation not exercised""]"
cogs/productivity_tracker.py,setup,44,46,async def setup(bot),"Source operation: ProductivityTracker, bot.add_cog",source-body operation summary; detailed domain mapping belongs to mapper handoff,source-reviewed: no additional defect identified in inspected body; offline/live limits remain,"[""Body read in current working snapshot at lines 44-46"", ""Current source body inspection""]",[],"[""Live Discord/API behavior unverified"", ""Live Discord interaction, API limits/rate behavior and guild permission propagation not exercised""]"
cogs/study_groups.py,GroupInvitationView.__init__,41,47,"def __init__(self, group: 'StudyGroup', user_id: int)","Initializes object state; source writes: self.action_lock, self.group, self.target_member, self.user_id",source-body operation summary; detailed domain mapping belongs to mapper handoff,source-reviewed: no additional defect identified in inspected body; offline/live limits remain,"[""Body read in current working snapshot at lines 41-47"", ""Current source body inspection across consecutive and overlapping ranges""]",[],"[""Live Discord interaction, API limits/rate behavior and guild permission propagation not exercised""]"
cogs/study_groups.py,GroupInvitationView.interaction_check,49,53,"async def interaction_check(self, interaction: discord.Interaction)",Source operation: interaction.response.send_message,source-body operation summary; detailed domain mapping belongs to mapper handoff,source-reviewed: no additional defect identified in inspected body; offline/live limits remain,"[""Body read in current working snapshot at lines 49-53"", ""Current source body inspection across consecutive and overlapping ranges""]",[],"[""Live Discord/API behavior unverified"", ""Live Discord interaction, API limits/rate behavior and guild permission propagation not exercised""]"
cogs/study_groups.py,GroupInvitationView.join_button,56,98,"async def join_button(self, interaction: discord.Interaction, button: discord.ui.Button)","Source operation: discord.ui.button, interaction.edit_original_response, interaction.response.defer, interaction.response.is_done, len, owner.send, self.group.add_member, self.group.group_info_embed",source-body operation summary; detailed domain mapping belongs to mapper handoff,source-reviewed: no additional defect identified in inspected body; offline/live limits remain,"[""Body read in current working snapshot at lines 56-98"", ""Current source body inspection across consecutive and overlapping ranges""]",[],"[""Live Discord/API behavior unverified"", ""Live Discord interaction, API limits/rate behavior and guild permission propagation not exercised""]"
cogs/study_groups.py,GroupInvitationView.decline_button,101,122,"async def decline_button(self, interaction: discord.Interaction, button: discord.ui.Button)","Source operation: discord.ui.button, interaction.edit_original_response, interaction.response.defer, interaction.response.is_done, owner.send, self.group.guild.get_member, self.interaction_check, self.is_finished",source-body operation summary; detailed domain mapping belongs to mapper handoff,source-reviewed: OPEN findings VOTE-01,"[""Body read in current working snapshot at lines 101-122"", ""Current source body inspection across consecutive and overlapping ranges""]","[""VOTE-01""]","[""Live Discord/API behavior unverified"", ""Live Discord interaction, API limits/rate behavior and guild permission propagation not exercised""]"
cogs/study_groups.py,EndGroupVoteView.__init__,126,133,"def __init__(self, group: 'StudyGroup', initiator_id: int, timeout: float=120.0)","Initializes object state; source writes: self.action_lock, self.group, self.initiator_id, self.message, self.no_votes, self.yes_votes",source-body operation summary; detailed domain mapping belongs to mapper handoff,source-reviewed: OPEN findings VOTE-01,"[""Body read in current working snapshot at lines 126-133"", ""Current source body inspection across consecutive and overlapping ranges""]","[""VOTE-01""]","[""Live Discord interaction, API limits/rate behavior and guild permission propagation not exercised""]"
cogs/study_groups.py,EndGroupVoteView._get_required_votes,135,136,def _get_required_votes(self),Source operation: len,source-body operation summary; detailed domain mapping belongs to mapper handoff,source-reviewed: OPEN findings VOTE-01,"[""Body read in current working snapshot at lines 135-136"", ""Current source body inspection across consecutive and overlapping ranges""]","[""VOTE-01""]","[""Live Discord interaction, API limits/rate behavior and guild permission propagation not exercised""]"
cogs/study_groups.py,EndGroupVoteView.vote_yes_button,139,171,"async def vote_yes_button(self, interaction: discord.Interaction, button: Optional[discord.ui.Button[Any]]=None)","Source operation: acknowledge_interaction, discord.ui.button, len, self._get_required_votes, self.group.end_group, self.no_votes.discard, self.stop, self.yes_votes.add",source-body operation summary; detailed domain mapping belongs to mapper handoff,source-reviewed: OPEN findings VOTE-01,"[""Body read in current working snapshot at lines 139-171"", ""Current source body inspection across consecutive and overlapping ranges""]","[""VOTE-01""]","[""Live Discord/API behavior unverified"", ""Live Discord interaction, API limits/rate behavior and guild permission propagation not exercised""]"
cogs/study_groups.py,EndGroupVoteView.vote_no_button,174,206,"async def vote_no_button(self, interaction: discord.Interaction, button: Optional[discord.ui.Button[Any]]=None)","Source operation: acknowledge_interaction, discord.ui.button, len, self._get_required_votes, self.no_votes.add, self.stop, self.yes_votes.discard, send_response",source-body operation summary; detailed domain mapping belongs to mapper handoff,source-reviewed: OPEN findings VOTE-01,"[""Body read in current working snapshot at lines 174-206"", ""Current source body inspection across consecutive and overlapping ranges""]","[""VOTE-01""]","[""Live Discord/API behavior unverified"", ""Live Discord interaction, API limits/rate behavior and guild permission propagation not exercised""]"
cogs/study_groups.py,VotekickView.__init__,210,218,"def __init__(self, group: 'StudyGroup', target_id: int, initiator_id: int, timeout: float=120.0)","Initializes object state; source writes: self.action_lock, self.group, self.initiator_id, self.keep_votes, self.kick_votes, self.message, self.target_id",source-body operation summary; detailed domain mapping belongs to mapper handoff,source-reviewed: no additional defect identified in inspected body; offline/live limits remain,"[""Body read in current working snapshot at lines 210-218"", ""Current source body inspection across consecutive and overlapping ranges""]",[],"[""Live Discord interaction, API limits/rate behavior and guild permission propagation not exercised""]"
cogs/study_groups.py,VotekickView._get_eligible_voters,220,221,def _get_eligible_voters(self),Returns or updates local/object state; source inspected,source-body operation summary; detailed domain mapping belongs to mapper handoff,source-reviewed: no additional defect identified in inspected body; offline/live limits remain,"[""Body read in current working snapshot at lines 220-221"", ""Current source body inspection across consecutive and overlapping ranges""]",[],"[""Live Discord interaction, API limits/rate behavior and guild permission propagation not exercised""]"
cogs/study_groups.py,VotekickView._get_required_votes,223,225,def _get_required_votes(self),"Source operation: len, self._get_eligible_voters",source-body operation summary; detailed domain mapping belongs to mapper handoff,source-reviewed: no additional defect identified in inspected body; offline/live limits remain,"[""Body read in current working snapshot at lines 223-225"", ""Current source body inspection across consecutive and overlapping ranges""]",[],"[""Live Discord interaction, API limits/rate behavior and guild permission propagation not exercised""]"
cogs/study_groups.py,VotekickView.vote_kick_button,228,277,"async def vote_kick_button(self, interaction: discord.Interaction, button: Optional[discord.ui.Button[Any]]=None)","Source operation: acknowledge_interaction, discord.ui.button, len, self._get_eligible_voters, self._get_required_votes, self.group.db.transfer_ownership_study_group_db, self.group.guild.get_member, self.group.remove_member",source-body operation summary; detailed domain mapping belongs to mapper handoff,"source-reviewed: OPEN findings VOTE-02, VOTE-03","[""Body read in current working snapshot at lines 228-277"", ""Current source body inspection across consecutive and overlapping ranges""]","[""VOTE-02"", ""VOTE-03""]","[""Live Discord/API behavior unverified"", ""Live Discord interaction, API limits/rate behavior and guild permission propagation not exercised""]"
cogs/study_groups.py,VotekickView.vote_keep_button,280,318,"async def vote_keep_button(self, interaction: discord.Interaction, button: Optional[discord.ui.Button[Any]]=None)","Source operation: acknowledge_interaction, discord.ui.button, len, self._get_eligible_voters, self._get_required_votes, self.group.guild.get_member, self.keep_votes.add, self.kick_votes.discard",source-body operation summary; detailed domain mapping belongs to mapper handoff,source-reviewed: no additional defect identified in inspected body; offline/live limits remain,"[""Body read in current working snapshot at lines 280-318"", ""Current source body inspection across consecutive and overlapping ranges""]",[],"[""Live Discord/API behavior unverified"", ""Live Discord interaction, API limits/rate behavior and guild permission propagation not exercised""]"
cogs/study_groups.py,VotekickSelect.__init__,322,329,"def __init__(self, group: 'StudyGroup', candidates: list[int])",Initializes object state; source writes: self.group,source-body operation summary; detailed domain mapping belongs to mapper handoff,source-reviewed: no additional defect identified in inspected body; offline/live limits remain,"[""Body read in current working snapshot at lines 322-329"", ""Current source body inspection across consecutive and overlapping ranges""]",[],"[""Live Discord interaction, API limits/rate behavior and guild permission propagation not exercised""]"
cogs/study_groups.py,VotekickSelect.callback,331,334,"async def callback(self, interaction: discord.Interaction)","Source operation: acknowledge_interaction, int, self.group.start_votekick",source-body operation summary; detailed domain mapping belongs to mapper handoff,source-reviewed: no additional defect identified in inspected body; offline/live limits remain,"[""Body read in current working snapshot at lines 331-334"", ""Current source body inspection across consecutive and overlapping ranges""]",[],"[""Live Discord/API behavior unverified"", ""Live Discord interaction, API limits/rate behavior and guild permission propagation not exercised""]"
cogs/study_groups.py,VotekickSelectView.__init__,338,342,"def __init__(self, group: 'StudyGroup', candidates: list[int], initiator_id: int)","Initializes object state; source writes: self.group, self.initiator_id",source-body operation summary; detailed domain mapping belongs to mapper handoff,source-reviewed: no additional defect identified in inspected body; offline/live limits remain,"[""Body read in current working snapshot at lines 338-342"", ""Current source body inspection across consecutive and overlapping ranges""]",[],"[""Live Discord interaction, API limits/rate behavior and guild permission propagation not exercised""]"
cogs/study_groups.py,VotekickSelectView.interaction_check,344,348,"async def interaction_check(self, interaction: discord.Interaction)",Source operation: send_response,source-body operation summary; detailed domain mapping belongs to mapper handoff,source-reviewed: no additional defect identified in inspected body; offline/live limits remain,"[""Body read in current working snapshot at lines 344-348"", ""Current source body inspection across consecutive and overlapping ranges""]",[],"[""Live Discord/API behavior unverified"", ""Live Discord interaction, API limits/rate behavior and guild permission propagation not exercised""]"
cogs/study_groups.py,StudyGroup.__init__,352,408,"def __init__(self, db, cog, guild_id: int, name: str, creator_id: int, category_id: int, max_members: int, member_ids: List[int])","Initializes object state; source writes: self._deleted_resources, self.active, self.active_end_vote, self.active_votekicks, self.bot, self.category_id, self.cog, self.creator_id",source-body operation summary; detailed domain mapping belongs to mapper handoff,source-reviewed: no additional defect identified in inspected body; offline/live limits remain,"[""Body read in current working snapshot at lines 352-408"", ""Current source body inspection across consecutive and overlapping ranges""]",[],"[""Live Discord interaction, API limits/rate behavior and guild permission propagation not exercised""]"
cogs/study_groups.py,StudyGroup.generate_group_id,411,413,def generate_group_id(self),"Source operation: str, uuid.uuid4",source-body operation summary; detailed domain mapping belongs to mapper handoff,source-reviewed: no additional defect identified in inspected body; offline/live limits remain,"[""Body read in current working snapshot at lines 411-413"", ""Current source body inspection across consecutive and overlapping ranges""]",[],"[""Live Discord interaction, API limits/rate behavior and guild permission propagation not exercised""]"
cogs/study_groups.py,StudyGroup.setup_group_resources,416,544,"async def setup_group_resources(self, interaction: discord.Interaction)","Source operation: all, category.create_text_channel, category.create_voice_channel, category.permissions_for, getattr, isinstance, max, member.add_roles",source-body operation summary; detailed domain mapping belongs to mapper handoff,source-reviewed: OPEN findings GROUP-01,"[""Body read in current working snapshot at lines 416-544"", ""Current source body inspection across consecutive and overlapping ranges""]","[""GROUP-01""]","[""Live Discord/API behavior unverified"", ""Live Discord interaction, API limits/rate behavior and guild permission propagation not exercised""]"
cogs/study_groups.py,StudyGroup.is_owner,561,563,"def is_owner(self, user_id: int)",Returns or updates local/object state; source inspected,source-body operation summary; detailed domain mapping belongs to mapper handoff,source-reviewed: no additional defect identified in inspected body; offline/live limits remain,"[""Body read in current working snapshot at lines 561-563"", ""Current source body inspection across consecutive and overlapping ranges""]",[],"[""Live Discord interaction, API limits/rate behavior and guild permission propagation not exercised""]"
cogs/study_groups.py,StudyGroup.is_member,566,568,"def is_member(self, user_id: int)",Returns or updates local/object state; source inspected,source-body operation summary; detailed domain mapping belongs to mapper handoff,source-reviewed: no additional defect identified in inspected body; offline/live limits remain,"[""Body read in current working snapshot at lines 566-568"", ""Current source body inspection across consecutive and overlapping ranges""]",[],"[""Live Discord interaction, API limits/rate behavior and guild permission propagation not exercised""]"
cogs/study_groups.py,StudyGroup.add_member,571,638,"async def add_member(self, user_or_id: Union[discord.Member, int], interaction: Optional[discord.Interaction]=None)","Source operation: int, isinstance, len, member.add_roles, member.remove_roles, self.db.add_member_to_study_group_db, self.db.get_user_joined_group_count, self.guild.get_member",source-body operation summary; detailed domain mapping belongs to mapper handoff,source-reviewed: no additional defect identified in inspected body; offline/live limits remain,"[""Body read in current working snapshot at lines 571-638"", ""Current source body inspection across consecutive and overlapping ranges""]",[],"[""Live Discord/API behavior unverified"", ""Live Discord interaction, API limits/rate behavior and guild permission propagation not exercised""]"
cogs/study_groups.py,StudyGroup.remove_member,641,698,"async def remove_member(self, interaction: discord.Interaction, user_id: int, ephemeral: bool=True)","Source operation: len, member.remove_roles, self.db.remove_member_from_study_group_db, self.guild.get_member, self.guild.get_role, self.member_ids.remove, send_response",source-body operation summary; detailed domain mapping belongs to mapper handoff,source-reviewed: OPEN findings VOTE-04,"[""Body read in current working snapshot at lines 641-698"", ""Current source body inspection across consecutive and overlapping ranges""]","[""VOTE-04""]","[""Live Discord/API behavior unverified"", ""Live Discord interaction, API limits/rate behavior and guild permission propagation not exercised""]"
cogs/study_groups.py,StudyGroup.can_control,701,705,"async def can_control(self, user: Union[discord.Member, discord.User])",Source operation: has_guild_permissions,source-body operation summary; detailed domain mapping belongs to mapper handoff,source-reviewed: OPEN findings VOTE-04,"[""Body read in current working snapshot at lines 701-705"", ""Current source body inspection across consecutive and overlapping ranges""]","[""VOTE-04""]","[""Live Discord/API behavior unverified"", ""Live Discord interaction, API limits/rate behavior and guild permission propagation not exercised""]"
cogs/study_groups.py,StudyGroup.transfer_ownership,708,814,"async def transfer_ownership(self, interaction: discord.Interaction, new_owner_id: int)","Source operation: interaction.guild.fetch_member, interaction.guild.get_member, interaction.response.is_done, interaction.response.send_message, self.add_member, self.can_control, self.db.transfer_ownership_study_group_db, self.group_info_embed",source-body operation summary; detailed domain mapping belongs to mapper handoff,source-reviewed: no additional defect identified in inspected body; offline/live limits remain,"[""Body read in current working snapshot at lines 708-814"", ""Current source body inspection across consecutive and overlapping ranges""]",[],"[""Live Discord/API behavior unverified"", ""Live Discord interaction, API limits/rate behavior and guild permission propagation not exercised""]"
cogs/study_groups.py,StudyGroup.button_view,828,889,async def button_view(self),"Source operation: Button, View, isinstance, self.guild.get_channel, self.view.add_item",source-body operation summary; detailed domain mapping belongs to mapper handoff,source-reviewed: no additional defect identified in inspected body; offline/live limits remain,"[""Body read in current working snapshot at lines 828-889"", ""Current source body inspection across consecutive and overlapping ranges""]",[],"[""Live Discord/API behavior unverified"", ""Live Discord interaction, API limits/rate behavior and guild permission propagation not exercised""]"
cogs/study_groups.py,StudyGroup.send_welcome_message,892,909,async def send_welcome_message(self),"Source operation: self.guild.get_channel, self.guild.get_role, send_channel.send",source-body operation summary; detailed domain mapping belongs to mapper handoff,source-reviewed: no additional defect identified in inspected body; offline/live limits remain,"[""Body read in current working snapshot at lines 892-909"", ""Current source body inspection across consecutive and overlapping ranges""]",[],"[""Live Discord/API behavior unverified"", ""Live Discord interaction, API limits/rate behavior and guild permission propagation not exercised""]"
cogs/study_groups.py,StudyGroup.disable_buttons,912,929,"async def disable_buttons(self, message: discord.Message)","Source operation: AccessView.from_message, getattr, isinstance, message.edit",source-body operation summary; detailed domain mapping belongs to mapper handoff,source-reviewed: no additional defect identified in inspected body; offline/live limits remain,"[""Body read in current working snapshot at lines 912-929"", ""Current source body inspection across consecutive and overlapping ranges""]",[],"[""Live Discord/API behavior unverified"", ""Live Discord interaction, API limits/rate behavior and guild permission propagation not exercised""]"
cogs/study_groups.py,StudyGroup.group_info_embed,932,1105,"async def group_info_embed(self, update: bool=False)","Source operation: ' '.join, ', '.join, checkin_cog.active_sessions.values, checkin_session.member_statuses.items, data.get, discord.AllowedMentions, discord.Embed, embed.add_field",source-body operation summary; detailed domain mapping belongs to mapper handoff,source-reviewed: no additional defect identified in inspected body; offline/live limits remain,"[""Body read in current working snapshot at lines 932-1105"", ""Current source body inspection across consecutive and overlapping ranges""]",[],"[""Live Discord/API behavior unverified"", ""Live Discord interaction, API limits/rate behavior and guild permission propagation not exercised""]"
cogs/study_groups.py,StudyGroup.send_ping_message,1108,1130,"async def send_ping_message(self, send_channel: Optional[discord.TextChannel]=None)","Source operation: ', '.join, isinstance, members.append, self.guild.get_channel, self.guild.get_member, self.guild.get_role, send_channel.send",source-body operation summary; detailed domain mapping belongs to mapper handoff,source-reviewed: no additional defect identified in inspected body; offline/live limits remain,"[""Body read in current working snapshot at lines 1108-1130"", ""Current source body inspection across consecutive and overlapping ranges""]",[],"[""Live Discord/API behavior unverified"", ""Live Discord interaction, API limits/rate behavior and guild permission propagation not exercised""]"
cogs/study_groups.py,StudyGroup.end_group_callback,1154,1198,"async def end_group_callback(self, interaction: discord.Interaction)","Source operation: acknowledge_interaction, has_guild_permissions, len, self.end_group, self.guild.get_role, self.start_end_vote, send_response, should_use_ephemeral",source-body operation summary; detailed domain mapping belongs to mapper handoff,source-reviewed: no additional defect identified in inspected body; offline/live limits remain,"[""Body read in current working snapshot at lines 1154-1198"", ""Current source body inspection across consecutive and overlapping ranges""]",[],"[""Live Discord/API behavior unverified"", ""Live Discord interaction, API limits/rate behavior and guild permission propagation not exercised""]"
cogs/study_groups.py,StudyGroup.start_end_vote,1200,1225,"async def start_end_vote(self, interaction: discord.Interaction)","Source operation: EndGroupVoteView, callable, getattr, len, self.active_end_vote.is_finished, self.guild.get_channel, send_fn, send_response",source-body operation summary; detailed domain mapping belongs to mapper handoff,source-reviewed: no additional defect identified in inspected body; offline/live limits remain,"[""Body read in current working snapshot at lines 1200-1225"", ""Current source body inspection across consecutive and overlapping ranges""]",[],"[""Live Discord/API behavior unverified"", ""Live Discord interaction, API limits/rate behavior and guild permission propagation not exercised""]"
cogs/study_groups.py,StudyGroup.request_end,1227,1250,"async def request_end(self, interaction: discord.Interaction)","Source operation: acknowledge_interaction, interaction.response.is_done, request_session_end, self.end_group, send_response",source-body operation summary; detailed domain mapping belongs to mapper handoff,source-reviewed: no additional defect identified in inspected body; offline/live limits remain,"[""Body read in current working snapshot at lines 1227-1250"", ""Current source body inspection across consecutive and overlapping ranges""]",[],"[""Live Discord/API behavior unverified"", ""Live Discord interaction, API limits/rate behavior and guild permission propagation not exercised""]"
cogs/study_groups.py,StudyGroup.request_end.confirm,1235,1242,async def confirm(owner_interaction: discord.Interaction),"Source operation: self.end_group, send_response",source-body operation summary; detailed domain mapping belongs to mapper handoff,source-reviewed: no additional defect identified in inspected body; offline/live limits remain,"[""Body read in current working snapshot at lines 1235-1242"", ""Current source body inspection across consecutive and overlapping ranges""]",[],"[""Live Discord/API behavior unverified"", ""Live Discord interaction, API limits/rate behavior and guild permission propagation not exercised""]"
cogs/study_groups.py,StudyGroup.transfer_group_callback,1253,1295,"async def transfer_group_callback(self, interaction: discord.Interaction)","Source operation: TransferUserSelect, View, interaction.response.is_done, interaction.response.send_message, select_interaction.response.send_message, self.can_control, send_response, study_group_ref.can_control",source-body operation summary; detailed domain mapping belongs to mapper handoff,source-reviewed: no additional defect identified in inspected body; offline/live limits remain,"[""Body read in current working snapshot at lines 1253-1295"", ""Current source body inspection across consecutive and overlapping ranges""]",[],"[""Live Discord/API behavior unverified"", ""Live Discord interaction, API limits/rate behavior and guild permission propagation not exercised""]"
cogs/study_groups.py,StudyGroup.transfer_group_callback.TransferUserSelect.__init__,1265,1270,def __init__(self),Initializes object state; source writes: ,source-body operation summary; detailed domain mapping belongs to mapper handoff,source-reviewed: no additional defect identified in inspected body; offline/live limits remain,"[""Body read in current working snapshot at lines 1265-1270"", ""Current source body inspection across consecutive and overlapping ranges""]",[],"[""Live Discord interaction, API limits/rate behavior and guild permission propagation not exercised""]"
cogs/study_groups.py,StudyGroup.transfer_group_callback.TransferUserSelect.callback,1272,1280,"async def callback(self, select_interaction: discord.Interaction)","Source operation: select_interaction.response.send_message, study_group_ref.can_control, study_group_ref.transfer_ownership",source-body operation summary; detailed domain mapping belongs to mapper handoff,source-reviewed: no additional defect identified in inspected body; offline/live limits remain,"[""Body read in current working snapshot at lines 1272-1280"", ""Current source body inspection across consecutive and overlapping ranges""]",[],"[""Live Discord/API behavior unverified"", ""Live Discord interaction, API limits/rate behavior and guild permission propagation not exercised""]"
cogs/study_groups.py,StudyGroup.rename_group_callback,1298,1377,"async def rename_group_callback(self, interaction: discord.Interaction)","Source operation: RenameGroupModal, TextInput, ch_text.edit, ch_vc.edit, interaction.guild.get_channel, interaction.guild.get_role, interaction.response.defer, interaction.response.send_message",source-body operation summary; detailed domain mapping belongs to mapper handoff,source-reviewed: no additional defect identified in inspected body; offline/live limits remain,"[""Body read in current working snapshot at lines 1298-1377"", ""Current source body inspection across consecutive and overlapping ranges""]",[],"[""Live Discord/API behavior unverified"", ""Live Discord interaction, API limits/rate behavior and guild permission propagation not exercised""]"
cogs/study_groups.py,StudyGroup.rename_group_callback.RenameGroupModal.__init__,1308,1319,"def __init__(self, study_group, *args, **kwargs)","Initializes object state; source writes: self.new_name_input, self.study_group",source-body operation summary; detailed domain mapping belongs to mapper handoff,source-reviewed: no additional defect identified in inspected body; offline/live limits remain,"[""Body read in current working snapshot at lines 1308-1319"", ""Current source body inspection across consecutive and overlapping ranges""]",[],"[""Live Discord interaction, API limits/rate behavior and guild permission propagation not exercised""]"
cogs/study_groups.py,StudyGroup.rename_group_callback.RenameGroupModal.on_submit,1322,1365,"async def on_submit(self, interaction: discord.Interaction)","Source operation: ch_text.edit, ch_vc.edit, interaction.guild.get_channel, interaction.guild.get_role, interaction.response.defer, isinstance, role.edit, self.study_group.db.update_study_group_by_id",source-body operation summary; detailed domain mapping belongs to mapper handoff,source-reviewed: no additional defect identified in inspected body; offline/live limits remain,"[""Body read in current working snapshot at lines 1322-1365"", ""Current source body inspection across consecutive and overlapping ranges""]",[],"[""Live Discord/API behavior unverified"", ""Live Discord interaction, API limits/rate behavior and guild permission propagation not exercised""]"
cogs/study_groups.py,StudyGroup.extend_duration_callback,1380,1415,"async def extend_duration_callback(self, interaction: discord.Interaction)","Source operation: float, int, interaction.response.defer, interaction.response.is_done, interaction.response.send_message, self.can_control, self.db.update_study_group_by_id, self.group_info_embed",source-body operation summary; detailed domain mapping belongs to mapper handoff,source-reviewed: no additional defect identified in inspected body; offline/live limits remain,"[""Body read in current working snapshot at lines 1380-1415"", ""Current source body inspection across consecutive and overlapping ranges""]",[],"[""Live Discord/API behavior unverified"", ""Live Discord interaction, API limits/rate behavior and guild permission propagation not exercised""]"
cogs/study_groups.py,StudyGroup.speak_toggle_callback,1417,1418,"async def speak_toggle_callback(self, interaction: discord.Interaction)",Source operation: self._toggle_voice_permission,source-body operation summary; detailed domain mapping belongs to mapper handoff,source-reviewed: no additional defect identified in inspected body; offline/live limits remain,"[""Body read in current working snapshot at lines 1417-1418"", ""Current source body inspection across consecutive and overlapping ranges""]",[],"[""Live Discord/API behavior unverified"", ""Live Discord interaction, API limits/rate behavior and guild permission propagation not exercised""]"
cogs/study_groups.py,StudyGroup.video_toggle_callback,1420,1421,"async def video_toggle_callback(self, interaction: discord.Interaction)",Source operation: self._toggle_voice_permission,source-body operation summary; detailed domain mapping belongs to mapper handoff,source-reviewed: no additional defect identified in inspected body; offline/live limits remain,"[""Body read in current working snapshot at lines 1420-1421"", ""Current source body inspection across consecutive and overlapping ranges""]",[],"[""Live Discord/API behavior unverified"", ""Live Discord interaction, API limits/rate behavior and guild permission propagation not exercised""]"
cogs/study_groups.py,StudyGroup._toggle_voice_permission,1423,1434,"async def _toggle_voice_permission(self, interaction: discord.Interaction, permission: str)","Source operation: interaction.response.defer, self._set_voice_permission, self.can_control, send_response",source-body operation summary; detailed domain mapping belongs to mapper handoff,source-reviewed: no additional defect identified in inspected body; offline/live limits remain,"[""Body read in current working snapshot at lines 1423-1434"", ""Current source body inspection across consecutive and overlapping ranges""]",[],"[""Live Discord/API behavior unverified"", ""Live Discord interaction, API limits/rate behavior and guild permission propagation not exercised""]"
cogs/study_groups.py,StudyGroup._set_voice_permission,1436,1513,"async def _set_voice_permission(self, interaction: discord.Interaction, permission: str)","Source operation: applied_targets.append, channel.overwrites_for, channel.set_permissions, discord.PermissionOverwrite.from_pair, isinstance, overwrite.pair, overwrites.append, previous_overwrites.append",source-body operation summary; detailed domain mapping belongs to mapper handoff,source-reviewed: no additional defect identified in inspected body; offline/live limits remain,"[""Body read in current working snapshot at lines 1436-1513"", ""Current source body inspection across consecutive and overlapping ranges""]",[],"[""Live Discord/API behavior unverified"", ""Live Discord interaction, API limits/rate behavior and guild permission propagation not exercised""]"
cogs/study_groups.py,StudyGroup._cancel_video_enforcement,1515,1523,"def _cancel_video_enforcement(self, user_id: Optional[int]=None)","Source operation: list, self.video_enforcement_tasks.clear, self.video_enforcement_tasks.pop, self.video_enforcement_tasks.values, task.cancel",source-body operation summary; detailed domain mapping belongs to mapper handoff,source-reviewed: no additional defect identified in inspected body; offline/live limits remain,"[""Body read in current working snapshot at lines 1515-1523"", ""Current source body inspection across consecutive and overlapping ranges""]",[],"[""Live Discord interaction, API limits/rate behavior and guild permission propagation not exercised""]"
cogs/study_groups.py,StudyGroup._schedule_video_enforcement,1525,1527,"def _schedule_video_enforcement(self, member: discord.Member)","Source operation: asyncio.create_task, self._cancel_video_enforcement, self._enforce_video",source-body operation summary; detailed domain mapping belongs to mapper handoff,source-reviewed: no additional defect identified in inspected body; offline/live limits remain,"[""Body read in current working snapshot at lines 1525-1527"", ""Current source body inspection across consecutive and overlapping ranges""]",[],"[""Live Discord interaction, API limits/rate behavior and guild permission propagation not exercised""]"
cogs/study_groups.py,StudyGroup.has_video,1530,1531,def has_video(voice_state: discord.VoiceState),Returns or updates local/object state; source inspected,source-body operation summary; detailed domain mapping belongs to mapper handoff,source-reviewed: no additional defect identified in inspected body; offline/live limits remain,"[""Body read in current working snapshot at lines 1530-1531"", ""Current source body inspection across consecutive and overlapping ranges""]",[],"[""Live Discord interaction, API limits/rate behavior and guild permission propagation not exercised""]"
cogs/study_groups.py,StudyGroup._enforce_video,1533,1578,"async def _enforce_video(self, member: discord.Member)","Source operation: asyncio.current_task, asyncio.sleep, max, member.send, min, relocate_to_default_vc, self.has_video, self.video_enforcement_tasks.get",source-body operation summary; detailed domain mapping belongs to mapper handoff,source-reviewed: no additional defect identified in inspected body; offline/live limits remain,"[""Body read in current working snapshot at lines 1533-1578"", ""Current source body inspection across consecutive and overlapping ranges""]",[],"[""Live Discord/API behavior unverified"", ""Live Discord interaction, API limits/rate behavior and guild permission propagation not exercised""]"
cogs/study_groups.py,StudyGroup.handle_voice_state_update,1580,1586,"async def handle_voice_state_update(self, member: discord.Member, before, after)","Source operation: self._cancel_video_enforcement, self._schedule_video_enforcement, self.has_video",source-body operation summary; detailed domain mapping belongs to mapper handoff,source-reviewed: no additional defect identified in inspected body; offline/live limits remain,"[""Body read in current working snapshot at lines 1580-1586"", ""Current source body inspection across consecutive and overlapping ranges""]",[],"[""Live Discord/API behavior unverified"", ""Live Discord interaction, API limits/rate behavior and guild permission propagation not exercised""]"
cogs/study_groups.py,StudyGroup.votekick_callback,1589,1602,"async def votekick_callback(self, interaction: discord.Interaction)","Source operation: VotekickSelectView, acknowledge_interaction, send_response",source-body operation summary; detailed domain mapping belongs to mapper handoff,source-reviewed: no additional defect identified in inspected body; offline/live limits remain,"[""Body read in current working snapshot at lines 1589-1602"", ""Current source body inspection across consecutive and overlapping ranges""]",[],"[""Live Discord/API behavior unverified"", ""Live Discord interaction, API limits/rate behavior and guild permission propagation not exercised""]"
cogs/study_groups.py,StudyGroup.start_votekick,1604,1680,"async def start_votekick(self, interaction: discord.Interaction, target_id: int)","Source operation: VotekickView, callable, getattr, has_guild_permissions, hasattr, len, self.active_votekicks.get, self.active_votekicks[target_id].is_finished",source-body operation summary; detailed domain mapping belongs to mapper handoff,source-reviewed: OPEN findings VOTE-02,"[""Body read in current working snapshot at lines 1604-1680"", ""Current source body inspection across consecutive and overlapping ranges""]","[""VOTE-02""]","[""Live Discord/API behavior unverified"", ""Live Discord interaction, API limits/rate behavior and guild permission propagation not exercised""]"
cogs/study_groups.py,StudyGroup.leave_group_callback,1683,1696,"async def leave_group_callback(self, interaction: discord.Interaction)","Source operation: interaction.response.defer, interaction.response.is_done, interaction.response.send_message, self.group_info_embed, self.remove_member, send_response",source-body operation summary; detailed domain mapping belongs to mapper handoff,source-reviewed: no additional defect identified in inspected body; offline/live limits remain,"[""Body read in current working snapshot at lines 1683-1696"", ""Current source body inspection across consecutive and overlapping ranges""]",[],"[""Live Discord/API behavior unverified"", ""Live Discord interaction, API limits/rate behavior and guild permission propagation not exercised""]"
cogs/study_groups.py,StudyGroup.refresh_gui_callback,1699,1706,"async def refresh_gui_callback(self, interaction: discord.Interaction)","Source operation: interaction.response.is_done, interaction.response.send_message, self.group_info_embed",source-body operation summary; detailed domain mapping belongs to mapper handoff,source-reviewed: no additional defect identified in inspected body; offline/live limits remain,"[""Body read in current working snapshot at lines 1699-1706"", ""Current source body inspection across consecutive and overlapping ranges""]",[],"[""Live Discord/API behavior unverified"", ""Live Discord interaction, API limits/rate behavior and guild permission propagation not exercised""]"
cogs/study_groups.py,StudyGroup.check_end_condition,1729,1771,async def check_end_condition(self),"Source operation: asyncio.sleep, datetime.now, datetime.now().timestamp, len, parse_seconds_to_hms, self.end_group",source-body operation summary; detailed domain mapping belongs to mapper handoff,source-reviewed: no additional defect identified in inspected body; offline/live limits remain,"[""Body read in current working snapshot at lines 1729-1771"", ""Current source body inspection across consecutive and overlapping ranges""]",[],"[""Live Discord/API behavior unverified"", ""Live Discord interaction, API limits/rate behavior and guild permission propagation not exercised""]"
cogs/study_groups.py,StudyGroup.end_group,1774,1785,"async def end_group(self, delete_text_channel: bool=True, delay: int=60, actor_id: Optional[int]=None)",Source operation: self._end_group,source-body operation summary; detailed domain mapping belongs to mapper handoff,source-reviewed: no additional defect identified in inspected body; offline/live limits remain,"[""Body read in current working snapshot at lines 1774-1785"", ""Current source body inspection across consecutive and overlapping ranges""]",[],"[""Live Discord/API behavior unverified"", ""Live Discord interaction, API limits/rate behavior and guild permission propagation not exercised""]"
cogs/study_groups.py,StudyGroup._end_group,1787,1925,"async def _end_group(self, delete_text_channel: bool, delay: int, actor_id: Optional[int])","Source operation: (datetime.now() + timedelta(seconds=delay)).timestamp, asyncio.sleep, checkin_cog.active_sessions.items, datetime.now, id, int, isinstance, list",source-body operation summary; detailed domain mapping belongs to mapper handoff,source-reviewed: no additional defect identified in inspected body; offline/live limits remain,"[""Body read in current working snapshot at lines 1787-1925"", ""Current source body inspection across consecutive and overlapping ranges""]",[],"[""Live Discord/API behavior unverified"", ""Live Discord interaction, API limits/rate behavior and guild permission propagation not exercised""]"
cogs/study_groups.py,StudyGroup.clear_group_data,1928,1971,def clear_group_data(self),"Source operation: self._cancel_video_enforcement, self.cog.active_study_groups.pop, self.member_ids.clear, self.view.stop",source-body operation summary; detailed domain mapping belongs to mapper handoff,source-reviewed: no additional defect identified in inspected body; offline/live limits remain,"[""Body read in current working snapshot at lines 1928-1971"", ""Current source body inspection across consecutive and overlapping ranges""]",[],"[""Live Discord interaction, API limits/rate behavior and guild permission propagation not exercised""]"
cogs/study_groups.py,StudyGroup.VCFunctions.__init__,1974,1978,"def __init__(self, study_group)","Initializes object state; source writes: self.speak_enabled, self.study_group, self.video_mode, self.video_timer",source-body operation summary; detailed domain mapping belongs to mapper handoff,source-reviewed: no additional defect identified in inspected body; offline/live limits remain,"[""Body read in current working snapshot at lines 1974-1978"", ""Current source body inspection across consecutive and overlapping ranges""]",[],"[""Live Discord interaction, API limits/rate behavior and guild permission propagation not exercised""]"
cogs/study_groups.py,StudyGroup.VCFunctions.create_vc,1980,1984,"def create_vc(self, guild)",Returns or updates local/object state; source inspected,source-body operation summary; detailed domain mapping belongs to mapper handoff,source-reviewed: no additional defect identified in inspected body; offline/live limits remain,"[""Body read in current working snapshot at lines 1980-1984"", ""Current source body inspection across consecutive and overlapping ranges""]",[],"[""Live Discord interaction, API limits/rate behavior and guild permission propagation not exercised""]"
cogs/study_groups.py,StudyGroup.VCFunctions.delete_vc,1986,1989,"def delete_vc(self, guild)",Returns or updates local/object state; source inspected,source-body operation summary; detailed domain mapping belongs to mapper handoff,source-reviewed: no additional defect identified in inspected body; offline/live limits remain,"[""Body read in current working snapshot at lines 1986-1989"", ""Current source body inspection across consecutive and overlapping ranges""]",[],"[""Live Discord interaction, API limits/rate behavior and guild permission propagation not exercised""]"
cogs/study_groups.py,StudyGroup.VCFunctions.update_vc_permissions,1991,1994,"def update_vc_permissions(self, guild)",Returns or updates local/object state; source inspected,source-body operation summary; detailed domain mapping belongs to mapper handoff,source-reviewed: no additional defect identified in inspected body; offline/live limits remain,"[""Body read in current working snapshot at lines 1991-1994"", ""Current source body inspection across consecutive and overlapping ranges""]",[],"[""Live Discord interaction, API limits/rate behavior and guild permission propagation not exercised""]"
cogs/study_groups.py,StudyGroup.VCFunctions.set_speak,1996,2000,"def set_speak(self, enable)",Returns or updates local/object state; source inspected,source-body operation summary; detailed domain mapping belongs to mapper handoff,source-reviewed: no additional defect identified in inspected body; offline/live limits remain,"[""Body read in current working snapshot at lines 1996-2000"", ""Current source body inspection across consecutive and overlapping ranges""]",[],"[""Live Discord interaction, API limits/rate behavior and guild permission propagation not exercised""]"
cogs/study_groups.py,StudyGroup.VCFunctions.set_video,2002,2008,"def set_video(self, mode)",Source operation: ValueError,source-body operation summary; detailed domain mapping belongs to mapper handoff,source-reviewed: no additional defect identified in inspected body; offline/live limits remain,"[""Body read in current working snapshot at lines 2002-2008"", ""Current source body inspection across consecutive and overlapping ranges""]",[],"[""Live Discord interaction, API limits/rate behavior and guild permission propagation not exercised""]"
cogs/study_groups.py,StudyGroup.VCFunctions.force_video_timer,2010,2013,"def force_video_timer(self, user_id)",Returns or updates local/object state; source inspected,source-body operation summary; detailed domain mapping belongs to mapper handoff,source-reviewed: no additional defect identified in inspected body; offline/live limits remain,"[""Body read in current working snapshot at lines 2010-2013"", ""Current source body inspection across consecutive and overlapping ranges""]",[],"[""Live Discord interaction, API limits/rate behavior and guild permission propagation not exercised""]"
cogs/study_groups.py,StudyGroup.send_invite,2015,2044,"async def send_invite(self, interaction: discord.Interaction, invited_member: discord.Member, ephemeral: bool=True)","Source operation: GroupInvitationView, discord.Embed, send_response, service_for, service_for(self.cog.bot).send, view.stop",source-body operation summary; detailed domain mapping belongs to mapper handoff,source-reviewed: no additional defect identified in inspected body; offline/live limits remain,"[""Body read in current working snapshot at lines 2015-2044"", ""Current source body inspection across consecutive and overlapping ranges""]",[],"[""Live Discord/API behavior unverified"", ""Live Discord interaction, API limits/rate behavior and guild permission propagation not exercised""]"
cogs/study_groups.py,StudyGroupCog.__init__,2048,2054,"def __init__(self, bot)","Initializes object state; source writes: self._creation_locks, self._monitor_tasks, self._unloading, self.active_study_groups, self.bot",source-body operation summary; detailed domain mapping belongs to mapper handoff,source-reviewed: no additional defect identified in inspected body; offline/live limits remain,"[""Body read in current working snapshot at lines 2048-2054"", ""Current source body inspection across consecutive and overlapping ranges""]",[],"[""Live Discord interaction, API limits/rate behavior and guild permission propagation not exercised""]"
cogs/study_groups.py,StudyGroupCog._start_group_monitor,2056,2061,"def _start_group_monitor(self, group: StudyGroup)","Source operation: asyncio.create_task, group.check_end_condition, self._monitor_tasks.add, task.add_done_callback",source-body operation summary; detailed domain mapping belongs to mapper handoff,source-reviewed: no additional defect identified in inspected body; offline/live limits remain,"[""Body read in current working snapshot at lines 2056-2061"", ""Current source body inspection across consecutive and overlapping ranges""]",[],"[""Live Discord interaction, API limits/rate behavior and guild permission propagation not exercised""]"
cogs/study_groups.py,StudyGroupCog.cog_load,2063,2065,async def cog_load(self),"Source operation: self.cleanup_retry_loop.is_running, self.cleanup_retry_loop.start",source-body operation summary; detailed domain mapping belongs to mapper handoff,source-reviewed: no additional defect identified in inspected body; offline/live limits remain,"[""Body read in current working snapshot at lines 2063-2065"", ""Current source body inspection across consecutive and overlapping ranges""]",[],"[""Live Discord/API behavior unverified"", ""Live Discord interaction, API limits/rate behavior and guild permission propagation not exercised""]"
cogs/study_groups.py,StudyGroupCog.cog_unload,2067,2081,async def cog_unload(self),"Source operation: asyncio.gather, group._cancel_video_enforcement, group.video_enforcement_tasks.values, list, self._monitor_tasks.clear, self.active_study_groups.values, self.cleanup_retry_loop.cancel, self.cleanup_retry_loop.get_task",source-body operation summary; detailed domain mapping belongs to mapper handoff,source-reviewed: no additional defect identified in inspected body; offline/live limits remain,"[""Body read in current working snapshot at lines 2067-2081"", ""Current source body inspection across consecutive and overlapping ranges""]",[],"[""Live Discord/API behavior unverified"", ""Live Discord interaction, API limits/rate behavior and guild permission propagation not exercised""]"
cogs/study_groups.py,StudyGroupCog.cleanup_retry_loop,2084,2088,async def cleanup_retry_loop(self),"Source operation: self.process_pending_cleanups, tasks.loop",source-body operation summary; detailed domain mapping belongs to mapper handoff,source-reviewed: no additional defect identified in inspected body; offline/live limits remain,"[""Body read in current working snapshot at lines 2084-2088"", ""Current source body inspection across consecutive and overlapping ranges""]",[],"[""Live Discord/API behavior unverified"", ""Live Discord interaction, API limits/rate behavior and guild permission propagation not exercised""]"
cogs/study_groups.py,StudyGroupCog.before_cleanup_retry_loop,2091,2093,async def before_cleanup_retry_loop(self),"Source operation: hasattr, self.bot.wait_until_ready",source-body operation summary; detailed domain mapping belongs to mapper handoff,source-reviewed: no additional defect identified in inspected body; offline/live limits remain,"[""Body read in current working snapshot at lines 2091-2093"", ""Current source body inspection across consecutive and overlapping ranges""]",[],"[""Live Discord/API behavior unverified"", ""Live Discord interaction, API limits/rate behavior and guild permission propagation not exercised""]"
cogs/study_groups.py,StudyGroupCog.process_pending_cleanups,2095,2099,"async def process_pending_cleanups(self, guild: Optional[discord.Guild]=None)","Source operation: asyncio.Lock, hasattr, self._process_pending_cleanups_locked",source-body operation summary; detailed domain mapping belongs to mapper handoff,source-reviewed: no additional defect identified in inspected body; offline/live limits remain,"[""Body read in current working snapshot at lines 2095-2099"", ""Current source body inspection across consecutive and overlapping ranges""]",[],"[""Live Discord/API behavior unverified"", ""Live Discord interaction, API limits/rate behavior and guild permission propagation not exercised""]"
cogs/study_groups.py,StudyGroupCog._process_pending_cleanups_locked,2101,2255,"async def _process_pending_cleanups_locked(self, guild: Optional[discord.Guild]=None)","Source operation: ValueError, any, channel.delete, channel.permissions_for, getattr, group.get, hasattr, int",source-body operation summary; detailed domain mapping belongs to mapper handoff,source-reviewed: no additional defect identified in inspected body; offline/live limits remain,"[""Body read in current working snapshot at lines 2101-2255"", ""Current source body inspection across consecutive and overlapping ranges""]",[],"[""Live Discord/API behavior unverified"", ""Live Discord interaction, API limits/rate behavior and guild permission propagation not exercised""]"
cogs/study_groups.py,StudyGroupCog.retry_cleanups,2261,2276,"async def retry_cleanups(self, interaction: discord.Interaction)","Source operation: acknowledge_interaction, app_commands.command, check_manager, self.bot.db.get_pending_cleanup_count, self.process_pending_cleanups, send_response, should_use_ephemeral",source-body operation summary; detailed domain mapping belongs to mapper handoff,source-reviewed: no additional defect identified in inspected body; offline/live limits remain,"[""Body read in current working snapshot at lines 2261-2276"", ""Current source body inspection across consecutive and overlapping ranges""]",[],"[""Live Discord/API behavior unverified"", ""Live Discord interaction, API limits/rate behavior and guild permission propagation not exercised""]"
cogs/study_groups.py,StudyGroupCog.on_voice_state_update,2279,2282,"async def on_voice_state_update(self, member: discord.Member, before, after)","Source operation: commands.Cog.listener, getattr, group.handle_voice_state_update, list, self.active_study_groups.values",source-body operation summary; detailed domain mapping belongs to mapper handoff,source-reviewed: no additional defect identified in inspected body; offline/live limits remain,"[""Body read in current working snapshot at lines 2279-2282"", ""Current source body inspection across consecutive and overlapping ranges""]",[],"[""Live Discord/API behavior unverified"", ""Live Discord interaction, API limits/rate behavior and guild permission propagation not exercised""]"
cogs/study_groups.py,StudyGroupCog.set_mod_log_channel,2285,2297,"async def set_mod_log_channel(self, interaction: discord.Interaction, channel: Optional[discord.TextChannel]=None)","Source operation: acknowledge_interaction, app_commands.command, asyncio.Lock, check_manager, self._creation_locks.setdefault, self._set_mod_log_channel_locked, send_response, should_use_ephemeral",source-body operation summary; detailed domain mapping belongs to mapper handoff,source-reviewed: no additional defect identified in inspected body; offline/live limits remain,"[""Body read in current working snapshot at lines 2285-2297"", ""Current source body inspection across consecutive and overlapping ranges""]",[],"[""Live Discord/API behavior unverified"", ""Live Discord interaction, API limits/rate behavior and guild permission propagation not exercised""]"
cogs/study_groups.py,StudyGroupCog._set_mod_log_channel_locked,2299,2320,"async def _set_mod_log_channel_locked(self, interaction, channel, ephemeral: bool)","Source operation: channel.edit, log_overwrites, self._configuration_resource, self.bot.db.set_mod_log_channel, send_response",source-body operation summary; detailed domain mapping belongs to mapper handoff,source-reviewed: no additional defect identified in inspected body; offline/live limits remain,"[""Body read in current working snapshot at lines 2299-2320"", ""Current source body inspection across consecutive and overlapping ranges""]",[],"[""Live Discord/API behavior unverified"", ""Live Discord interaction, API limits/rate behavior and guild permission propagation not exercised""]"
cogs/study_groups.py,StudyGroupCog._configuration_resource,2322,2333,"async def _configuration_resource(self, guild, resource, kind)","Source operation: RuntimeError, any, entry.get, isinstance, journal['state']['mutations'].values, self.bot.db.get_setup_recovery_journal, self.bot.fetch_channel",source-body operation summary; detailed domain mapping belongs to mapper handoff,source-reviewed: no additional defect identified in inspected body; offline/live limits remain,"[""Body read in current working snapshot at lines 2322-2333"", ""Current source body inspection across consecutive and overlapping ranges""]",[],"[""Live Discord/API behavior unverified"", ""Live Discord interaction, API limits/rate behavior and guild permission propagation not exercised""]"
cogs/study_groups.py,StudyGroupCog.log_mod_action,2335,2358,"async def log_mod_action(self, guild, action, group_id, name, actor_id=None)","Source operation: channel.send, discord.AllowedMentions.none, discord.Embed, discord.utils.utcnow, embed.add_field, guild.get_channel, isinstance, self.bot.db.get_mod_log_channel",source-body operation summary; detailed domain mapping belongs to mapper handoff,source-reviewed: no additional defect identified in inspected body; offline/live limits remain,"[""Body read in current working snapshot at lines 2335-2358"", ""Current source body inspection across consecutive and overlapping ranges""]",[],"[""Live Discord/API behavior unverified"", ""Live Discord interaction, API limits/rate behavior and guild permission propagation not exercised""]"
cogs/study_groups.py,StudyGroupCog._send_cleanup_result,2360,2377,"async def _send_cleanup_result(self, interaction, content, ephemeral: bool=True)","Source operation: interaction.user.send, send_response",source-body operation summary; detailed domain mapping belongs to mapper handoff,source-reviewed: no additional defect identified in inspected body; offline/live limits remain,"[""Body read in current working snapshot at lines 2360-2377"", ""Current source body inspection across consecutive and overlapping ranges""]",[],"[""Live Discord/API behavior unverified"", ""Live Discord interaction, API limits/rate behavior and guild permission propagation not exercised""]"
cogs/study_groups.py,StudyGroupCog.set_group_category,2384,2415,"async def set_group_category(self, interaction: discord.Interaction, category: discord.CategoryChannel)","Source operation: acknowledge_interaction, app_commands.command, app_commands.describe, asyncio.Lock, manager_cog.get_permission_level, self._configuration_resource, self._creation_locks.setdefault, self.bot.db.update_group_category",source-body operation summary; detailed domain mapping belongs to mapper handoff,source-reviewed: OPEN findings AUTH-01,"[""Body read in current working snapshot at lines 2384-2415"", ""Current source body inspection across consecutive and overlapping ranges""]","[""AUTH-01""]","[""Live Discord/API behavior unverified"", ""Live Discord interaction, API limits/rate behavior and guild permission propagation not exercised""]"
cogs/study_groups.py,StudyGroupCog.create_group,2423,2438,"async def create_group(self, interaction: discord.Interaction, mentions: Optional[str]=None, name: Optional[str]=None, max_members: Optional[int]=None)","Source operation: acknowledge_interaction, app_commands.command, app_commands.describe, asyncio.Lock, self._create_group_locked, self._creation_locks.setdefault, send_response, should_use_ephemeral",source-body operation summary; detailed domain mapping belongs to mapper handoff,source-reviewed: no additional defect identified in inspected body; offline/live limits remain,"[""Body read in current working snapshot at lines 2423-2438"", ""Current source body inspection across consecutive and overlapping ranges""]",[],"[""Live Discord/API behavior unverified"", ""Live Discord interaction, API limits/rate behavior and guild permission propagation not exercised""]"
cogs/study_groups.py,StudyGroupCog._create_group_locked,2440,2527,"async def _create_group_locked(self, interaction: discord.Interaction, mentions: Optional[str], name: Optional[str], max_members: Optional[int], ephemeral: bool)","Source operation: StudyGroup, callable, dict.fromkeys, duration_getter, getattr, interaction.guild.get_channel, interaction.guild.get_member, isinstance",source-body operation summary; detailed domain mapping belongs to mapper handoff,source-reviewed: no additional defect identified in inspected body; offline/live limits remain,"[""Body read in current working snapshot at lines 2440-2527"", ""Current source body inspection across consecutive and overlapping ranges""]",[],"[""Live Discord/API behavior unverified"", ""Live Discord interaction, API limits/rate behavior and guild permission propagation not exercised""]"
cogs/study_groups.py,StudyGroupCog._next_group_name,2529,2553,"async def _next_group_name(self, interaction: discord.Interaction, name: Optional[str])","Source operation: candidate.casefold, group.name.casefold, int, len, max, name.strip, names.update, prefix.casefold",source-body operation summary; detailed domain mapping belongs to mapper handoff,source-reviewed: no additional defect identified in inspected body; offline/live limits remain,"[""Body read in current working snapshot at lines 2529-2553"", ""Current source body inspection across consecutive and overlapping ranges""]",[],"[""Live Discord/API behavior unverified"", ""Live Discord interaction, API limits/rate behavior and guild permission propagation not exercised""]"
cogs/study_groups.py,StudyGroupCog._request_persisted_end,2555,2606,"async def _request_persisted_end(self, interaction: discord.Interaction, record: dict)","Source operation: StudyGroup, bool, current.get, group.end_group, record.get, request_session_end, self.active_study_groups.get, self.bot.db.fetch_members_of_group",source-body operation summary; detailed domain mapping belongs to mapper handoff,source-reviewed: no additional defect identified in inspected body; offline/live limits remain,"[""Body read in current working snapshot at lines 2555-2606"", ""Current source body inspection across consecutive and overlapping ranges""]",[],"[""Live Discord/API behavior unverified"", ""Live Discord interaction, API limits/rate behavior and guild permission propagation not exercised""]"
cogs/study_groups.py,StudyGroupCog._request_persisted_end.confirm,2563,2598,async def confirm(owner_interaction: discord.Interaction),"Source operation: StudyGroup, current.get, group.end_group, self.active_study_groups.get, self.bot.db.fetch_study_group_by_id, send_response",source-body operation summary; detailed domain mapping belongs to mapper handoff,source-reviewed: no additional defect identified in inspected body; offline/live limits remain,"[""Body read in current working snapshot at lines 2563-2598"", ""Current source body inspection across consecutive and overlapping ranges""]",[],"[""Live Discord/API behavior unverified"", ""Live Discord interaction, API limits/rate behavior and guild permission propagation not exercised""]"
cogs/study_groups.py,StudyGroupCog.transfer_group,2616,2686,"async def transfer_group(self, interaction: discord.Interaction, new_owner: discord.Member, group_name: Optional[str]=None)","Source operation: acknowledge_interaction, app_commands.command, app_commands.describe, check_manager, db_grp.get, group_name.lower, grp.name.lower, self.active_study_groups.get",source-body operation summary; detailed domain mapping belongs to mapper handoff,source-reviewed: OPEN findings AUTH-01,"[""Body read in current working snapshot at lines 2616-2686"", ""Current source body inspection across consecutive and overlapping ranges""]","[""AUTH-01""]","[""Live Discord/API behavior unverified"", ""Live Discord interaction, API limits/rate behavior and guild permission propagation not exercised""]"
cogs/study_groups.py,StudyGroupCog.purge_groups,2692,2757,"async def purge_groups(self, interaction: discord.Interaction)","Source operation: StudyGroup, acknowledge_interaction, app_commands.command, dict, group.end_group, len, manager_cog.get_permission_level, self._send_cleanup_result",source-body operation summary; detailed domain mapping belongs to mapper handoff,source-reviewed: OPEN findings AUTH-01,"[""Body read in current working snapshot at lines 2692-2757"", ""Current source body inspection across consecutive and overlapping ranges""]","[""AUTH-01""]","[""Live Discord/API behavior unverified"", ""Live Discord interaction, API limits/rate behavior and guild permission propagation not exercised""]"
cogs/study_groups.py,StudyGroupCog.end_group,2761,2860,"async def end_group(self, interaction: discord.Interaction, name: Optional[str]=None)","Source operation: StudyGroup, acknowledge_interaction, app_commands.command, app_commands.describe, bool, check_manager, db_grp.get, grp.name.lower",source-body operation summary; detailed domain mapping belongs to mapper handoff,source-reviewed: no additional defect identified in inspected body; offline/live limits remain,"[""Body read in current working snapshot at lines 2761-2860"", ""Current source body inspection across consecutive and overlapping ranges""]",[],"[""Live Discord/API behavior unverified"", ""Live Discord interaction, API limits/rate behavior and guild permission propagation not exercised""]"
cogs/study_groups.py,StudyGroupCog.list_groups,2863,2884,"async def list_groups(self, interaction: discord.Interaction)","Source operation: acknowledge_interaction, app_commands.command, discord.Color.blue, discord.Embed, embed.add_field, len, self.bot.db.fetch_members_of_group, self.bot.db.get_all_study_groups_of_guild",source-body operation summary; detailed domain mapping belongs to mapper handoff,source-reviewed: OPEN findings UI-02,"[""Body read in current working snapshot at lines 2863-2884"", ""Current source body inspection across consecutive and overlapping ranges""]","[""UI-02""]","[""Live Discord/API behavior unverified"", ""Live Discord interaction, API limits/rate behavior and guild permission propagation not exercised""]"
cogs/study_groups.py,StudyGroupCog.join_group,2888,2986,"async def join_group(self, interaction: discord.Interaction, name: str)","Source operation: acknowledge_interaction, app_commands.command, app_commands.describe, db_grp.get, grp.name.lower, interaction.guild.get_role, interaction.user.add_roles, interaction.user.remove_roles",source-body operation summary; detailed domain mapping belongs to mapper handoff,source-reviewed: OPEN findings SEC-10,"[""Body read in current working snapshot at lines 2888-2986"", ""Current source body inspection across consecutive and overlapping ranges""]","[""SEC-10""]","[""Live Discord/API behavior unverified"", ""Live Discord interaction, API limits/rate behavior and guild permission propagation not exercised""]"
cogs/study_groups.py,StudyGroupCog.leave_group,2990,3051,"async def leave_group(self, interaction: discord.Interaction, name: Optional[str]=None)","Source operation: acknowledge_interaction, app_commands.command, app_commands.describe, db_grp.get, grp.name.lower, interaction.guild.get_role, interaction.user.remove_roles, isinstance",source-body operation summary; detailed domain mapping belongs to mapper handoff,source-reviewed: no additional defect identified in inspected body; offline/live limits remain,"[""Body read in current working snapshot at lines 2990-3051"", ""Current source body inspection across consecutive and overlapping ranges""]",[],"[""Live Discord/API behavior unverified"", ""Live Discord interaction, API limits/rate behavior and guild permission propagation not exercised""]"
cogs/study_groups.py,StudyGroupCog.invite_to_group,3058,3113,"async def invite_to_group(self, interaction: discord.Interaction, user: discord.Member, group_name: Optional[str]=None)","Source operation: acknowledge_interaction, app_commands.command, app_commands.describe, asyncio.Lock, interaction.guild.get_member, len, self._creation_locks.setdefault, self._resolve_invite_group",source-body operation summary; detailed domain mapping belongs to mapper handoff,source-reviewed: no additional defect identified in inspected body; offline/live limits remain,"[""Body read in current working snapshot at lines 3058-3113"", ""Current source body inspection across consecutive and overlapping ranges""]",[],"[""Live Discord/API behavior unverified"", ""Live Discord interaction, API limits/rate behavior and guild permission propagation not exercised""]"
cogs/study_groups.py,StudyGroupCog._resolve_invite_group,3115,3175,"async def _resolve_invite_group(self, interaction: discord.Interaction, group_name: Optional[str])","Source operation: StudyGroup, bool, dict.fromkeys, group.name.casefold, group_name.strip, list, normalized_name.casefold, record.get",source-body operation summary; detailed domain mapping belongs to mapper handoff,source-reviewed: no additional defect identified in inspected body; offline/live limits remain,"[""Body read in current working snapshot at lines 3115-3175"", ""Current source body inspection across consecutive and overlapping ranges""]",[],"[""Live Discord/API behavior unverified"", ""Live Discord interaction, API limits/rate behavior and guild permission propagation not exercised""]"
cogs/study_groups.py,StudyGroupCog.votekick,3182,3222,"async def votekick(self, interaction: discord.Interaction, member: discord.Member, group_name: Optional[str]=None)","Source operation: acknowledge_interaction, app_commands.command, app_commands.describe, db_grp.get, group_name.lower, grp.name.lower, self.active_study_groups.get, self.active_study_groups.values",source-body operation summary; detailed domain mapping belongs to mapper handoff,source-reviewed: OPEN findings VOTE-05,"[""Body read in current working snapshot at lines 3182-3222"", ""Current source body inspection across consecutive and overlapping ranges""]","[""VOTE-05""]","[""Live Discord/API behavior unverified"", ""Live Discord interaction, API limits/rate behavior and guild permission propagation not exercised""]"
cogs/study_groups.py,setup,3225,3227,async def setup(bot),"Source operation: StudyGroupCog, bot.add_cog",source-body operation summary; detailed domain mapping belongs to mapper handoff,source-reviewed: OPEN findings VOTE-05,"[""Body read in current working snapshot at lines 3225-3227"", ""Current source body inspection across consecutive and overlapping ranges""]","[""VOTE-05""]","[""Live Discord/API behavior unverified"", ""Live Discord interaction, API limits/rate behavior and guild permission propagation not exercised""]"
cogs/tasklist.py,TaskActionSelect.__init__,15,43,"def __init__(self, tasks, db, action)","Initializes object state; source writes: self.action, self.db, self.task_groups",source-body operation summary; detailed domain mapping belongs to mapper handoff,source-reviewed: no additional defect identified in inspected body; offline/live limits remain,"[""Body read in current working snapshot at lines 15-43"", ""Current source body inspection""]",[],"[""Live Discord interaction, API limits/rate behavior and guild permission propagation not exercised""]"
cogs/tasklist.py,TaskActionSelect.callback,45,62,"async def callback(self, interaction: discord.Interaction)","Source operation: int, interaction.edit_original_response, interaction.response.defer, self.db.apply_task_action, self.view.stop, send_response",source-body operation summary; detailed domain mapping belongs to mapper handoff,source-reviewed: no additional defect identified in inspected body; offline/live limits remain,"[""Body read in current working snapshot at lines 45-62"", ""Current source body inspection""]",[],"[""Live Discord/API behavior unverified"", ""Live Discord interaction, API limits/rate behavior and guild permission propagation not exercised""]"
cogs/tasklist.py,TaskActionView.__init__,66,69,"def __init__(self, tasks, db, user_id, action)",Initializes object state; source writes: self.user_id,source-body operation summary; detailed domain mapping belongs to mapper handoff,source-reviewed: no additional defect identified in inspected body; offline/live limits remain,"[""Body read in current working snapshot at lines 66-69"", ""Current source body inspection""]",[],"[""Live Discord interaction, API limits/rate behavior and guild permission propagation not exercised""]"
cogs/tasklist.py,TaskActionView.interaction_check,71,75,"async def interaction_check(self, interaction: discord.Interaction)",Source operation: interaction.response.send_message,source-body operation summary; detailed domain mapping belongs to mapper handoff,source-reviewed: no additional defect identified in inspected body; offline/live limits remain,"[""Body read in current working snapshot at lines 71-75"", ""Current source body inspection""]",[],"[""Live Discord/API behavior unverified"", ""Live Discord interaction, API limits/rate behavior and guild permission propagation not exercised""]"
cogs/tasklist.py,TaskPaginationView.__init__,79,87,"def __init__(self, tasks: list, title: str)","Initializes object state; source writes: self.current_page, self.per_page, self.tasks, self.title, self.total_pages",source-body operation summary; detailed domain mapping belongs to mapper handoff,source-reviewed: OPEN findings UI-01,"[""Body read in current working snapshot at lines 79-87"", ""Current source body inspection""]","[""UI-01""]","[""Live Discord interaction, API limits/rate behavior and guild permission propagation not exercised""]"
cogs/tasklist.py,TaskPaginationView.update_buttons,89,91,def update_buttons(self),Returns or updates local/object state; source inspected,source-body operation summary; detailed domain mapping belongs to mapper handoff,source-reviewed: OPEN findings UI-01,"[""Body read in current working snapshot at lines 89-91"", ""Current source body inspection""]","[""UI-01""]","[""Live Discord interaction, API limits/rate behavior and guild permission propagation not exercised""]"
cogs/tasklist.py,TaskPaginationView.get_embed,93,121,def get_embed(self),"Source operation: '\n'.join, bool, discord.Color.blue, discord.Embed, embed.set_footer, len, lines.append, task.keys",source-body operation summary; detailed domain mapping belongs to mapper handoff,source-reviewed: OPEN findings UI-01,"[""Body read in current working snapshot at lines 93-121"", ""Current source body inspection""]","[""UI-01""]","[""Live Discord interaction, API limits/rate behavior and guild permission propagation not exercised""]"
cogs/tasklist.py,TaskPaginationView.previous_button,124,127,"async def previous_button(self, interaction: discord.Interaction, button: discord.ui.Button)","Source operation: discord.ui.button, interaction.response.edit_message, self.get_embed, self.update_buttons",source-body operation summary; detailed domain mapping belongs to mapper handoff,source-reviewed: no additional defect identified in inspected body; offline/live limits remain,"[""Body read in current working snapshot at lines 124-127"", ""Current source body inspection""]",[],"[""Live Discord/API behavior unverified"", ""Live Discord interaction, API limits/rate behavior and guild permission propagation not exercised""]"
cogs/tasklist.py,TaskPaginationView.next_button,130,133,"async def next_button(self, interaction: discord.Interaction, button: discord.ui.Button)","Source operation: discord.ui.button, interaction.response.edit_message, self.get_embed, self.update_buttons",source-body operation summary; detailed domain mapping belongs to mapper handoff,source-reviewed: no additional defect identified in inspected body; offline/live limits remain,"[""Body read in current working snapshot at lines 130-133"", ""Current source body inspection""]",[],"[""Live Discord/API behavior unverified"", ""Live Discord interaction, API limits/rate behavior and guild permission propagation not exercised""]"
cogs/tasklist.py,TaskList.__init__,137,139,"def __init__(self, bot)",Initializes object state; source writes: self.bot,source-body operation summary; detailed domain mapping belongs to mapper handoff,source-reviewed: no additional defect identified in inspected body; offline/live limits remain,"[""Body read in current working snapshot at lines 137-139"", ""Current source body inspection""]",[],"[""Live Discord interaction, API limits/rate behavior and guild permission propagation not exercised""]"
cogs/tasklist.py,TaskList.add_task,146,178,"async def add_task(self, interaction: discord.Interaction, *, description: str)","Source operation: acknowledge_interaction, app_commands.command, app_commands.describe, dict, getattr, group.get, isinstance, self.bot.db.add_task",source-body operation summary; detailed domain mapping belongs to mapper handoff,source-reviewed: no additional defect identified in inspected body; offline/live limits remain,"[""Body read in current working snapshot at lines 146-178"", ""Current source body inspection""]",[],"[""Live Discord/API behavior unverified"", ""Live Discord interaction, API limits/rate behavior and guild permission propagation not exercised""]"
cogs/tasklist.py,TaskList.complete_task,182,220,"async def complete_task(self, interaction: discord.Interaction, task_ids: Optional[str]=None)","Source operation: ', '.join, '\n'.join, acknowledge_interaction, app_commands.command, app_commands.describe, completed_list.append, dict, failed_list.append",source-body operation summary; detailed domain mapping belongs to mapper handoff,source-reviewed: no additional defect identified in inspected body; offline/live limits remain,"[""Body read in current working snapshot at lines 182-220"", ""Current source body inspection""]",[],"[""Live Discord/API behavior unverified"", ""Live Discord interaction, API limits/rate behavior and guild permission propagation not exercised""]"
cogs/tasklist.py,TaskList._send_task_menu,222,252,"async def _send_task_menu(self, interaction, action)","Source operation: TaskActionView, dict, dict(group).get, getattr, isinstance, self.bot.db.get_study_group_by_channel, self.bot.db.get_user_tasks, send_response",source-body operation summary; detailed domain mapping belongs to mapper handoff,source-reviewed: no additional defect identified in inspected body; offline/live limits remain,"[""Body read in current working snapshot at lines 222-252"", ""Current source body inspection""]",[],"[""Live Discord/API behavior unverified"", ""Live Discord interaction, API limits/rate behavior and guild permission propagation not exercised""]"
cogs/tasklist.py,TaskList.list_tasks,256,296,"async def list_tasks(self, interaction: discord.Interaction, all_groups: bool=False)","Source operation: TaskPaginationView, acknowledge_interaction, all_groups.strip, all_groups.strip().lower, app_commands.command, app_commands.describe, dict, getattr",source-body operation summary; detailed domain mapping belongs to mapper handoff,source-reviewed: no additional defect identified in inspected body; offline/live limits remain,"[""Body read in current working snapshot at lines 256-296"", ""Current source body inspection""]",[],"[""Live Discord/API behavior unverified"", ""Live Discord interaction, API limits/rate behavior and guild permission propagation not exercised""]"
cogs/tasklist.py,TaskList.delete_task,300,337,"async def delete_task(self, interaction: discord.Interaction, task_ids: Optional[str]=None)","Source operation: ', '.join, '\n'.join, acknowledge_interaction, app_commands.command, app_commands.describe, deleted_list.append, dict, failed_list.append",source-body operation summary; detailed domain mapping belongs to mapper handoff,source-reviewed: no additional defect identified in inspected body; offline/live limits remain,"[""Body read in current working snapshot at lines 300-337"", ""Current source body inspection""]",[],"[""Live Discord/API behavior unverified"", ""Live Discord interaction, API limits/rate behavior and guild permission propagation not exercised""]"
cogs/tasklist.py,TaskList.purge_tasks,344,390,"async def purge_tasks(self, interaction: discord.Interaction, all_tasks: bool=False)","Source operation: acknowledge_interaction, app_commands.command, app_commands.describe, dict, getattr, group.get, isinstance, self._purge_task_messages",source-body operation summary; detailed domain mapping belongs to mapper handoff,source-reviewed: no additional defect identified in inspected body; offline/live limits remain,"[""Body read in current working snapshot at lines 344-390"", ""Current source body inspection""]",[],"[""Live Discord/API behavior unverified"", ""Live Discord interaction, API limits/rate behavior and guild permission propagation not exercised""]"
cogs/tasklist.py,TaskList._purge_task_messages,392,417,"async def _purge_task_messages(self, interaction)","Source operation: any, channel.purge, getattr, isinstance, message.content.startswith",source-body operation summary; detailed domain mapping belongs to mapper handoff,source-reviewed: no additional defect identified in inspected body; offline/live limits remain,"[""Body read in current working snapshot at lines 392-417"", ""Current source body inspection""]",[],"[""Live Discord/API behavior unverified"", ""Live Discord interaction, API limits/rate behavior and guild permission propagation not exercised""]"
cogs/tasklist.py,TaskList._purge_task_messages.is_owned_task_message,397,405,def is_owned_task_message(message),"Source operation: any, getattr, message.content.startswith",source-body operation summary; detailed domain mapping belongs to mapper handoff,source-reviewed: no additional defect identified in inspected body; offline/live limits remain,"[""Body read in current working snapshot at lines 397-405"", ""Current source body inspection""]",[],"[""Live Discord interaction, API limits/rate behavior and guild permission propagation not exercised""]"
cogs/tasklist.py,setup,420,422,async def setup(bot),"Source operation: TaskList, bot.add_cog",source-body operation summary; detailed domain mapping belongs to mapper handoff,source-reviewed: no additional defect identified in inspected body; offline/live limits remain,"[""Body read in current working snapshot at lines 420-422"", ""Current source body inspection""]",[],"[""Live Discord/API behavior unverified"", ""Live Discord interaction, API limits/rate behavior and guild permission propagation not exercised""]"
cogs/voice_channels.py,VoiceChannels.__init__,15,17,"def __init__(self, bot)",Initializes object state; source writes: self.bot,source-body operation summary; detailed domain mapping belongs to mapper handoff,source-reviewed: no additional defect identified in inspected body; offline/live limits remain,"[""Body read in current working snapshot at lines 15-17"", ""Current source body inspection across consecutive and overlapping ranges""]",[],"[""Live Discord interaction, API limits/rate behavior and guild permission propagation not exercised""]"
cogs/voice_channels.py,VoiceChannels.create_vc,22,98,"async def create_vc(self, interaction: discord.Interaction, name: Optional[str]=None)","Source operation: acknowledge_interaction, app_commands.command, app_commands.describe, category.permissions_for, channel.delete, get_context_group, getattr, group.get",source-body operation summary; detailed domain mapping belongs to mapper handoff,source-reviewed: no additional defect identified in inspected body; offline/live limits remain,"[""Body read in current working snapshot at lines 22-98"", ""Current source body inspection across consecutive and overlapping ranges""]",[],"[""Live Discord/API behavior unverified"", ""Live Discord interaction, API limits/rate behavior and guild permission propagation not exercised""]"
cogs/voice_channels.py,VoiceChannels.delete_vc,104,151,"async def delete_vc(self, interaction: discord.Interaction, voice_channel: discord.VoiceChannel)","Source operation: acknowledge_interaction, app_commands.command, app_commands.default_permissions, app_commands.describe, get_context_group, group.get, interaction.response.is_done, is_group_creator",source-body operation summary; detailed domain mapping belongs to mapper handoff,source-reviewed: no additional defect identified in inspected body; offline/live limits remain,"[""Body read in current working snapshot at lines 104-151"", ""Current source body inspection across consecutive and overlapping ranges""]",[],"[""Live Discord/API behavior unverified"", ""Live Discord interaction, API limits/rate behavior and guild permission propagation not exercised""]"
cogs/voice_channels.py,VoiceChannels.delete_role,157,196,"async def delete_role(self, interaction: discord.Interaction, role: discord.Role)","Source operation: acknowledge_interaction, app_commands.command, app_commands.default_permissions, app_commands.describe, get_context_group, group.get, interaction.response.is_done, is_group_creator",source-body operation summary; detailed domain mapping belongs to mapper handoff,source-reviewed: no additional defect identified in inspected body; offline/live limits remain,"[""Body read in current working snapshot at lines 157-196"", ""Current source body inspection across consecutive and overlapping ranges""]",[],"[""Live Discord/API behavior unverified"", ""Live Discord interaction, API limits/rate behavior and guild permission propagation not exercised""]"
cogs/voice_channels.py,VoiceChannels.delete_text_channel,205,255,"async def delete_text_channel(self, interaction: discord.Interaction, text_channel: discord.TextChannel)","Source operation: acknowledge_interaction, app_commands.command, app_commands.default_permissions, app_commands.describe, get_context_group, group.get, group.keys, interaction.response.is_done",source-body operation summary; detailed domain mapping belongs to mapper handoff,source-reviewed: no additional defect identified in inspected body; offline/live limits remain,"[""Body read in current working snapshot at lines 205-255"", ""Current source body inspection across consecutive and overlapping ranges""]",[],"[""Live Discord/API behavior unverified"", ""Live Discord interaction, API limits/rate behavior and guild permission propagation not exercised""]"
cogs/voice_channels.py,setup,258,263,async def setup(bot),"Source operation: VoiceChannels, bot.add_cog, bot.tree.remove_command, cog.get_app_commands",source-body operation summary; detailed domain mapping belongs to mapper handoff,source-reviewed: no additional defect identified in inspected body; offline/live limits remain,"[""Body read in current working snapshot at lines 258-263"", ""Current source body inspection across consecutive and overlapping ranges""]",[],"[""Live Discord/API behavior unverified"", ""Live Discord interaction, API limits/rate behavior and guild permission propagation not exercised""]"
database.py,DBHandler.__init__,15,19,"def __init__(self, db_name: str='bot_database.sqlite')","Initializes object state; source writes: self.conn, self.db_name, self.lock",source-body operation summary; detailed domain mapping belongs to mapper handoff,source-reviewed: no additional defect identified in inspected body; offline/live limits remain,"[""Body read in current working snapshot at lines 15-19"", ""Current source body inspection""]",[],[]
database.py,DBHandler._run_in_thread,21,44,"async def _run_in_thread(self, func: Callable[..., T], *args: Any, **kwargs: Any)","Source operation: asyncio.create_task, asyncio.shield, asyncio.to_thread, worker.cancelled, worker.done, worker.exception",source-body operation summary; detailed domain mapping belongs to mapper handoff,source-reviewed: no additional defect identified in inspected body; offline/live limits remain,"[""Body read in current working snapshot at lines 21-44"", ""Current source body inspection""]",[],[]
database.py,DBHandler._fetchone_sync,46,49,"def _fetchone_sync(self, query: str, params: tuple[Any, ...]=())","Source operation: cursor.execute, cursor.fetchone, self.conn.cursor",source-body operation summary; detailed domain mapping belongs to mapper handoff,source-reviewed: no additional defect identified in inspected body; offline/live limits remain,"[""Body read in current working snapshot at lines 46-49"", ""Current source body inspection""]",[],[]
database.py,DBHandler._fetchall_sync,51,54,"def _fetchall_sync(self, query: str, params: tuple[Any, ...]=())","Source operation: cursor.execute, cursor.fetchall, self.conn.cursor",source-body operation summary; detailed domain mapping belongs to mapper handoff,source-reviewed: no additional defect identified in inspected body; offline/live limits remain,"[""Body read in current working snapshot at lines 51-54"", ""Current source body inspection""]",[],[]
database.py,DBHandler._execute_commit_sync,56,60,"def _execute_commit_sync(self, query: str, params: tuple[Any, ...]=())","Source operation: cursor.execute, self.conn.cursor",source-body operation summary; detailed domain mapping belongs to mapper handoff,source-reviewed: no additional defect identified in inspected body; offline/live limits remain,"[""Body read in current working snapshot at lines 56-60"", ""Current source body inspection""]",[],[]
database.py,DBHandler._executemany_commit_sync,62,66,"def _executemany_commit_sync(self, query: str, seq_of_params: Any)","Source operation: cursor.executemany, self.conn.cursor",source-body operation summary; detailed domain mapping belongs to mapper handoff,source-reviewed: no additional defect identified in inspected body; offline/live limits remain,"[""Body read in current working snapshot at lines 62-66"", ""Current source body inspection""]",[],[]
database.py,DBHandler.connect,68,81,async def connect(self),"Source operation: _open, self._run_in_thread, self.create_tables, sqlite3.connect",source-body operation summary; detailed domain mapping belongs to mapper handoff,source-reviewed: no additional defect identified in inspected body; offline/live limits remain,"[""Body read in current working snapshot at lines 68-81"", ""Current source body inspection""]",[],[]
database.py,DBHandler.connect._open,69,72,def _open(),Source operation: sqlite3.connect,source-body operation summary; detailed domain mapping belongs to mapper handoff,source-reviewed: no additional defect identified in inspected body; offline/live limits remain,"[""Body read in current working snapshot at lines 69-72"", ""Current source body inspection""]",[],[]
database.py,DBHandler.connect._connect,76,77,def _connect(),Source operation: _open,source-body operation summary; detailed domain mapping belongs to mapper handoff,source-reviewed: no additional defect identified in inspected body; offline/live limits remain,"[""Body read in current working snapshot at lines 76-77"", ""Current source body inspection""]",[],[]
database.py,DBHandler.create_tables,83,462,async def create_tables(self),"Source operation: cursor.execute, cursor.execute('SELECT 1 FROM sqlite_master WHERE type = ? AND name = ?', ('table', 'group_members')).fetchone, cursor.fetchall, legacy_columns.items, len, self._run_in_thread, self.conn.commit, self.conn.cursor",source-body operation summary; detailed domain mapping belongs to mapper handoff,source-reviewed: no additional defect identified in inspected body; offline/live limits remain,"[""Body read in current working snapshot at lines 83-462"", ""Current source body inspection""]",[],[]
database.py,DBHandler.create_tables._sync,84,458,def _sync(),"Runs SQLite worker operation; calls cursor.execute, cursor.execute('SELECT 1 FROM sqlite_master WHERE type = ? AND name = ?', ('table', 'group_members')).fetchone, cursor.fetchall, legacy_columns.items, len, self.conn.commit",source-body operation summary; detailed domain mapping belongs to mapper handoff,source-reviewed: no additional defect identified in inspected body; offline/live limits remain,"[""Body read in current working snapshot at lines 84-458"", ""Current source body inspection""]",[],[]
database.py,DBHandler.close,464,469,async def close(self),Source operation: self._run_in_thread,source-body operation summary; detailed domain mapping belongs to mapper handoff,source-reviewed: no additional defect identified in inspected body; offline/live limits remain,"[""Body read in current working snapshot at lines 464-469"", ""Current source body inspection""]",[],[]
database.py,DBHandler.set_mod_log_channel,471,478,"async def set_mod_log_channel(self, guild_id: int, channel_id: Optional[int])",Source operation: self._run_in_thread,source-body operation summary; detailed domain mapping belongs to mapper handoff,source-reviewed: no additional defect identified in inspected body; offline/live limits remain,"[""Body read in current working snapshot at lines 471-478"", ""Current source body inspection""]",[],[]
database.py,DBHandler.get_mod_log_channel,480,487,"async def get_mod_log_channel(self, guild_id: int)",Source operation: self._run_in_thread,source-body operation summary; detailed domain mapping belongs to mapper handoff,source-reviewed: no additional defect identified in inspected body; offline/live limits remain,"[""Body read in current working snapshot at lines 480-487"", ""Current source body inspection""]",[],[]
database.py,DBHandler.get_commands_channel,489,496,"async def get_commands_channel(self, guild_id: int)",Source operation: self._run_in_thread,source-body operation summary; detailed domain mapping belongs to mapper handoff,source-reviewed: no additional defect identified in inspected body; offline/live limits remain,"[""Body read in current working snapshot at lines 489-496"", ""Current source body inspection""]",[],[]
database.py,DBHandler.get_default_vc,498,505,"async def get_default_vc(self, guild_id: int)",Source operation: self._run_in_thread,source-body operation summary; detailed domain mapping belongs to mapper handoff,source-reviewed: no additional defect identified in inspected body; offline/live limits remain,"[""Body read in current working snapshot at lines 498-505"", ""Current source body inspection""]",[],[]
database.py,DBHandler.save_pomodoro_runtime,507,526,"async def save_pomodoro_runtime(self, session_key: str, group_id: str, guild_id: int, state: dict)","Source operation: ValueError, json.dumps, self._run_in_thread, self.conn.execute, self.conn.execute('SELECT active FROM study_groups WHERE group_id = ? AND guild_id = ?', (str(group_id), guild_id)).fetchone, str",source-body operation summary; detailed domain mapping belongs to mapper handoff,source-reviewed: no additional defect identified in inspected body; offline/live limits remain,"[""Body read in current working snapshot at lines 507-526"", ""Current source body inspection""]",[],[]
database.py,DBHandler.save_pomodoro_runtime._sync,510,523,def _sync(),"Runs SQLite worker operation; calls ValueError, self.conn.execute, self.conn.execute('SELECT active FROM study_groups WHERE group_id = ? AND guild_id = ?', (str(group_id), guild_id)).fetchone, str",source-body operation summary; detailed domain mapping belongs to mapper handoff,source-reviewed: no additional defect identified in inspected body; offline/live limits remain,"[""Body read in current working snapshot at lines 510-523"", ""Current source body inspection""]",[],[]
database.py,DBHandler.get_active_pomodoro_runtime,528,547,async def get_active_pomodoro_runtime(self),"Source operation: dict, json.loads, record.pop, result.append, self._run_in_thread, self.retire_pomodoro_runtime",source-body operation summary; detailed domain mapping belongs to mapper handoff,source-reviewed: no additional defect identified in inspected body; offline/live limits remain,"[""Body read in current working snapshot at lines 528-547"", ""Current source body inspection""]",[],[]
database.py,DBHandler.retire_pomodoro_runtime,549,555,"async def retire_pomodoro_runtime(self, session_key: str)","Source operation: self._run_in_thread, str",source-body operation summary; detailed domain mapping belongs to mapper handoff,source-reviewed: no additional defect identified in inspected body; offline/live limits remain,"[""Body read in current working snapshot at lines 549-555"", ""Current source body inspection""]",[],[]
database.py,DBHandler.retire_group_pomodoro_runtime,557,563,"async def retire_group_pomodoro_runtime(self, group_id: str)","Source operation: self._run_in_thread, str",source-body operation summary; detailed domain mapping belongs to mapper handoff,source-reviewed: no additional defect identified in inspected body; offline/live limits remain,"[""Body read in current working snapshot at lines 557-563"", ""Current source body inspection""]",[],[]
database.py,DBHandler.save_productivity_focus_time,565,595,"async def save_productivity_focus_time(self, session_id: str, guild_id: int, group_id: str, focus_seconds: Mapping[int, float])","Source operation: ValueError, float, focus_seconds.items, isinstance, math.isfinite, self._run_in_thread, self.conn.execute, self.conn.execute('SELECT 1 FROM productivity_focus_time WHERE session_id = ? AND (guild_id != ? OR group_id != ?) LIMIT 1', (str(session_id), guild_id, str(group_id))).fetchone",source-body operation summary; detailed domain mapping belongs to mapper handoff,source-reviewed: no additional defect identified in inspected body; offline/live limits remain,"[""Body read in current working snapshot at lines 565-595"", ""Current source body inspection""]",[],[]
database.py,DBHandler.save_productivity_focus_time._sync,578,592,def _sync(),"Runs SQLite worker operation; calls ValueError, self.conn.execute, self.conn.execute('SELECT 1 FROM productivity_focus_time WHERE session_id = ? AND (guild_id != ? OR group_id != ?) LIMIT 1', (str(session_id), guild_id, str(group_id))).fetchone, self.conn.executemany, str",source-body operation summary; detailed domain mapping belongs to mapper handoff,source-reviewed: no additional defect identified in inspected body; offline/live limits remain,"[""Body read in current working snapshot at lines 578-592"", ""Current source body inspection""]",[],[]
database.py,DBHandler.get_session_productivity_focus_seconds,597,606,"async def get_session_productivity_focus_seconds(self, tracking_id: str, guild_id: Optional[int]=None, group_id: Optional[str]=None)","Source operation: float, int, self._run_in_thread",source-body operation summary; detailed domain mapping belongs to mapper handoff,source-reviewed: no additional defect identified in inspected body; offline/live limits remain,"[""Body read in current working snapshot at lines 597-606"", ""Current source body inspection""]",[],[]
database.py,DBHandler.get_productivity_focus_seconds,608,615,"async def get_productivity_focus_seconds(self, user_id: int, guild_id: Optional[int]=None)","Source operation: float, self._run_in_thread",source-body operation summary; detailed domain mapping belongs to mapper handoff,source-reviewed: no additional defect identified in inspected body; offline/live limits remain,"[""Body read in current working snapshot at lines 608-615"", ""Current source body inspection""]",[],[]
database.py,DBHandler.validate_checkin_settings,618,637,def validate_checkin_settings(state: Any),"Source operation: ValueError, any, isinstance, set, sorted, state.get, type",source-body operation summary; detailed domain mapping belongs to mapper handoff,source-reviewed: no additional defect identified in inspected body; offline/live limits remain,"[""Body read in current working snapshot at lines 618-637"", ""Current source body inspection""]",[],[]
database.py,DBHandler.save_checkin_guild_settings,639,649,"async def save_checkin_guild_settings(self, guild_id: int, state: dict[str, Any])","Source operation: ValueError, json.dumps, self._run_in_thread, self.validate_checkin_settings, type",source-body operation summary; detailed domain mapping belongs to mapper handoff,source-reviewed: no additional defect identified in inspected body; offline/live limits remain,"[""Body read in current working snapshot at lines 639-649"", ""Current source body inspection""]",[],[]
database.py,DBHandler.get_checkin_guild_settings,651,656,"async def get_checkin_guild_settings(self, guild_id: int)","Source operation: json.loads, self._run_in_thread, self.validate_checkin_settings",source-body operation summary; detailed domain mapping belongs to mapper handoff,source-reviewed: no additional defect identified in inspected body; offline/live limits remain,"[""Body read in current working snapshot at lines 651-656"", ""Current source body inspection""]",[],[]
database.py,DBHandler.get_checkin_settings_guild_ids,658,661,async def get_checkin_settings_guild_ids(self),"Source operation: int, self._run_in_thread",source-body operation summary; detailed domain mapping belongs to mapper handoff,source-reviewed: no additional defect identified in inspected body; offline/live limits remain,"[""Body read in current working snapshot at lines 658-661"", ""Current source body inspection""]",[],[]
database.py,DBHandler.record_pending_cleanup,663,714,"async def record_pending_cleanup(self, guild_id: int, group_id: str, resource_type: str, resource_id: int, last_error: Optional[str]=None)","Source operation: cursor.execute, cursor.fetchone, int, self._run_in_thread, self.conn.cursor, str",source-body operation summary; detailed domain mapping belongs to mapper handoff,source-reviewed: no additional defect identified in inspected body; offline/live limits remain,"[""Body read in current working snapshot at lines 663-714"", ""Current source body inspection""]",[],[]
database.py,DBHandler.record_pending_cleanup._sync,676,702,def _sync(),"Runs SQLite worker operation; calls cursor.execute, cursor.fetchone, int, self.conn.cursor, str",source-body operation summary; detailed domain mapping belongs to mapper handoff,source-reviewed: no additional defect identified in inspected body; offline/live limits remain,"[""Body read in current working snapshot at lines 676-702"", ""Current source body inspection""]",[],[]
database.py,DBHandler.get_pending_cleanups,716,729,"async def get_pending_cleanups(self, guild_id: Optional[int]=None, status: str='pending')","Source operation: dict, self._run_in_thread",source-body operation summary; detailed domain mapping belongs to mapper handoff,source-reviewed: no additional defect identified in inspected body; offline/live limits remain,"[""Body read in current working snapshot at lines 716-729"", ""Current source body inspection""]",[],[]
database.py,DBHandler.update_cleanup_retry,731,752,"async def update_cleanup_retry(self, cleanup_id: int, status: str='pending', last_error: Optional[str]=None, increment_retry: bool=True)",Source operation: self._run_in_thread,source-body operation summary; detailed domain mapping belongs to mapper handoff,source-reviewed: no additional defect identified in inspected body; offline/live limits remain,"[""Body read in current working snapshot at lines 731-752"", ""Current source body inspection""]",[],[]
database.py,DBHandler.delete_pending_cleanup,754,762,"async def delete_pending_cleanup(self, cleanup_id: int)",Source operation: self._run_in_thread,source-body operation summary; detailed domain mapping belongs to mapper handoff,source-reviewed: no additional defect identified in inspected body; offline/live limits remain,"[""Body read in current working snapshot at lines 754-762"", ""Current source body inspection""]",[],[]
database.py,DBHandler.get_pending_cleanup_count,764,774,"async def get_pending_cleanup_count(self, guild_id: Optional[int]=None)","Source operation: int, self._run_in_thread",source-body operation summary; detailed domain mapping belongs to mapper handoff,source-reviewed: no additional defect identified in inspected body; offline/live limits remain,"[""Body read in current working snapshot at lines 764-774"", ""Current source body inspection""]",[],[]
database.py,DBHandler.get_default_group_duration,776,783,"async def get_default_group_duration(self, guild_id: int)","Source operation: int, self._run_in_thread",source-body operation summary; detailed domain mapping belongs to mapper handoff,source-reviewed: no additional defect identified in inspected body; offline/live limits remain,"[""Body read in current working snapshot at lines 776-783"", ""Current source body inspection""]",[],[]
database.py,DBHandler.get_default_pomodoro_duration,785,792,"async def get_default_pomodoro_duration(self, guild_id: int)","Source operation: int, self._run_in_thread",source-body operation summary; detailed domain mapping belongs to mapper handoff,source-reviewed: no additional defect identified in inspected body; offline/live limits remain,"[""Body read in current working snapshot at lines 785-792"", ""Current source body inspection""]",[],[]
database.py,DBHandler.create_setup_recovery_journal,794,803,"async def create_setup_recovery_journal(self, guild_id: int, operation_id: str, owner_id: int, state: dict[str, Any])","Source operation: json.dumps, self._run_in_thread",source-body operation summary; detailed domain mapping belongs to mapper handoff,source-reviewed: no additional defect identified in inspected body; offline/live limits remain,"[""Body read in current working snapshot at lines 794-803"", ""Current source body inspection""]",[],[]
database.py,DBHandler.get_setup_recovery_journal,805,814,"async def get_setup_recovery_journal(self, guild_id: int)","Source operation: dict, json.loads, result.pop, self._run_in_thread",source-body operation summary; detailed domain mapping belongs to mapper handoff,source-reviewed: no additional defect identified in inspected body; offline/live limits remain,"[""Body read in current working snapshot at lines 805-814"", ""Current source body inspection""]",[],[]
database.py,DBHandler.update_setup_recovery_journal,816,834,"async def update_setup_recovery_journal(self, guild_id: int, operation_id: str, state: dict[str, Any], *, phase: str='prepared', last_error: Optional[str]=None)","Source operation: RuntimeError, json.dumps, self._run_in_thread",source-body operation summary; detailed domain mapping belongs to mapper handoff,source-reviewed: no additional defect identified in inspected body; offline/live limits remain,"[""Body read in current working snapshot at lines 816-834"", ""Current source body inspection""]",[],[]
database.py,DBHandler.delete_setup_recovery_journal,836,844,"async def delete_setup_recovery_journal(self, guild_id: int, operation_id: str, *, phase: str)","Source operation: RuntimeError, self._run_in_thread",source-body operation summary; detailed domain mapping belongs to mapper handoff,source-reviewed: no additional defect identified in inspected body; offline/live limits remain,"[""Body read in current working snapshot at lines 836-844"", ""Current source body inspection""]",[],[]
database.py,DBHandler.save_setup,846,920,"async def save_setup(self, guild_id: int, category_id: int, commands_channel_id: int, max_members: int, log_channel_id: Optional[int]=None, *, default_group_duration: Optional[int]=None, default_pomodoro_duration: Optional[int]=None, default_vc_id: Optional[int]=None, journal_operation_id: Optional[str]=None, default_role_id: Optional[int]=None, update_default_role: bool=False)","Source operation: RuntimeError, ValueError, datetime.now, isinstance, self._run_in_thread, self.conn.execute, timedelta, type",source-body operation summary; detailed domain mapping belongs to mapper handoff,source-reviewed: no additional defect identified in inspected body; offline/live limits remain,"[""Body read in current working snapshot at lines 846-920"", ""Current source body inspection""]",[],[]
database.py,DBHandler.save_setup._sync,874,917,def _sync(),"Runs SQLite worker operation; calls RuntimeError, ValueError, self.conn.execute, type",source-body operation summary; detailed domain mapping belongs to mapper handoff,source-reviewed: no additional defect identified in inspected body; offline/live limits remain,"[""Body read in current working snapshot at lines 874-917"", ""Current source body inspection""]",[],[]
database.py,DBHandler.get_default_role,922,927,"async def get_default_role(self, guild_id: int)","Source operation: int, self._run_in_thread",source-body operation summary; detailed domain mapping belongs to mapper handoff,source-reviewed: no additional defect identified in inspected body; offline/live limits remain,"[""Body read in current working snapshot at lines 922-927"", ""Current source body inspection""]",[],[]
database.py,DBHandler.create_session_invitation,929,968,"async def create_session_invitation(self, invitation_id: str, guild_id: int, session_kind: str, session_id: str, recipient_id: int, owner_id: int, created_at: float)","Source operation: ValueError, any, dict, math.isfinite, self._run_in_thread, type",source-body operation summary; detailed domain mapping belongs to mapper handoff,source-reviewed: no additional defect identified in inspected body; offline/live limits remain,"[""Body read in current working snapshot at lines 929-968"", ""Current source body inspection""]",[],[]
database.py,DBHandler.get_session_invitation,970,977,"async def get_session_invitation(self, guild_id: int, invitation_id: str)","Source operation: dict, self._run_in_thread",source-body operation summary; detailed domain mapping belongs to mapper handoff,source-reviewed: no additional defect identified in inspected body; offline/live limits remain,"[""Body read in current working snapshot at lines 970-977"", ""Current source body inspection""]",[],[]
database.py,DBHandler.get_pending_session_invitations,979,986,"async def get_pending_session_invitations(self, guild_id: int)","Source operation: dict, self._run_in_thread",source-body operation summary; detailed domain mapping belongs to mapper handoff,source-reviewed: no additional defect identified in inspected body; offline/live limits remain,"[""Body read in current working snapshot at lines 979-986"", ""Current source body inspection""]",[],[]
database.py,DBHandler.bind_session_invitation_message,988,997,"async def bind_session_invitation_message(self, guild_id: int, invitation_id: str, channel_id: int, message_id: int)",Source operation: self._run_in_thread,source-body operation summary; detailed domain mapping belongs to mapper handoff,source-reviewed: no additional defect identified in inspected body; offline/live limits remain,"[""Body read in current working snapshot at lines 988-997"", ""Current source body inspection""]",[],[]
database.py,DBHandler.transition_session_invitation,999,1020,"async def transition_session_invitation(self, guild_id: int, invitation_id: str, expected: str, status: str, *, now: float)","Source operation: ValueError, math.isfinite, self._run_in_thread",source-body operation summary; detailed domain mapping belongs to mapper handoff,source-reviewed: no additional defect identified in inspected body; offline/live limits remain,"[""Body read in current working snapshot at lines 999-1020"", ""Current source body inspection""]",[],[]
database.py,DBHandler.mark_invitation_notification,1022,1029,"async def mark_invitation_notification(self, guild_id: int, invitation_id: str, *, expired: bool=False)",Source operation: self._run_in_thread,source-body operation summary; detailed domain mapping belongs to mapper handoff,source-reviewed: no additional defect identified in inspected body; offline/live limits remain,"[""Body read in current working snapshot at lines 1022-1029"", ""Current source body inspection""]",[],[]
database.py,DBHandler.record_command_audit,1031,1069,"async def record_command_audit(self, guild_id: int, actor_id: int, actor_tier: int, action: str, outcome: str, target_ids: list[int | str], occurred_at: float)","Source operation: ValueError, any, int, isinstance, json.dumps, len, math.isfinite, self._run_in_thread",source-body operation summary; detailed domain mapping belongs to mapper handoff,source-reviewed: no additional defect identified in inspected body; offline/live limits remain,"[""Body read in current working snapshot at lines 1031-1069"", ""Current source body inspection""]",[],[]
database.py,DBHandler.record_command_audit.save,1060,1067,def save(),"Source operation: int, self.conn.execute",source-body operation summary; detailed domain mapping belongs to mapper handoff,source-reviewed: no additional defect identified in inspected body; offline/live limits remain,"[""Body read in current working snapshot at lines 1060-1067"", ""Current source body inspection""]",[],[]
database.py,DBHandler.get_command_audit_events,1071,1080,"async def get_command_audit_events(self, guild_id: int, *, limit: int=100)","Source operation: ValueError, dict, self._run_in_thread, type",source-body operation summary; detailed domain mapping belongs to mapper handoff,source-reviewed: no additional defect identified in inspected body; offline/live limits remain,"[""Body read in current working snapshot at lines 1071-1080"", ""Current source body inspection""]",[],[]
database.py,DBHandler.save_pomodoro_session,1083,1099,"async def save_pomodoro_session(self, session)",Source operation: self._run_in_thread,source-body operation summary; detailed domain mapping belongs to mapper handoff,source-reviewed: no additional defect identified in inspected body; offline/live limits remain,"[""Body read in current working snapshot at lines 1083-1099"", ""Current source body inspection""]",[],[]
database.py,DBHandler.save_study_group,1104,1177,"async def save_study_group(self, study_group_data: Dict[str, Any])","Source operation: any, cursor.execute, cursor.executemany, cursor.fetchall, member_ids.add, self._run_in_thread, self.conn.cursor, set",source-body operation summary; detailed domain mapping belongs to mapper handoff,source-reviewed: no additional defect identified in inspected body; offline/live limits remain,"[""Body read in current working snapshot at lines 1104-1177"", ""Current source body inspection""]",[],[]
database.py,DBHandler.save_study_group._sync,1107,1173,def _sync(),"Runs SQLite worker operation; calls any, cursor.execute, cursor.executemany, cursor.fetchall, member_ids.add, self.conn.cursor",source-body operation summary; detailed domain mapping belongs to mapper handoff,source-reviewed: no additional defect identified in inspected body; offline/live limits remain,"[""Body read in current working snapshot at lines 1107-1173"", ""Current source body inspection""]",[],[]
database.py,DBHandler.update_study_group_by_id,1180,1254,"async def update_study_group_by_id(self, study_group_data: Dict[str, Any])","Source operation: ', '.join, fields_to_update.append, self._run_in_thread, study_group_data.get, tuple, values.append",source-body operation summary; detailed domain mapping belongs to mapper handoff,source-reviewed: no additional defect identified in inspected body; offline/live limits remain,"[""Body read in current working snapshot at lines 1180-1254"", ""Current source body inspection""]",[],[]
database.py,DBHandler.get_user_created_group_count,1256,1267,"async def get_user_created_group_count(self, user_id: int, guild_id: Optional[int]=None)","Source operation: cursor.execute, cursor.fetchone, self._run_in_thread, self.conn.cursor",source-body operation summary; detailed domain mapping belongs to mapper handoff,source-reviewed: no additional defect identified in inspected body; offline/live limits remain,"[""Body read in current working snapshot at lines 1256-1267"", ""Current source body inspection""]",[],[]
database.py,DBHandler.get_user_created_group_count._sync,1257,1264,def _sync(),"Runs SQLite worker operation; calls cursor.execute, cursor.fetchone, self.conn.cursor",source-body operation summary; detailed domain mapping belongs to mapper handoff,source-reviewed: no additional defect identified in inspected body; offline/live limits remain,"[""Body read in current working snapshot at lines 1257-1264"", ""Current source body inspection""]",[],[]
database.py,DBHandler.get_user_joined_group_count,1269,1285,"async def get_user_joined_group_count(self, user_id: int, guild_id: Optional[int]=None)","Source operation: cursor.execute, cursor.fetchone, self._run_in_thread, self.conn.cursor",source-body operation summary; detailed domain mapping belongs to mapper handoff,source-reviewed: no additional defect identified in inspected body; offline/live limits remain,"[""Body read in current working snapshot at lines 1269-1285"", ""Current source body inspection""]",[],[]
database.py,DBHandler.get_user_joined_group_count._sync,1270,1282,def _sync(),"Runs SQLite worker operation; calls cursor.execute, cursor.fetchone, self.conn.cursor",source-body operation summary; detailed domain mapping belongs to mapper handoff,source-reviewed: no additional defect identified in inspected body; offline/live limits remain,"[""Body read in current working snapshot at lines 1270-1282"", ""Current source body inspection""]",[],[]
database.py,DBHandler.get_user_group,1287,1321,"async def get_user_group(self, user_id, channel_id)","Source operation: cursor.execute, cursor.fetchone, dict, self._run_in_thread, self.conn.cursor",source-body operation summary; detailed domain mapping belongs to mapper handoff,source-reviewed: no additional defect identified in inspected body; offline/live limits remain,"[""Body read in current working snapshot at lines 1287-1321"", ""Current source body inspection""]",[],[]
database.py,DBHandler.get_user_group._sync,1288,1316,def _sync(),"Runs SQLite worker operation; calls cursor.execute, cursor.fetchone, self.conn.cursor",source-body operation summary; detailed domain mapping belongs to mapper handoff,source-reviewed: no additional defect identified in inspected body; offline/live limits remain,"[""Body read in current working snapshot at lines 1288-1316"", ""Current source body inspection""]",[],[]
database.py,DBHandler.get_study_group_by_channel,1323,1334,"async def get_study_group_by_channel(self, channel_id: int)","Source operation: dict, self._run_in_thread",source-body operation summary; detailed domain mapping belongs to mapper handoff,source-reviewed: no additional defect identified in inspected body; offline/live limits remain,"[""Body read in current working snapshot at lines 1323-1334"", ""Current source body inspection""]",[],[]
database.py,DBHandler.fetch_study_group_by_name,1337,1347,"async def fetch_study_group_by_name(self, name: str, guild_id: str)","Source operation: dict, self._run_in_thread",source-body operation summary; detailed domain mapping belongs to mapper handoff,source-reviewed: no additional defect identified in inspected body; offline/live limits remain,"[""Body read in current working snapshot at lines 1337-1347"", ""Current source body inspection""]",[],[]
database.py,DBHandler.fetch_study_group_by_id,1350,1363,"async def fetch_study_group_by_id(self, group_id: Union[str, int])","Source operation: dict, group_id.isdigit, isinstance, self._run_in_thread, str",source-body operation summary; detailed domain mapping belongs to mapper handoff,source-reviewed: no additional defect identified in inspected body; offline/live limits remain,"[""Body read in current working snapshot at lines 1350-1363"", ""Current source body inspection""]",[],[]
database.py,DBHandler.add_member_to_study_group_db,1366,1377,"async def add_member_to_study_group_db(self, group_id: str, user_id: int)",Source operation: self._run_in_thread,source-body operation summary; detailed domain mapping belongs to mapper handoff,source-reviewed: no additional defect identified in inspected body; offline/live limits remain,"[""Body read in current working snapshot at lines 1366-1377"", ""Current source body inspection""]",[],[]
database.py,DBHandler.remove_member_from_study_group_db,1380,1384,"async def remove_member_from_study_group_db(self, group_id: str, user_id: int)",Source operation: self._run_in_thread,source-body operation summary; detailed domain mapping belongs to mapper handoff,source-reviewed: no additional defect identified in inspected body; offline/live limits remain,"[""Body read in current working snapshot at lines 1380-1384"", ""Current source body inspection""]",[],[]
database.py,DBHandler.transfer_ownership_study_group_db,1387,1391,"async def transfer_ownership_study_group_db(self, group_id: str, new_owner_id: int)",Source operation: self._run_in_thread,source-body operation summary; detailed domain mapping belongs to mapper handoff,source-reviewed: no additional defect identified in inspected body; offline/live limits remain,"[""Body read in current working snapshot at lines 1387-1391"", ""Current source body inspection""]",[],[]
database.py,DBHandler.fetch_members_of_group,1394,1400,"async def fetch_members_of_group(self, group_id: str)","Source operation: len, self._run_in_thread",source-body operation summary; detailed domain mapping belongs to mapper handoff,source-reviewed: no additional defect identified in inspected body; offline/live limits remain,"[""Body read in current working snapshot at lines 1394-1400"", ""Current source body inspection""]",[],[]
database.py,DBHandler.fetch_owner_of_group,1403,1408,"async def fetch_owner_of_group(self, group_id: str)",Source operation: self._run_in_thread,source-body operation summary; detailed domain mapping belongs to mapper handoff,source-reviewed: no additional defect identified in inspected body; offline/live limits remain,"[""Body read in current working snapshot at lines 1403-1408"", ""Current source body inspection""]",[],[]
database.py,DBHandler.delete_study_group,1411,1430,"async def delete_study_group(self, group_id: Union[int, str])","Source operation: group_id.isdigit, int, isinstance, self._run_in_thread, self.conn.execute, str, str(group_id).isdigit",source-body operation summary; detailed domain mapping belongs to mapper handoff,source-reviewed: no additional defect identified in inspected body; offline/live limits remain,"[""Body read in current working snapshot at lines 1411-1430"", ""Current source body inspection""]",[],[]
database.py,DBHandler.delete_study_group._sync,1412,1426,def _sync(),"Runs SQLite worker operation; calls group_id.isdigit, int, isinstance, self.conn.execute, str, str(group_id).isdigit",source-body operation summary; detailed domain mapping belongs to mapper handoff,source-reviewed: no additional defect identified in inspected body; offline/live limits remain,"[""Body read in current working snapshot at lines 1412-1426"", ""Current source body inspection""]",[],[]
database.py,DBHandler.get_study_groups_of_user,1433,1443,"async def get_study_groups_of_user(self, user_id: int, guild_id: int)","Source operation: dict, len, self._run_in_thread",source-body operation summary; detailed domain mapping belongs to mapper handoff,source-reviewed: no additional defect identified in inspected body; offline/live limits remain,"[""Body read in current working snapshot at lines 1433-1443"", ""Current source body inspection""]",[],[]
database.py,DBHandler.get_all_study_groups_of_guild,1446,1451,"async def get_all_study_groups_of_guild(self, guild_id: int)","Source operation: dict, len, self._run_in_thread",source-body operation summary; detailed domain mapping belongs to mapper handoff,source-reviewed: no additional defect identified in inspected body; offline/live limits remain,"[""Body read in current working snapshot at lines 1446-1451"", ""Current source body inspection""]",[],[]
database.py,DBHandler.get_guild_group_names,1453,1458,"async def get_guild_group_names(self, guild_id: int)",Source operation: self._run_in_thread,source-body operation summary; detailed domain mapping belongs to mapper handoff,source-reviewed: no additional defect identified in inspected body; offline/live limits remain,"[""Body read in current working snapshot at lines 1453-1458"", ""Current source body inspection""]",[],[]
database.py,DBHandler.get_all_study_groups,1460,1462,"async def get_all_study_groups(self, guild_id: int)",Source operation: self.get_all_study_groups_of_guild,source-body operation summary; detailed domain mapping belongs to mapper handoff,source-reviewed: no additional defect identified in inspected body; offline/live limits remain,"[""Body read in current working snapshot at lines 1460-1462"", ""Current source body inspection""]",[],[]
database.py,DBHandler.save_checkin_session,1467,1493,"async def save_checkin_session(self, session_data: Dict[str, Any])",Source operation: self._run_in_thread,source-body operation summary; detailed domain mapping belongs to mapper handoff,source-reviewed: no additional defect identified in inspected body; offline/live limits remain,"[""Body read in current working snapshot at lines 1467-1493"", ""Current source body inspection""]",[],[]
database.py,DBHandler.update_checkin_session,1496,1531,"async def update_checkin_session(self, session_data: Dict[str, Any])","Source operation: ', '.join, int, isinstance, msg_id.isdigit, self._run_in_thread, tuple, update_fields.append, update_values.append",source-body operation summary; detailed domain mapping belongs to mapper handoff,source-reviewed: no additional defect identified in inspected body; offline/live limits remain,"[""Body read in current working snapshot at lines 1496-1531"", ""Current source body inspection""]",[],[]
database.py,DBHandler.fetch_checkin_session,1534,1540,"async def fetch_checkin_session(self, session_id: str)","Source operation: dict, self._run_in_thread",source-body operation summary; detailed domain mapping belongs to mapper handoff,source-reviewed: no additional defect identified in inspected body; offline/live limits remain,"[""Body read in current working snapshot at lines 1534-1540"", ""Current source body inspection""]",[],[]
database.py,DBHandler.add_or_update_checkin_member,1543,1559,"async def add_or_update_checkin_member(self, session_id: str, member_id: int, status: Any, absences: int=0)","Source operation: hasattr, self._run_in_thread, str",source-body operation summary; detailed domain mapping belongs to mapper handoff,source-reviewed: no additional defect identified in inspected body; offline/live limits remain,"[""Body read in current working snapshot at lines 1543-1559"", ""Current source body inspection""]",[],[]
database.py,DBHandler.fetch_checkin_members,1562,1568,"async def fetch_checkin_members(self, session_id: str)","Source operation: dict, len, self._run_in_thread",source-body operation summary; detailed domain mapping belongs to mapper handoff,source-reviewed: no additional defect identified in inspected body; offline/live limits remain,"[""Body read in current working snapshot at lines 1562-1568"", ""Current source body inspection""]",[],[]
database.py,DBHandler.fetch_active_checkin_sessions,1571,1580,async def fetch_active_checkin_sessions(self),"Source operation: dict, len, self._run_in_thread",source-body operation summary; detailed domain mapping belongs to mapper handoff,source-reviewed: no additional defect identified in inspected body; offline/live limits remain,"[""Body read in current working snapshot at lines 1571-1580"", ""Current source body inspection""]",[],[]
database.py,DBHandler.delete_checkin_session,1583,1593,"async def delete_checkin_session(self, session_id: str)","Source operation: self._run_in_thread, self.conn.execute",source-body operation summary; detailed domain mapping belongs to mapper handoff,source-reviewed: no additional defect identified in inspected body; offline/live limits remain,"[""Body read in current working snapshot at lines 1583-1593"", ""Current source body inspection""]",[],[]
database.py,DBHandler.delete_checkin_session._sync,1586,1589,def _sync(),Runs SQLite worker operation; calls self.conn.execute,source-body operation summary; detailed domain mapping belongs to mapper handoff,source-reviewed: no additional defect identified in inspected body; offline/live limits remain,"[""Body read in current working snapshot at lines 1586-1589"", ""Current source body inspection""]",[],[]
database.py,DBHandler.get_study_group,1595,1606,"async def get_study_group(self, guild_id: int)","Source operation: dict, self._run_in_thread",source-body operation summary; detailed domain mapping belongs to mapper handoff,source-reviewed: no additional defect identified in inspected body; offline/live limits remain,"[""Body read in current working snapshot at lines 1595-1606"", ""Current source body inspection""]",[],[]
database.py,DBHandler.update_group_roles,1608,1617,"async def update_group_roles(self, group_id, admin_role_id, session_role_id)","Source operation: self._run_in_thread, str",source-body operation summary; detailed domain mapping belongs to mapper handoff,source-reviewed: no additional defect identified in inspected body; offline/live limits remain,"[""Body read in current working snapshot at lines 1608-1617"", ""Current source body inspection""]",[],[]
database.py,DBHandler.get_group_roles,1619,1625,"async def get_group_roles(self, group_id)","Source operation: self._run_in_thread, str",source-body operation summary; detailed domain mapping belongs to mapper handoff,source-reviewed: no additional defect identified in inspected body; offline/live limits remain,"[""Body read in current working snapshot at lines 1619-1625"", ""Current source body inspection""]",[],[]
database.py,DBHandler.update_voice_channel,1627,1639,"async def update_voice_channel(self, group_id, voice_channel_id)","Source operation: self._run_in_thread, str",source-body operation summary; detailed domain mapping belongs to mapper handoff,source-reviewed: no additional defect identified in inspected body; offline/live limits remain,"[""Body read in current working snapshot at lines 1627-1639"", ""Current source body inspection""]",[],[]
database.py,DBHandler.log_vc_creation,1641,1652,"async def log_vc_creation(self, group_id, channel_id, creator_id)","Source operation: datetime.now, self._run_in_thread",source-body operation summary; detailed domain mapping belongs to mapper handoff,source-reviewed: no additional defect identified in inspected body; offline/live limits remain,"[""Body read in current working snapshot at lines 1641-1652"", ""Current source body inspection""]",[],[]
database.py,DBHandler.get_vc_logs,1654,1663,"async def get_vc_logs(self, guild_id, start_date)","Source operation: len, self._run_in_thread",source-body operation summary; detailed domain mapping belongs to mapper handoff,source-reviewed: no additional defect identified in inspected body; offline/live limits remain,"[""Body read in current working snapshot at lines 1654-1663"", ""Current source body inspection""]",[],[]
database.py,DBHandler.update_vc_cleanup_time,1665,1673,"async def update_vc_cleanup_time(self, guild_id, cleanup_time)",Source operation: self._run_in_thread,source-body operation summary; detailed domain mapping belongs to mapper handoff,source-reviewed: no additional defect identified in inspected body; offline/live limits remain,"[""Body read in current working snapshot at lines 1665-1673"", ""Current source body inspection""]",[],[]
database.py,DBHandler.get_vc_cleanup_time,1675,1681,"async def get_vc_cleanup_time(self, guild_id)",Source operation: self._run_in_thread,source-body operation summary; detailed domain mapping belongs to mapper handoff,source-reviewed: no additional defect identified in inspected body; offline/live limits remain,"[""Body read in current working snapshot at lines 1675-1681"", ""Current source body inspection""]",[],[]
database.py,DBHandler.update_vc_category,1683,1691,"async def update_vc_category(self, guild_id, category_id)",Source operation: self._run_in_thread,source-body operation summary; detailed domain mapping belongs to mapper handoff,source-reviewed: no additional defect identified in inspected body; offline/live limits remain,"[""Body read in current working snapshot at lines 1683-1691"", ""Current source body inspection""]",[],[]
database.py,DBHandler.get_vc_category,1693,1699,"async def get_vc_category(self, guild_id)",Source operation: self._run_in_thread,source-body operation summary; detailed domain mapping belongs to mapper handoff,source-reviewed: no additional defect identified in inspected body; offline/live limits remain,"[""Body read in current working snapshot at lines 1693-1699"", ""Current source body inspection""]",[],[]
database.py,DBHandler.update_group_category,1701,1709,"async def update_group_category(self, guild_id, category_id)",Source operation: self._run_in_thread,source-body operation summary; detailed domain mapping belongs to mapper handoff,source-reviewed: no additional defect identified in inspected body; offline/live limits remain,"[""Body read in current working snapshot at lines 1701-1709"", ""Current source body inspection""]",[],[]
database.py,DBHandler.get_group_category,1711,1717,"async def get_group_category(self, guild_id)",Source operation: self._run_in_thread,source-body operation summary; detailed domain mapping belongs to mapper handoff,source-reviewed: no additional defect identified in inspected body; offline/live limits remain,"[""Body read in current working snapshot at lines 1711-1717"", ""Current source body inspection""]",[],[]
database.py,DBHandler.update_default_max_members,1719,1727,"async def update_default_max_members(self, guild_id, max_members)",Source operation: self._run_in_thread,source-body operation summary; detailed domain mapping belongs to mapper handoff,source-reviewed: no additional defect identified in inspected body; offline/live limits remain,"[""Body read in current working snapshot at lines 1719-1727"", ""Current source body inspection""]",[],[]
database.py,DBHandler.get_default_max_members,1729,1734,"async def get_default_max_members(self, guild_id)","Source operation: result.keys, self._run_in_thread",source-body operation summary; detailed domain mapping belongs to mapper handoff,source-reviewed: no additional defect identified in inspected body; offline/live limits remain,"[""Body read in current working snapshot at lines 1729-1734"", ""Current source body inspection""]",[],[]
database.py,DBHandler.add_manager,1736,1772,"async def add_manager(self, user_id, guild_id, permission_level, *, grant_source='explicit')","Source operation: ValueError, cursor.execute, cursor.execute('SELECT grant_source FROM managers WHERE user_id = ? AND guild_id IS ?', (user_id, guild_id)).fetchone, hasattr, int, self._run_in_thread, self.conn.cursor",source-body operation summary; detailed domain mapping belongs to mapper handoff,source-reviewed: no additional defect identified in inspected body; offline/live limits remain,"[""Body read in current working snapshot at lines 1736-1772"", ""Current source body inspection""]",[],[]
database.py,DBHandler.add_manager._sync,1745,1762,def _sync(),"Runs SQLite worker operation; calls cursor.execute, cursor.execute('SELECT grant_source FROM managers WHERE user_id = ? AND guild_id IS ?', (user_id, guild_id)).fetchone, self.conn.cursor",source-body operation summary; detailed domain mapping belongs to mapper handoff,source-reviewed: no additional defect identified in inspected body; offline/live limits remain,"[""Body read in current working snapshot at lines 1745-1762"", ""Current source body inspection""]",[],[]
database.py,DBHandler.sync_guild_manager_grants,1774,1814,"async def sync_guild_manager_grants(self, guild_id: int, grants: Mapping[int, int])","Source operation: ValueError, any, grants.items, int, len, levels.items, levels.values, self._run_in_thread",source-body operation summary; detailed domain mapping belongs to mapper handoff,source-reviewed: no additional defect identified in inspected body; offline/live limits remain,"[""Body read in current working snapshot at lines 1774-1814"", ""Current source body inspection""]",[],[]
database.py,DBHandler.sync_guild_manager_grants._sync,1781,1810,def _sync(),"Runs SQLite worker operation; calls levels.items, self.conn.execute, self.conn.execute('SELECT grant_source FROM managers WHERE guild_id = ? AND user_id = ?', (guild_id, user_id)).fetchone, self.conn.execute('SELECT user_id FROM managers WHERE guild_id = ? AND grant_source = ?', (guild_id, 'server_sync')).fetchall",source-body operation summary; detailed domain mapping belongs to mapper handoff,source-reviewed: no additional defect identified in inspected body; offline/live limits remain,"[""Body read in current working snapshot at lines 1781-1810"", ""Current source body inspection""]",[],[]
database.py,DBHandler.remove_manager,1816,1821,"async def remove_manager(self, user_id, guild_id)",Source operation: self._run_in_thread,source-body operation summary; detailed domain mapping belongs to mapper handoff,source-reviewed: no additional defect identified in inspected body; offline/live limits remain,"[""Body read in current working snapshot at lines 1816-1821"", ""Current source body inspection""]",[],[]
database.py,DBHandler.get_manager,1823,1834,"async def get_manager(self, user_id, guild_id)",Source operation: self._run_in_thread,source-body operation summary; detailed domain mapping belongs to mapper handoff,source-reviewed: no additional defect identified in inspected body; offline/live limits remain,"[""Body read in current working snapshot at lines 1823-1834"", ""Current source body inspection""]",[],[]
database.py,DBHandler.get_all_managers,1836,1844,"async def get_all_managers(self, guild_id)","Source operation: len, self._run_in_thread",source-body operation summary; detailed domain mapping belongs to mapper handoff,source-reviewed: no additional defect identified in inspected body; offline/live limits remain,"[""Body read in current working snapshot at lines 1836-1844"", ""Current source body inspection""]",[],[]
database.py,DBHandler.add_task,1846,1885,"async def add_task(self, user_id, description, group_id=None, guild_id=None)","Source operation: ''.join, cursor.execute, cursor.fetchone, range, secrets.choice, self._run_in_thread, self.conn.cursor, str",source-body operation summary; detailed domain mapping belongs to mapper handoff,source-reviewed: no additional defect identified in inspected body; offline/live limits remain,"[""Body read in current working snapshot at lines 1846-1885"", ""Current source body inspection""]",[],[]
database.py,DBHandler.add_task._sync,1850,1878,def _sync(),"Runs SQLite worker operation; calls ''.join, cursor.execute, cursor.fetchone, range, secrets.choice, self.conn.cursor",source-body operation summary; detailed domain mapping belongs to mapper handoff,source-reviewed: no additional defect identified in inspected body; offline/live limits remain,"[""Body read in current working snapshot at lines 1850-1878"", ""Current source body inspection""]",[],[]
database.py,DBHandler.complete_task,1887,1918,"async def complete_task(self, user_id, task_id, group_id=None)","Source operation: isinstance, self._run_in_thread, str, str(task_id).isdigit",source-body operation summary; detailed domain mapping belongs to mapper handoff,source-reviewed: no additional defect identified in inspected body; offline/live limits remain,"[""Body read in current working snapshot at lines 1887-1918"", ""Current source body inspection""]",[],[]
database.py,DBHandler.apply_task_action,1920,1929,"async def apply_task_action(self, user_id: int, task_id: int, group_id: Optional[str], action: str)","Source operation: ValueError, self._run_in_thread",source-body operation summary; detailed domain mapping belongs to mapper handoff,source-reviewed: no additional defect identified in inspected body; offline/live limits remain,"[""Body read in current working snapshot at lines 1920-1929"", ""Current source body inspection""]",[],[]
database.py,DBHandler.get_user_tasks,1931,1950,"async def get_user_tasks(self, user_id, group_id=None, global_only=False, guild_id=None)","Source operation: len, self._run_in_thread, str",source-body operation summary; detailed domain mapping belongs to mapper handoff,source-reviewed: no additional defect identified in inspected body; offline/live limits remain,"[""Body read in current working snapshot at lines 1931-1950"", ""Current source body inspection""]",[],[]
database.py,DBHandler.delete_task,1952,1983,"async def delete_task(self, user_id, task_id, group_id=None)","Source operation: isinstance, self._run_in_thread, str, str(task_id).isdigit",source-body operation summary; detailed domain mapping belongs to mapper handoff,source-reviewed: no additional defect identified in inspected body; offline/live limits remain,"[""Body read in current working snapshot at lines 1952-1983"", ""Current source body inspection""]",[],[]
database.py,DBHandler.purge_group_tasks,1985,1993,"async def purge_group_tasks(self, user_id, group_id)","Source operation: self._run_in_thread, str",source-body operation summary; detailed domain mapping belongs to mapper handoff,source-reviewed: no additional defect identified in inspected body; offline/live limits remain,"[""Body read in current working snapshot at lines 1985-1993"", ""Current source body inspection""]",[],[]
database.py,DBHandler.purge_guild_tasks,1995,2003,"async def purge_guild_tasks(self, user_id, guild_id)",Source operation: self._run_in_thread,source-body operation summary; detailed domain mapping belongs to mapper handoff,source-reviewed: no additional defect identified in inspected body; offline/live limits remain,"[""Body read in current working snapshot at lines 1995-2003"", ""Current source body inspection""]",[],[]
database.py,DBHandler.purge_personal_tasks,2005,2011,"async def purge_personal_tasks(self, user_id: int)",Source operation: self._run_in_thread,source-body operation summary; detailed domain mapping belongs to mapper handoff,source-reviewed: no additional defect identified in inspected body; offline/live limits remain,"[""Body read in current working snapshot at lines 2005-2011"", ""Current source body inspection""]",[],[]
database.py,DBHandler.purge_all_user_tasks,2013,2021,"async def purge_all_user_tasks(self, user_id)",Source operation: self._run_in_thread,source-body operation summary; detailed domain mapping belongs to mapper handoff,source-reviewed: no additional defect identified in inspected body; offline/live limits remain,"[""Body read in current working snapshot at lines 2013-2021"", ""Current source body inspection""]",[],[]
test_file.py,DummyInteractionFactory.create,44,184,"def create(bot: CPO, user_id: int=USER_ID, user_name: str='Vector', channel_id: int=885134444992806999, channel_name: str='productivity-checkins', is_admin: bool=True)","Offline test/fixture/helper: builds mocked or SQLite test state and orchestrates AsyncMock, MagicMock, discord.PermissionOverwrite, discord.Permissions",source-body operation summary; detailed domain mapping belongs to mapper handoff,source-reviewed: no additional defect identified in inspected body; offline/live limits remain,"[""Body read in current working snapshot at lines 44-184"", ""Current source body inspection""]",[],"[""54-flow matrix bypasses command-tree/check dispatch via command.callback; setup assertions often test response text, not durable full lifecycle; header 100% coverage unsupported""]"
test_file.py,DummyInteractionFactory.create.mock_get_member,125,148,def mock_get_member(uid: int),"Offline test/fixture/helper: builds mocked or SQLite test state and orchestrates AsyncMock, MagicMock, discord.Permissions, discord.Permissions.all",source-body operation summary; detailed domain mapping belongs to mapper handoff,source-reviewed: no additional defect identified in inspected body; offline/live limits remain,"[""Body read in current working snapshot at lines 125-148"", ""Current source body inspection""]",[],"[""54-flow matrix bypasses command-tree/check dispatch via command.callback; setup assertions often test response text, not durable full lifecycle; header 100% coverage unsupported""]"
test_file.py,DummyInteractionFactory.create.mock_defer,170,171,"async def mock_defer(*args, **kwargs)",Offline test/fixture/helper: builds mocked or SQLite test state and orchestrates ,source-body operation summary; detailed domain mapping belongs to mapper handoff,source-reviewed: no additional defect identified in inspected body; offline/live limits remain,"[""Body read in current working snapshot at lines 170-171"", ""Current source body inspection""]",[],"[""54-flow matrix bypasses command-tree/check dispatch via command.callback; setup assertions often test response text, not durable full lifecycle; header 100% coverage unsupported""]"
test_file.py,DummyInteractionFactory.create.mock_send_message,173,174,"async def mock_send_message(*args, **kwargs)",Offline test/fixture/helper: builds mocked or SQLite test state and orchestrates ,source-body operation summary; detailed domain mapping belongs to mapper handoff,source-reviewed: no additional defect identified in inspected body; offline/live limits remain,"[""Body read in current working snapshot at lines 173-174"", ""Current source body inspection""]",[],"[""54-flow matrix bypasses command-tree/check dispatch via command.callback; setup assertions often test response text, not durable full lifecycle; header 100% coverage unsupported""]"
test_file.py,get_response_text,187,206,def get_response_text(interaction: discord.Interaction),"Offline test/fixture/helper: builds mocked or SQLite test state and orchestrates ' '.join, getattr, str, texts.append",source-body operation summary; detailed domain mapping belongs to mapper handoff,source-reviewed: no additional defect identified in inspected body; offline/live limits remain,"[""Body read in current working snapshot at lines 187-206"", ""Current source body inspection""]",[],"[""54-flow matrix bypasses command-tree/check dispatch via command.callback; setup assertions often test response text, not durable full lifecycle; header 100% coverage unsupported""]"
test_file.py,get_response_embed,209,218,def get_response_embed(interaction: discord.Interaction),"Offline test/fixture/helper: builds mocked or SQLite test state and orchestrates getattr, reversed",source-body operation summary; detailed domain mapping belongs to mapper handoff,source-reviewed: no additional defect identified in inspected body; offline/live limits remain,"[""Body read in current working snapshot at lines 209-218"", ""Current source body inspection""]",[],"[""54-flow matrix bypasses command-tree/check dispatch via command.callback; setup assertions often test response text, not durable full lifecycle; header 100% coverage unsupported""]"
test_file.py,_run_command_matrix,221,1194,async def _run_command_matrix(bot),Offline test/fixture/helper: tasklist_cog is not None; prod_cog is not None,source-body operation summary; detailed domain mapping belongs to mapper handoff,source-reviewed: no additional defect identified in inspected body; offline/live limits remain,"[""Body read in current working snapshot at lines 221-1194"", ""Current source body inspection"", ""tasklist_cog is not None"", ""prod_cog is not None"", ""manager_cog is not None"", ""checkin_cog is not None"", ""sg_cog is not None"", ""vc_cog is not None"", ""pomo_cog is not None"", ""'Task added successfully' in text"", ""len(task_id_1) == 4 and task_id_1.isalnum()"", ""task_id_1"", ""'Task added successfully' in text"", ""len(task_id_2) == 4 and task_id_2.isalnum()"", ""task_id_2 != task_id_1"", ""task_id_2"", ""embed is not None"", ""'Tasks' in embed.title"", ""task_id_1 in embed.description and task_id_2 in embed.description"", ""f'Tasks marked as complete: {task_id_1}' in text"", ""next((task for task in tasks if task['task_id_str'] == task_id_1))['completed'] == 1"", ""'Failed to find or already completed' in text"", ""'You have no tasks' in text"", ""embed is not None"", ""'Productivity Metrics' in embed.title"", ""'Tasks Completed' in field_names"", ""'Efficiency Score (tasks/hour)' in field_names"", ""embed is not None"", ""'Productivity Metrics' in embed.title"", ""'Successfully synced' in text"", ""\""don't have permission\"" in text or 'Go away peasent' in text"", ""embed is not None"", ""'Managers' in embed.title or 'Staff' in embed.title"", ""'added as a guild manager' in text"", ""\""don't have permission\"" in text or 'Go away peasent' in text"", ""'Manager' in get_response_text(interaction)"", ""'Group membership and ownership' in get_response_text(interaction)"", ""'Bot Developer' in get_response_text(interaction)"", ""'Server Member' in get_response_text(interaction)"", ""'Invalid permission level' in text"", ""'removed as a guild manager' in text"", ""'added as a bot developer' in text"", ""'Successfully synced **3** command(s) globally' in text"", ""'Successfully synced **2** command(s) to server' in text"", ""\""don't have permission\"" in text or 'Go away peasent' in text"", ""embed is not None"", ""'User Authorization Level' in embed.title"", ""'User Level Tier' in field_dict"", ""'Supreme Commander' in field_dict['User Level Tier']"", ""embed is not None"", ""'Mod' in field_dict['User Level Tier']"", ""embed is not None"", ""'Server Member' in field_dict['User Level Tier']"", ""manager_cog.get_tier_name(PermissionLevel.BOT_DEVELOPER) == 'Bot Developer'"", ""manager_cog.get_tier_name(PermissionLevel.ADMIN) == 'Manager'"", ""manager_cog.get_tier_name(PermissionLevel.GUILD_MANAGER) == 'Manager'"", ""manager_cog.get_tier_name(PermissionLevel.MODERATOR) == 'Manager'"", ""manager_cog.get_tier_name(PermissionLevel.GROUP_OWNER) == 'Group Owner'"", ""manager_cog.get_tier_name(PermissionLevel.GROUP_MEMBER) == 'Group Member'"", ""manager_cog.get_tier_name(PermissionLevel.REGULAR_USER) == 'Server Member'"", ""'Check-in settings updated' in text"", ""'do not have permission' in text"", ""'Check-in settings updated' in text"", ""settings.max_members == 5"", ""settings.permission_mode == 'DENY'"", ""'Invalid duration format' in text"", ""len(checkin_cog.active_sessions) > 0"", ""checkin_session.name == 'Daily Standup'"", ""checkin_session.duration == 25 * 60"", ""checkin_session.member_statuses[USER_ID]['status'] == 'present'"", ""checkin_session.member_statuses[USER_ID]['status'] == 'break'"", ""checkin_session.member_statuses[USER_ID]['status'] == 'present'"", ""checkin_session.member_statuses[USER_ID]['status'] == 'exited'"", ""checkin_session.member_statuses[USER_ID]['status'] == 'present'"", ""checkin_session.session_id not in checkin_cog.active_sessions"", ""len(sg_cog.active_study_groups) > 0"", ""interaction.channel.send.call_args.kwargs['embed'] is not None"", ""created_group.active"", ""created_group.name == 'Alpha Study Cohort'"", ""created_group.max_members == 10"", ""embed is not None"", ""'Active Study Groups' in embed.title"", ""'already in study group' in text"", ""'Successfully joined study group' in text"", ""SECOND_USER_ID in created_group.member_ids"", ""'No active study group named' in text"", ""'is already a member' in text"", ""view.user_id == REGULAR_USER_ID"", ""REGULAR_USER_ID not in created_group.member_ids"", ""'Only the group owner' in text or \""don't have permission\"" in text or 'Only the group owner, creator' in text or ('Go away peasent' in text)"", ""'successfully transferred' in text or 'Ownership of study group' in text"", ""created_group.owner_id == SECOND_USER_ID"", ""'removed from the group' in text or 'left the study group' in text"", ""SECOND_USER_ID not in created_group.member_ids"", ""'not a member' in text or 'not part of the group' in text"", ""created_group is not None and created_group.active"", ""'Duration extended' in text"", ""'Speak Toggle' in get_response_text(interaction)"", ""'Video Toggle' in get_response_text(interaction)"", ""'no other members' in get_response_text(interaction) or 'Select a member' in get_response_text(interaction)"", ""'removed from the group' in text or 'not a member' in text"", ""'Ending study group' in text or 'has been ended' in text"", ""'created for the study group' in text"", ""'already exists for this group' in text"", ""'deleted successfully' in text"", ""'deleted successfully' in text"", ""'deleted successfully' in text"", ""'Please join the voice channel' in text"", ""'Pomodoro session started!' in text"", ""len(pomo_cog.sessions) > 0"", ""session.focus == 50"", ""session.short_break == 10"", ""session.long_break == 20"", ""50 * 60 - 5 <= session.timer <= 50 * 60"", ""embed is not None"", ""'Pomodoro Status' in embed.title"", ""'Current Stage' in field_names"", ""'Time Remaining' in field_names"", ""'paused' in text"", ""session.is_paused is True"", ""'resumed' in text"", ""session.is_paused is False"", ""'ended' in text"", ""len(pomo_cog.sessions) == 0"", ""'No active Pomodoro session' in text"", ""vc_cog.delete_vc.default_permissions is not None"", ""vc_cog.delete_vc.default_permissions.manage_channels is True"", ""vc_cog.delete_text_channel.default_permissions is not None"", ""vc_cog.delete_text_channel.default_permissions.manage_channels is True"", ""vc_cog.delete_role.default_permissions is not None"", ""vc_cog.delete_role.default_permissions.manage_roles is True"", ""cmd.default_permissions is None"", ""cmd.default_permissions is None""]",[],"[""54-flow matrix bypasses command-tree/check dispatch via command.callback; setup assertions often test response text, not durable full lifecycle; header 100% coverage unsupported""]"
test_file.py,_run_command_matrix.execute_test,241,253,"async def execute_test(test_name: str, test_coro)",Offline test/fixture/helper: builds mocked or SQLite test state and orchestrates asyncio.sleep,source-body operation summary; detailed domain mapping belongs to mapper handoff,source-reviewed: no additional defect identified in inspected body; offline/live limits remain,"[""Body read in current working snapshot at lines 241-253"", ""Current source body inspection""]",[],"[""54-flow matrix bypasses command-tree/check dispatch via command.callback; setup assertions often test response text, not durable full lifecycle; header 100% coverage unsupported""]"
test_file.py,_run_command_matrix.test_task_add_standard,264,272,async def test_task_add_standard(),Offline test/fixture/helper: 'Task added successfully' in text; len(task_id_1) == 4 and task_id_1.isalnum(),source-body operation summary; detailed domain mapping belongs to mapper handoff,source-reviewed: no additional defect identified in inspected body; offline/live limits remain,"[""Body read in current working snapshot at lines 264-272"", ""Current source body inspection"", ""'Task added successfully' in text"", ""len(task_id_1) == 4 and task_id_1.isalnum()"", ""task_id_1""]",[],"[""54-flow matrix bypasses command-tree/check dispatch via command.callback; setup assertions often test response text, not durable full lifecycle; header 100% coverage unsupported""]"
test_file.py,_run_command_matrix.test_task_add_special_chars,276,289,async def test_task_add_special_chars(),Offline test/fixture/helper: 'Task added successfully' in text; len(task_id_2) == 4 and task_id_2.isalnum(),source-body operation summary; detailed domain mapping belongs to mapper handoff,source-reviewed: no additional defect identified in inspected body; offline/live limits remain,"[""Body read in current working snapshot at lines 276-289"", ""Current source body inspection"", ""'Task added successfully' in text"", ""len(task_id_2) == 4 and task_id_2.isalnum()"", ""task_id_2 != task_id_1"", ""task_id_2""]",[],"[""54-flow matrix bypasses command-tree/check dispatch via command.callback; setup assertions often test response text, not durable full lifecycle; header 100% coverage unsupported""]"
test_file.py,_run_command_matrix.test_task_list_with_tasks,296,302,async def test_task_list_with_tasks(),Offline test/fixture/helper: embed is not None; 'Tasks' in embed.title,source-body operation summary; detailed domain mapping belongs to mapper handoff,source-reviewed: no additional defect identified in inspected body; offline/live limits remain,"[""Body read in current working snapshot at lines 296-302"", ""Current source body inspection"", ""embed is not None"", ""'Tasks' in embed.title"", ""task_id_1 in embed.description and task_id_2 in embed.description""]",[],"[""54-flow matrix bypasses command-tree/check dispatch via command.callback; setup assertions often test response text, not durable full lifecycle; header 100% coverage unsupported""]"
test_file.py,_run_command_matrix.test_task_complete_valid,306,312,async def test_task_complete_valid(),Offline test/fixture/helper: f'Tasks marked as complete: {task_id_1}' in text; next((task for task in tasks if task['task_id_str'] == task_id_1))['completed'] == 1,source-body operation summary; detailed domain mapping belongs to mapper handoff,source-reviewed: no additional defect identified in inspected body; offline/live limits remain,"[""Body read in current working snapshot at lines 306-312"", ""Current source body inspection"", ""f'Tasks marked as complete: {task_id_1}' in text"", ""next((task for task in tasks if task['task_id_str'] == task_id_1))['completed'] == 1""]",[],"[""54-flow matrix bypasses command-tree/check dispatch via command.callback; setup assertions often test response text, not durable full lifecycle; header 100% coverage unsupported""]"
test_file.py,_run_command_matrix.test_task_complete_invalid,316,320,async def test_task_complete_invalid(),Offline test/fixture/helper: 'Failed to find or already completed' in text,source-body operation summary; detailed domain mapping belongs to mapper handoff,source-reviewed: no additional defect identified in inspected body; offline/live limits remain,"[""Body read in current working snapshot at lines 316-320"", ""Current source body inspection"", ""'Failed to find or already completed' in text""]",[],"[""54-flow matrix bypasses command-tree/check dispatch via command.callback; setup assertions often test response text, not durable full lifecycle; header 100% coverage unsupported""]"
test_file.py,_run_command_matrix.test_task_list_empty,324,329,async def test_task_list_empty(),Offline test/fixture/helper: 'You have no tasks' in text,source-body operation summary; detailed domain mapping belongs to mapper handoff,source-reviewed: no additional defect identified in inspected body; offline/live limits remain,"[""Body read in current working snapshot at lines 324-329"", ""Current source body inspection"", ""'You have no tasks' in text""]",[],"[""54-flow matrix bypasses command-tree/check dispatch via command.callback; setup assertions often test response text, not durable full lifecycle; header 100% coverage unsupported""]"
test_file.py,_run_command_matrix.test_productivity_active_user,339,347,async def test_productivity_active_user(),Offline test/fixture/helper: embed is not None; 'Productivity Metrics' in embed.title,source-body operation summary; detailed domain mapping belongs to mapper handoff,source-reviewed: no additional defect identified in inspected body; offline/live limits remain,"[""Body read in current working snapshot at lines 339-347"", ""Current source body inspection"", ""embed is not None"", ""'Productivity Metrics' in embed.title"", ""'Tasks Completed' in field_names"", ""'Efficiency Score (tasks/hour)' in field_names""]",[],"[""54-flow matrix bypasses command-tree/check dispatch via command.callback; setup assertions often test response text, not durable full lifecycle; header 100% coverage unsupported""]"
test_file.py,_run_command_matrix.test_productivity_zero_tasks_user,354,359,async def test_productivity_zero_tasks_user(),Offline test/fixture/helper: embed is not None; 'Productivity Metrics' in embed.title,source-body operation summary; detailed domain mapping belongs to mapper handoff,source-reviewed: no additional defect identified in inspected body; offline/live limits remain,"[""Body read in current working snapshot at lines 354-359"", ""Current source body inspection"", ""embed is not None"", ""'Productivity Metrics' in embed.title""]",[],"[""54-flow matrix bypasses command-tree/check dispatch via command.callback; setup assertions often test response text, not durable full lifecycle; header 100% coverage unsupported""]"
test_file.py,_run_command_matrix.test_sync_managers_authorized,378,382,async def test_sync_managers_authorized(),Offline test/fixture/helper: 'Successfully synced' in text,source-body operation summary; detailed domain mapping belongs to mapper handoff,source-reviewed: no additional defect identified in inspected body; offline/live limits remain,"[""Body read in current working snapshot at lines 378-382"", ""Current source body inspection"", ""'Successfully synced' in text""]",[],"[""54-flow matrix bypasses command-tree/check dispatch via command.callback; setup assertions often test response text, not durable full lifecycle; header 100% coverage unsupported""]"
test_file.py,_run_command_matrix.test_sync_managers_unauthorized,389,395,async def test_sync_managers_unauthorized(),"Offline test/fixture/helper: ""don't have permission"" in text or 'Go away peasent' in text",source-body operation summary; detailed domain mapping belongs to mapper handoff,source-reviewed: no additional defect identified in inspected body; offline/live limits remain,"[""Body read in current working snapshot at lines 389-395"", ""Current source body inspection"", ""\""don't have permission\"" in text or 'Go away peasent' in text""]",[],"[""54-flow matrix bypasses command-tree/check dispatch via command.callback; setup assertions often test response text, not durable full lifecycle; header 100% coverage unsupported""]"
test_file.py,_run_command_matrix.test_manager_list,402,408,async def test_manager_list(),Offline test/fixture/helper: embed is not None; 'Managers' in embed.title or 'Staff' in embed.title,source-body operation summary; detailed domain mapping belongs to mapper handoff,source-reviewed: no additional defect identified in inspected body; offline/live limits remain,"[""Body read in current working snapshot at lines 402-408"", ""Current source body inspection"", ""embed is not None"", ""'Managers' in embed.title or 'Staff' in embed.title""]",[],"[""54-flow matrix bypasses command-tree/check dispatch via command.callback; setup assertions often test response text, not durable full lifecycle; header 100% coverage unsupported""]"
test_file.py,_run_command_matrix.test_manager_add_guild_manager_authorized,412,416,async def test_manager_add_guild_manager_authorized(),Offline test/fixture/helper: 'added as a guild manager' in text,source-body operation summary; detailed domain mapping belongs to mapper handoff,source-reviewed: no additional defect identified in inspected body; offline/live limits remain,"[""Body read in current working snapshot at lines 412-416"", ""Current source body inspection"", ""'added as a guild manager' in text""]",[],"[""54-flow matrix bypasses command-tree/check dispatch via command.callback; setup assertions often test response text, not durable full lifecycle; header 100% coverage unsupported""]"
test_file.py,_run_command_matrix.test_manager_add_guild_manager_unauthorized,423,429,async def test_manager_add_guild_manager_unauthorized(),"Offline test/fixture/helper: ""don't have permission"" in text or 'Go away peasent' in text",source-body operation summary; detailed domain mapping belongs to mapper handoff,source-reviewed: no additional defect identified in inspected body; offline/live limits remain,"[""Body read in current working snapshot at lines 423-429"", ""Current source body inspection"", ""\""don't have permission\"" in text or 'Go away peasent' in text""]",[],"[""54-flow matrix bypasses command-tree/check dispatch via command.callback; setup assertions often test response text, not durable full lifecycle; header 100% coverage unsupported""]"
test_file.py,_run_command_matrix.test_manager_set_permission_levels,436,455,async def test_manager_set_permission_levels(),Offline test/fixture/helper: 'Manager' in get_response_text(interaction); 'Group membership and ownership' in get_response_text(interaction),source-body operation summary; detailed domain mapping belongs to mapper handoff,source-reviewed: no additional defect identified in inspected body; offline/live limits remain,"[""Body read in current working snapshot at lines 436-455"", ""Current source body inspection"", ""'Manager' in get_response_text(interaction)"", ""'Group membership and ownership' in get_response_text(interaction)"", ""'Bot Developer' in get_response_text(interaction)"", ""'Server Member' in get_response_text(interaction)""]",[],"[""54-flow matrix bypasses command-tree/check dispatch via command.callback; setup assertions often test response text, not durable full lifecycle; header 100% coverage unsupported""]"
test_file.py,_run_command_matrix.test_manager_set_permission_invalid,462,466,async def test_manager_set_permission_invalid(),Offline test/fixture/helper: 'Invalid permission level' in text,source-body operation summary; detailed domain mapping belongs to mapper handoff,source-reviewed: no additional defect identified in inspected body; offline/live limits remain,"[""Body read in current working snapshot at lines 462-466"", ""Current source body inspection"", ""'Invalid permission level' in text""]",[],"[""54-flow matrix bypasses command-tree/check dispatch via command.callback; setup assertions often test response text, not durable full lifecycle; header 100% coverage unsupported""]"
test_file.py,_run_command_matrix.test_manager_remove_guild_manager_authorized,473,478,async def test_manager_remove_guild_manager_authorized(),Offline test/fixture/helper: 'removed as a guild manager' in text,source-body operation summary; detailed domain mapping belongs to mapper handoff,source-reviewed: no additional defect identified in inspected body; offline/live limits remain,"[""Body read in current working snapshot at lines 473-478"", ""Current source body inspection"", ""'removed as a guild manager' in text""]",[],"[""54-flow matrix bypasses command-tree/check dispatch via command.callback; setup assertions often test response text, not durable full lifecycle; header 100% coverage unsupported""]"
test_file.py,_run_command_matrix.test_manager_add_bot_developer,485,489,async def test_manager_add_bot_developer(),Offline test/fixture/helper: 'added as a bot developer' in text,source-body operation summary; detailed domain mapping belongs to mapper handoff,source-reviewed: no additional defect identified in inspected body; offline/live limits remain,"[""Body read in current working snapshot at lines 485-489"", ""Current source body inspection"", ""'added as a bot developer' in text""]",[],"[""54-flow matrix bypasses command-tree/check dispatch via command.callback; setup assertions often test response text, not durable full lifecycle; header 100% coverage unsupported""]"
test_file.py,_run_command_matrix.test_sync_commands_global_authorized,495,500,async def test_sync_commands_global_authorized(),Offline test/fixture/helper: 'Successfully synced **3** command(s) globally' in text,source-body operation summary; detailed domain mapping belongs to mapper handoff,source-reviewed: no additional defect identified in inspected body; offline/live limits remain,"[""Body read in current working snapshot at lines 495-500"", ""Current source body inspection"", ""'Successfully synced **3** command(s) globally' in text""]",[],"[""54-flow matrix bypasses command-tree/check dispatch via command.callback; setup assertions often test response text, not durable full lifecycle; header 100% coverage unsupported""]"
test_file.py,_run_command_matrix.test_sync_commands_guild_authorized,507,512,async def test_sync_commands_guild_authorized(),Offline test/fixture/helper: 'Successfully synced **2** command(s) to server' in text,source-body operation summary; detailed domain mapping belongs to mapper handoff,source-reviewed: no additional defect identified in inspected body; offline/live limits remain,"[""Body read in current working snapshot at lines 507-512"", ""Current source body inspection"", ""'Successfully synced **2** command(s) to server' in text""]",[],"[""54-flow matrix bypasses command-tree/check dispatch via command.callback; setup assertions often test response text, not durable full lifecycle; header 100% coverage unsupported""]"
test_file.py,_run_command_matrix.test_sync_commands_unauthorized,519,525,async def test_sync_commands_unauthorized(),"Offline test/fixture/helper: ""don't have permission"" in text or 'Go away peasent' in text",source-body operation summary; detailed domain mapping belongs to mapper handoff,source-reviewed: no additional defect identified in inspected body; offline/live limits remain,"[""Body read in current working snapshot at lines 519-525"", ""Current source body inspection"", ""\""don't have permission\"" in text or 'Go away peasent' in text""]",[],"[""54-flow matrix bypasses command-tree/check dispatch via command.callback; setup assertions often test response text, not durable full lifecycle; header 100% coverage unsupported""]"
test_file.py,_run_command_matrix.test_user_level_self_admin,532,540,async def test_user_level_self_admin(),Offline test/fixture/helper: embed is not None; 'User Authorization Level' in embed.title,source-body operation summary; detailed domain mapping belongs to mapper handoff,source-reviewed: no additional defect identified in inspected body; offline/live limits remain,"[""Body read in current working snapshot at lines 532-540"", ""Current source body inspection"", ""embed is not None"", ""'User Authorization Level' in embed.title"", ""'User Level Tier' in field_dict"", ""'Supreme Commander' in field_dict['User Level Tier']""]",[],"[""54-flow matrix bypasses command-tree/check dispatch via command.callback; setup assertions often test response text, not durable full lifecycle; header 100% coverage unsupported""]"
test_file.py,_run_command_matrix.test_user_level_mod_and_user,544,578,async def test_user_level_mod_and_user(),Offline test/fixture/helper: embed is not None; 'Mod' in field_dict['User Level Tier'],source-body operation summary; detailed domain mapping belongs to mapper handoff,source-reviewed: no additional defect identified in inspected body; offline/live limits remain,"[""Body read in current working snapshot at lines 544-578"", ""Current source body inspection"", ""embed is not None"", ""'Mod' in field_dict['User Level Tier']"", ""embed is not None"", ""'Server Member' in field_dict['User Level Tier']""]",[],"[""54-flow matrix bypasses command-tree/check dispatch via command.callback; setup assertions often test response text, not durable full lifecycle; header 100% coverage unsupported""]"
test_file.py,_run_command_matrix.test_tier_mapping_unit,582,589,async def test_tier_mapping_unit(),Offline test/fixture/helper: manager_cog.get_tier_name(PermissionLevel.BOT_DEVELOPER) == 'Bot Developer'; manager_cog.get_tier_name(PermissionLevel.ADMIN) == 'Manager',source-body operation summary; detailed domain mapping belongs to mapper handoff,source-reviewed: no additional defect identified in inspected body; offline/live limits remain,"[""Body read in current working snapshot at lines 582-589"", ""Current source body inspection"", ""manager_cog.get_tier_name(PermissionLevel.BOT_DEVELOPER) == 'Bot Developer'"", ""manager_cog.get_tier_name(PermissionLevel.ADMIN) == 'Manager'"", ""manager_cog.get_tier_name(PermissionLevel.GUILD_MANAGER) == 'Manager'"", ""manager_cog.get_tier_name(PermissionLevel.MODERATOR) == 'Manager'"", ""manager_cog.get_tier_name(PermissionLevel.GROUP_OWNER) == 'Group Owner'"", ""manager_cog.get_tier_name(PermissionLevel.GROUP_MEMBER) == 'Group Member'"", ""manager_cog.get_tier_name(PermissionLevel.REGULAR_USER) == 'Server Member'""]",[],"[""54-flow matrix bypasses command-tree/check dispatch via command.callback; setup assertions often test response text, not durable full lifecycle; header 100% coverage unsupported""]"
test_file.py,_run_command_matrix.test_checkin_settings_default,599,605,async def test_checkin_settings_default(),Offline test/fixture/helper: 'Check-in settings updated' in text,source-body operation summary; detailed domain mapping belongs to mapper handoff,source-reviewed: no additional defect identified in inspected body; offline/live limits remain,"[""Body read in current working snapshot at lines 599-605"", ""Current source body inspection"", ""'Check-in settings updated' in text""]",[],"[""54-flow matrix bypasses command-tree/check dispatch via command.callback; setup assertions often test response text, not durable full lifecycle; header 100% coverage unsupported""]"
test_file.py,_run_command_matrix.test_checkin_settings_unauthorized,609,615,async def test_checkin_settings_unauthorized(),Offline test/fixture/helper: 'do not have permission' in text,source-body operation summary; detailed domain mapping belongs to mapper handoff,source-reviewed: no additional defect identified in inspected body; offline/live limits remain,"[""Body read in current working snapshot at lines 609-615"", ""Current source body inspection"", ""'do not have permission' in text""]",[],"[""54-flow matrix bypasses command-tree/check dispatch via command.callback; setup assertions often test response text, not durable full lifecycle; header 100% coverage unsupported""]"
test_file.py,_run_command_matrix.test_checkin_settings_custom_restrictive,622,637,async def test_checkin_settings_custom_restrictive(),Offline test/fixture/helper: 'Check-in settings updated' in text; settings.max_members == 5,source-body operation summary; detailed domain mapping belongs to mapper handoff,source-reviewed: no additional defect identified in inspected body; offline/live limits remain,"[""Body read in current working snapshot at lines 622-637"", ""Current source body inspection"", ""'Check-in settings updated' in text"", ""settings.max_members == 5"", ""settings.permission_mode == 'DENY'""]",[],"[""54-flow matrix bypasses command-tree/check dispatch via command.callback; setup assertions often test response text, not durable full lifecycle; header 100% coverage unsupported""]"
test_file.py,_run_command_matrix.test_checkin_invalid_duration,644,654,async def test_checkin_invalid_duration(),Offline test/fixture/helper: 'Invalid duration format' in text,source-body operation summary; detailed domain mapping belongs to mapper handoff,source-reviewed: no additional defect identified in inspected body; offline/live limits remain,"[""Body read in current working snapshot at lines 644-654"", ""Current source body inspection"", ""'Invalid duration format' in text""]",[],"[""54-flow matrix bypasses command-tree/check dispatch via command.callback; setup assertions often test response text, not durable full lifecycle; header 100% coverage unsupported""]"
test_file.py,_run_command_matrix.test_checkin_start_standard,663,680,async def test_checkin_start_standard(),Offline test/fixture/helper: len(checkin_cog.active_sessions) > 0; checkin_session.name == 'Daily Standup',source-body operation summary; detailed domain mapping belongs to mapper handoff,source-reviewed: no additional defect identified in inspected body; offline/live limits remain,"[""Body read in current working snapshot at lines 663-680"", ""Current source body inspection"", ""len(checkin_cog.active_sessions) > 0"", ""checkin_session.name == 'Daily Standup'"", ""checkin_session.duration == 25 * 60""]",[],"[""54-flow matrix bypasses command-tree/check dispatch via command.callback; setup assertions often test response text, not durable full lifecycle; header 100% coverage unsupported""]"
test_file.py,_run_command_matrix.test_checkin_callbacks_full_lifecycle,684,724,async def test_checkin_callbacks_full_lifecycle(),Offline test/fixture/helper: checkin_session.member_statuses[USER_ID]['status'] == 'present'; checkin_session.member_statuses[USER_ID]['status'] == 'break',source-body operation summary; detailed domain mapping belongs to mapper handoff,source-reviewed: no additional defect identified in inspected body; offline/live limits remain,"[""Body read in current working snapshot at lines 684-724"", ""Current source body inspection"", ""checkin_session.member_statuses[USER_ID]['status'] == 'present'"", ""checkin_session.member_statuses[USER_ID]['status'] == 'break'"", ""checkin_session.member_statuses[USER_ID]['status'] == 'present'"", ""checkin_session.member_statuses[USER_ID]['status'] == 'exited'"", ""checkin_session.member_statuses[USER_ID]['status'] == 'present'"", ""checkin_session.session_id not in checkin_cog.active_sessions""]",[],"[""54-flow matrix bypasses command-tree/check dispatch via command.callback; setup assertions often test response text, not durable full lifecycle; header 100% coverage unsupported""]"
test_file.py,_run_command_matrix.test_sg_create_group_default,741,759,async def test_sg_create_group_default(),Offline test/fixture/helper: len(sg_cog.active_study_groups) > 0; interaction.channel.send.call_args.kwargs['embed'] is not None,source-body operation summary; detailed domain mapping belongs to mapper handoff,source-reviewed: no additional defect identified in inspected body; offline/live limits remain,"[""Body read in current working snapshot at lines 741-759"", ""Current source body inspection"", ""len(sg_cog.active_study_groups) > 0"", ""interaction.channel.send.call_args.kwargs['embed'] is not None"", ""created_group.active"", ""created_group.name == 'Alpha Study Cohort'"", ""created_group.max_members == 10""]",[],"[""54-flow matrix bypasses command-tree/check dispatch via command.callback; setup assertions often test response text, not durable full lifecycle; header 100% coverage unsupported""]"
test_file.py,_run_command_matrix.test_sg_list_groups_with_active,766,771,async def test_sg_list_groups_with_active(),Offline test/fixture/helper: embed is not None; 'Active Study Groups' in embed.title,source-body operation summary; detailed domain mapping belongs to mapper handoff,source-reviewed: no additional defect identified in inspected body; offline/live limits remain,"[""Body read in current working snapshot at lines 766-771"", ""Current source body inspection"", ""embed is not None"", ""'Active Study Groups' in embed.title""]",[],"[""54-flow matrix bypasses command-tree/check dispatch via command.callback; setup assertions often test response text, not durable full lifecycle; header 100% coverage unsupported""]"
test_file.py,_run_command_matrix.test_sg_join_group_already_member,778,782,async def test_sg_join_group_already_member(),Offline test/fixture/helper: 'already in study group' in text,source-body operation summary; detailed domain mapping belongs to mapper handoff,source-reviewed: no additional defect identified in inspected body; offline/live limits remain,"[""Body read in current working snapshot at lines 778-782"", ""Current source body inspection"", ""'already in study group' in text""]",[],"[""54-flow matrix bypasses command-tree/check dispatch via command.callback; setup assertions often test response text, not durable full lifecycle; header 100% coverage unsupported""]"
test_file.py,_run_command_matrix.test_sg_join_group_new_member,789,794,async def test_sg_join_group_new_member(),Offline test/fixture/helper: 'Successfully joined study group' in text; SECOND_USER_ID in created_group.member_ids,source-body operation summary; detailed domain mapping belongs to mapper handoff,source-reviewed: no additional defect identified in inspected body; offline/live limits remain,"[""Body read in current working snapshot at lines 789-794"", ""Current source body inspection"", ""'Successfully joined study group' in text"", ""SECOND_USER_ID in created_group.member_ids""]",[],"[""54-flow matrix bypasses command-tree/check dispatch via command.callback; setup assertions often test response text, not durable full lifecycle; header 100% coverage unsupported""]"
test_file.py,_run_command_matrix.test_sg_join_group_non_existent,801,805,async def test_sg_join_group_non_existent(),Offline test/fixture/helper: 'No active study group named' in text,source-body operation summary; detailed domain mapping belongs to mapper handoff,source-reviewed: no additional defect identified in inspected body; offline/live limits remain,"[""Body read in current working snapshot at lines 801-805"", ""Current source body inspection"", ""'No active study group named' in text""]",[],"[""54-flow matrix bypasses command-tree/check dispatch via command.callback; setup assertions often test response text, not durable full lifecycle; header 100% coverage unsupported""]"
test_file.py,_run_command_matrix.test_sg_invite_to_group_already_member,812,822,async def test_sg_invite_to_group_already_member(),Offline test/fixture/helper: 'is already a member' in text,source-body operation summary; detailed domain mapping belongs to mapper handoff,source-reviewed: no additional defect identified in inspected body; offline/live limits remain,"[""Body read in current working snapshot at lines 812-822"", ""Current source body inspection"", ""'is already a member' in text""]",[],"[""54-flow matrix bypasses command-tree/check dispatch via command.callback; setup assertions often test response text, not durable full lifecycle; header 100% coverage unsupported""]"
test_file.py,_run_command_matrix.test_sg_invite_to_group_new,829,837,async def test_sg_invite_to_group_new(),Offline test/fixture/helper: view.user_id == REGULAR_USER_ID; REGULAR_USER_ID not in created_group.member_ids,source-body operation summary; detailed domain mapping belongs to mapper handoff,source-reviewed: no additional defect identified in inspected body; offline/live limits remain,"[""Body read in current working snapshot at lines 829-837"", ""Current source body inspection"", ""view.user_id == REGULAR_USER_ID"", ""REGULAR_USER_ID not in created_group.member_ids""]",[],"[""54-flow matrix bypasses command-tree/check dispatch via command.callback; setup assertions often test response text, not durable full lifecycle; header 100% coverage unsupported""]"
test_file.py,_run_command_matrix.test_sg_transfer_group_unauthorized,844,856,async def test_sg_transfer_group_unauthorized(),"Offline test/fixture/helper: 'Only the group owner' in text or ""don't have permission"" in text or 'Only the group owner, creator' in text or ('Go away peasent' in text)",source-body operation summary; detailed domain mapping belongs to mapper handoff,source-reviewed: no additional defect identified in inspected body; offline/live limits remain,"[""Body read in current working snapshot at lines 844-856"", ""Current source body inspection"", ""'Only the group owner' in text or \""don't have permission\"" in text or 'Only the group owner, creator' in text or ('Go away peasent' in text)""]",[],"[""54-flow matrix bypasses command-tree/check dispatch via command.callback; setup assertions often test response text, not durable full lifecycle; header 100% coverage unsupported""]"
test_file.py,_run_command_matrix.test_sg_transfer_group_authorized,863,869,async def test_sg_transfer_group_authorized(),Offline test/fixture/helper: 'successfully transferred' in text or 'Ownership of study group' in text; created_group.owner_id == SECOND_USER_ID,source-body operation summary; detailed domain mapping belongs to mapper handoff,source-reviewed: no additional defect identified in inspected body; offline/live limits remain,"[""Body read in current working snapshot at lines 863-869"", ""Current source body inspection"", ""'successfully transferred' in text or 'Ownership of study group' in text"", ""created_group.owner_id == SECOND_USER_ID""]",[],"[""54-flow matrix bypasses command-tree/check dispatch via command.callback; setup assertions often test response text, not durable full lifecycle; header 100% coverage unsupported""]"
test_file.py,_run_command_matrix.test_sg_leave_group_by_name,876,881,async def test_sg_leave_group_by_name(),Offline test/fixture/helper: 'removed from the group' in text or 'left the study group' in text; SECOND_USER_ID not in created_group.member_ids,source-body operation summary; detailed domain mapping belongs to mapper handoff,source-reviewed: no additional defect identified in inspected body; offline/live limits remain,"[""Body read in current working snapshot at lines 876-881"", ""Current source body inspection"", ""'removed from the group' in text or 'left the study group' in text"", ""SECOND_USER_ID not in created_group.member_ids""]",[],"[""54-flow matrix bypasses command-tree/check dispatch via command.callback; setup assertions often test response text, not durable full lifecycle; header 100% coverage unsupported""]"
test_file.py,_run_command_matrix.test_sg_leave_group_non_member,888,892,async def test_sg_leave_group_non_member(),Offline test/fixture/helper: 'not a member' in text or 'not part of the group' in text,source-body operation summary; detailed domain mapping belongs to mapper handoff,source-reviewed: no additional defect identified in inspected body; offline/live limits remain,"[""Body read in current working snapshot at lines 888-892"", ""Current source body inspection"", ""'not a member' in text or 'not part of the group' in text""]",[],"[""54-flow matrix bypasses command-tree/check dispatch via command.callback; setup assertions often test response text, not durable full lifecycle; header 100% coverage unsupported""]"
test_file.py,_run_command_matrix.test_sg_dashboard_callbacks,899,927,async def test_sg_dashboard_callbacks(),Offline test/fixture/helper: created_group is not None and created_group.active; 'Duration extended' in text,source-body operation summary; detailed domain mapping belongs to mapper handoff,source-reviewed: no additional defect identified in inspected body; offline/live limits remain,"[""Body read in current working snapshot at lines 899-927"", ""Current source body inspection"", ""created_group is not None and created_group.active"", ""'Duration extended' in text"", ""'Speak Toggle' in get_response_text(interaction)"", ""'Video Toggle' in get_response_text(interaction)"", ""'no other members' in get_response_text(interaction) or 'Select a member' in get_response_text(interaction)"", ""'removed from the group' in text or 'not a member' in text""]",[],"[""54-flow matrix bypasses command-tree/check dispatch via command.callback; setup assertions often test response text, not durable full lifecycle; header 100% coverage unsupported""]"
test_file.py,_run_command_matrix.test_sg_end_group_slash_command,934,938,async def test_sg_end_group_slash_command(),Offline test/fixture/helper: 'Ending study group' in text or 'has been ended' in text,source-body operation summary; detailed domain mapping belongs to mapper handoff,source-reviewed: no additional defect identified in inspected body; offline/live limits remain,"[""Body read in current working snapshot at lines 934-938"", ""Current source body inspection"", ""'Ending study group' in text or 'has been ended' in text""]",[],"[""54-flow matrix bypasses command-tree/check dispatch via command.callback; setup assertions often test response text, not durable full lifecycle; header 100% coverage unsupported""]"
test_file.py,_run_command_matrix.test_vc_create_default,975,979,async def test_vc_create_default(),Offline test/fixture/helper: 'created for the study group' in text,source-body operation summary; detailed domain mapping belongs to mapper handoff,source-reviewed: no additional defect identified in inspected body; offline/live limits remain,"[""Body read in current working snapshot at lines 975-979"", ""Current source body inspection"", ""'created for the study group' in text""]",[],"[""54-flow matrix bypasses command-tree/check dispatch via command.callback; setup assertions often test response text, not durable full lifecycle; header 100% coverage unsupported""]"
test_file.py,_run_command_matrix.test_vc_create_duplicate_prevented,983,987,async def test_vc_create_duplicate_prevented(),Offline test/fixture/helper: 'already exists for this group' in text,source-body operation summary; detailed domain mapping belongs to mapper handoff,source-reviewed: no additional defect identified in inspected body; offline/live limits remain,"[""Body read in current working snapshot at lines 983-987"", ""Current source body inspection"", ""'already exists for this group' in text""]",[],"[""54-flow matrix bypasses command-tree/check dispatch via command.callback; setup assertions often test response text, not durable full lifecycle; header 100% coverage unsupported""]"
test_file.py,_run_command_matrix.test_vc_delete,994,1000,async def test_vc_delete(),Offline test/fixture/helper: 'deleted successfully' in text,source-body operation summary; detailed domain mapping belongs to mapper handoff,source-reviewed: no additional defect identified in inspected body; offline/live limits remain,"[""Body read in current working snapshot at lines 994-1000"", ""Current source body inspection"", ""'deleted successfully' in text""]",[],"[""54-flow matrix bypasses command-tree/check dispatch via command.callback; setup assertions often test response text, not durable full lifecycle; header 100% coverage unsupported""]"
test_file.py,_run_command_matrix.test_vc_delete_role,1004,1008,async def test_vc_delete_role(),Offline test/fixture/helper: 'deleted successfully' in text,source-body operation summary; detailed domain mapping belongs to mapper handoff,source-reviewed: no additional defect identified in inspected body; offline/live limits remain,"[""Body read in current working snapshot at lines 1004-1008"", ""Current source body inspection"", ""'deleted successfully' in text""]",[],"[""54-flow matrix bypasses command-tree/check dispatch via command.callback; setup assertions often test response text, not durable full lifecycle; header 100% coverage unsupported""]"
test_file.py,_run_command_matrix.test_vc_delete_text_channel,1012,1016,async def test_vc_delete_text_channel(),Offline test/fixture/helper: 'deleted successfully' in text,source-body operation summary; detailed domain mapping belongs to mapper handoff,source-reviewed: no additional defect identified in inspected body; offline/live limits remain,"[""Body read in current working snapshot at lines 1012-1016"", ""Current source body inspection"", ""'deleted successfully' in text""]",[],"[""54-flow matrix bypasses command-tree/check dispatch via command.callback; setup assertions often test response text, not durable full lifecycle; header 100% coverage unsupported""]"
test_file.py,_run_command_matrix.test_pomo_start_not_in_vc,1052,1057,async def test_pomo_start_not_in_vc(),Offline test/fixture/helper: 'Please join the voice channel' in text,source-body operation summary; detailed domain mapping belongs to mapper handoff,source-reviewed: no additional defect identified in inspected body; offline/live limits remain,"[""Body read in current working snapshot at lines 1052-1057"", ""Current source body inspection"", ""'Please join the voice channel' in text""]",[],"[""54-flow matrix bypasses command-tree/check dispatch via command.callback; setup assertions often test response text, not durable full lifecycle; header 100% coverage unsupported""]"
test_file.py,_run_command_matrix.test_pomo_start_custom_durations,1064,1078,async def test_pomo_start_custom_durations(),Offline test/fixture/helper: 'Pomodoro session started!' in text; len(pomo_cog.sessions) > 0,source-body operation summary; detailed domain mapping belongs to mapper handoff,source-reviewed: no additional defect identified in inspected body; offline/live limits remain,"[""Body read in current working snapshot at lines 1064-1078"", ""Current source body inspection"", ""'Pomodoro session started!' in text"", ""len(pomo_cog.sessions) > 0"", ""session.focus == 50"", ""session.short_break == 10"", ""session.long_break == 20"", ""50 * 60 - 5 <= session.timer <= 50 * 60""]",[],"[""54-flow matrix bypasses command-tree/check dispatch via command.callback; setup assertions often test response text, not durable full lifecycle; header 100% coverage unsupported""]"
test_file.py,_run_command_matrix.test_pomo_status_active,1085,1093,async def test_pomo_status_active(),Offline test/fixture/helper: embed is not None; 'Pomodoro Status' in embed.title,source-body operation summary; detailed domain mapping belongs to mapper handoff,source-reviewed: no additional defect identified in inspected body; offline/live limits remain,"[""Body read in current working snapshot at lines 1085-1093"", ""Current source body inspection"", ""embed is not None"", ""'Pomodoro Status' in embed.title"", ""'Current Stage' in field_names"", ""'Time Remaining' in field_names""]",[],"[""54-flow matrix bypasses command-tree/check dispatch via command.callback; setup assertions often test response text, not durable full lifecycle; header 100% coverage unsupported""]"
test_file.py,_run_command_matrix.test_pomo_pause_and_resume,1100,1114,async def test_pomo_pause_and_resume(),Offline test/fixture/helper: 'paused' in text; session.is_paused is True,source-body operation summary; detailed domain mapping belongs to mapper handoff,source-reviewed: no additional defect identified in inspected body; offline/live limits remain,"[""Body read in current working snapshot at lines 1100-1114"", ""Current source body inspection"", ""'paused' in text"", ""session.is_paused is True"", ""'resumed' in text"", ""session.is_paused is False""]",[],"[""54-flow matrix bypasses command-tree/check dispatch via command.callback; setup assertions often test response text, not durable full lifecycle; header 100% coverage unsupported""]"
test_file.py,_run_command_matrix.test_pomo_end_active,1118,1123,async def test_pomo_end_active(),Offline test/fixture/helper: 'ended' in text; len(pomo_cog.sessions) == 0,source-body operation summary; detailed domain mapping belongs to mapper handoff,source-reviewed: no additional defect identified in inspected body; offline/live limits remain,"[""Body read in current working snapshot at lines 1118-1123"", ""Current source body inspection"", ""'ended' in text"", ""len(pomo_cog.sessions) == 0""]",[],"[""54-flow matrix bypasses command-tree/check dispatch via command.callback; setup assertions often test response text, not durable full lifecycle; header 100% coverage unsupported""]"
test_file.py,_run_command_matrix.test_pomo_status_inactive,1127,1131,async def test_pomo_status_inactive(),Offline test/fixture/helper: 'No active Pomodoro session' in text,source-body operation summary; detailed domain mapping belongs to mapper handoff,source-reviewed: no additional defect identified in inspected body; offline/live limits remain,"[""Body read in current working snapshot at lines 1127-1131"", ""Current source body inspection"", ""'No active Pomodoro session' in text""]",[],"[""54-flow matrix bypasses command-tree/check dispatch via command.callback; setup assertions often test response text, not durable full lifecycle; header 100% coverage unsupported""]"
test_file.py,_run_command_matrix.test_command_permissions_visibility,1138,1179,async def test_command_permissions_visibility(),Offline test/fixture/helper: vc_cog.delete_vc.default_permissions is not None; vc_cog.delete_vc.default_permissions.manage_channels is True,source-body operation summary; detailed domain mapping belongs to mapper handoff,source-reviewed: no additional defect identified in inspected body; offline/live limits remain,"[""Body read in current working snapshot at lines 1138-1179"", ""Current source body inspection"", ""vc_cog.delete_vc.default_permissions is not None"", ""vc_cog.delete_vc.default_permissions.manage_channels is True"", ""vc_cog.delete_text_channel.default_permissions is not None"", ""vc_cog.delete_text_channel.default_permissions.manage_channels is True"", ""vc_cog.delete_role.default_permissions is not None"", ""vc_cog.delete_role.default_permissions.manage_roles is True"", ""cmd.default_permissions is None"", ""cmd.default_permissions is None""]",[],"[""54-flow matrix bypasses command-tree/check dispatch via command.callback; setup assertions often test response text, not durable full lifecycle; header 100% coverage unsupported""]"
test_file.py,run_all_feature_tests,1197,1203,async def run_all_feature_tests(),"Offline test/fixture/helper: builds mocked or SQLite test state and orchestrates CPO, DBHandler, _run_command_matrix, bot.close",source-body operation summary; detailed domain mapping belongs to mapper handoff,source-reviewed: no additional defect identified in inspected body; offline/live limits remain,"[""Body read in current working snapshot at lines 1197-1203"", ""Current source body inspection""]",[],"[""54-flow matrix bypasses command-tree/check dispatch via command.callback; setup assertions often test response text, not durable full lifecycle; header 100% coverage unsupported""]"
tests/conftest.py,pytest_configure,7,11,def pytest_configure(config: pytest.Config),"Offline test/fixture/helper: builds mocked or SQLite test state and orchestrates Path, custom_tmp.mkdir, getattr, str",source-body operation summary; detailed domain mapping belongs to mapper handoff,source-reviewed: no additional defect identified in inspected body; offline/live limits remain,"[""Body read in current working snapshot at lines 7-11"", ""Current source body inspection""]",[],[]
tests/test_async_lifecycle.py,checkin_session,15,28,def checkin_session(bot=None),"Offline test/fixture/helper: builds mocked or SQLite test state and orchestrates AsyncMock, CheckinCog, CheckinGuildSettings, CheckinSession",source-body operation summary; detailed domain mapping belongs to mapper handoff,source-reviewed: no additional defect identified in inspected body; offline/live limits remain,"[""Body read in current working snapshot at lines 15-28"", ""Current source body inspection""]",[],[]
tests/test_async_lifecycle.py,test_checkin_reminder_exit_drains_waiters_and_has_no_detached_saves,33,52,async def test_checkin_reminder_exit_drains_waiters_and_has_no_detached_saves(exit_mode),Offline test/fixture/helper: not {value for value in asyncio.all_tasks() - baseline if not value.done()}; all(('active' not in call.args[0] for call in session.db.update_checkin_session.await_args_list)),source-body operation summary; detailed domain mapping belongs to mapper handoff,source-reviewed: no additional defect identified in inspected body; offline/live limits remain,"[""Body read in current working snapshot at lines 33-52"", ""Current source body inspection"", ""not {value for value in asyncio.all_tasks() - baseline if not value.done()}"", ""all(('active' not in call.args[0] for call in session.db.update_checkin_session.await_args_list))"", ""session.db.update_checkin_session.await_count == (1 if exit_mode == 'overdue' else 0)""]",[],[]
tests/test_async_lifecycle.py,test_manual_checkin_end_waits_for_cycle_and_runs_once,56,77,async def test_manual_checkin_end_waits_for_cycle_and_runs_once(),Offline test/fixture/helper: all((not task.done() for task in endings)); session.session_id not in cog.active_sessions,source-body operation summary; detailed domain mapping belongs to mapper handoff,source-reviewed: no additional defect identified in inspected body; offline/live limits remain,"[""Body read in current working snapshot at lines 56-77"", ""Current source body inspection"", ""all((not task.done() for task in endings))"", ""session.session_id not in cog.active_sessions"", ""[call.args[0].get('active') for call in session.db.update_checkin_session.await_args_list] == [None]""]",[],[]
tests/test_async_lifecycle.py,test_manual_checkin_end_waits_for_cycle_and_runs_once.disable,63,65,async def disable(),"Offline test/fixture/helper: builds mocked or SQLite test state and orchestrates paused.set, release.wait",source-body operation summary; detailed domain mapping belongs to mapper handoff,source-reviewed: no additional defect identified in inspected body; offline/live limits remain,"[""Body read in current working snapshot at lines 63-65"", ""Current source body inspection""]",[],[]
tests/test_async_lifecycle.py,test_cancelled_old_video_timer_cannot_unregister_replacement,81,110,async def test_cancelled_old_video_timer_cannot_unregister_replacement(monkeypatch),Offline test/fixture/helper: group.video_enforcement_tasks[5] is replacement; not group.video_enforcement_tasks,source-body operation summary; detailed domain mapping belongs to mapper handoff,source-reviewed: no additional defect identified in inspected body; offline/live limits remain,"[""Body read in current working snapshot at lines 81-110"", ""Current source body inspection"", ""group.video_enforcement_tasks[5] is replacement"", ""not group.video_enforcement_tasks""]",[],[]
tests/test_async_lifecycle.py,test_cancelled_old_video_timer_cannot_unregister_replacement.sleep,92,96,async def sleep(delay),"Offline test/fixture/helper: builds mocked or SQLite test state and orchestrates (first_sleep if count == 1 else second_sleep).set, asyncio.Event, asyncio.Event().wait",source-body operation summary; detailed domain mapping belongs to mapper handoff,source-reviewed: no additional defect identified in inspected body; offline/live limits remain,"[""Body read in current working snapshot at lines 92-96"", ""Current source body inspection""]",[],[]
tests/test_async_lifecycle.py,test_bot_shutdown_drains_cog_tasks_before_database_close_and_is_idempotent,114,161,async def test_bot_shutdown_drains_cog_tasks_before_database_close_and_is_idempotent(),Offline test/fixture/helper: len(checkins._reminder_tasks) == 1; not checkins._reminder_tasks,source-body operation summary; detailed domain mapping belongs to mapper handoff,source-reviewed: no additional defect identified in inspected body; offline/live limits remain,"[""Body read in current working snapshot at lines 114-161"", ""Current source body inspection"", ""len(checkins._reminder_tasks) == 1"", ""not checkins._reminder_tasks"", ""not groups._monitor_tasks"", ""not group.video_enforcement_tasks"", ""all((task.done() for task in tasks))"", ""runtime.runtime_active"", ""group.active"", ""session.session_id in checkins.active_sessions""]",[],[]
tests/test_async_lifecycle.py,test_bot_shutdown_drains_cog_tasks_before_database_close_and_is_idempotent.close_database,146,150,async def close_database(),Offline test/fixture/helper: all((task.done() for task in tasks)); runtime.runtime_active,source-body operation summary; detailed domain mapping belongs to mapper handoff,source-reviewed: no additional defect identified in inspected body; offline/live limits remain,"[""Body read in current working snapshot at lines 146-150"", ""Current source body inspection"", ""all((task.done() for task in tasks))"", ""runtime.runtime_active"", ""group.active"", ""session.session_id in checkins.active_sessions""]",[],[]
tests/test_async_lifecycle.py,test_cancelled_shutdown_caller_does_not_interrupt_shared_shutdown,165,185,async def test_cancelled_shutdown_caller_does_not_interrupt_shared_shutdown(),Offline test/fixture/helper: bot._shutdown_task is not None and (not bot._shutdown_task.done()),source-body operation summary; detailed domain mapping belongs to mapper handoff,source-reviewed: no additional defect identified in inspected body; offline/live limits remain,"[""Body read in current working snapshot at lines 165-185"", ""Current source body inspection"", ""bot._shutdown_task is not None and (not bot._shutdown_task.done())""]",[],[]
tests/test_async_lifecycle.py,test_cancelled_shutdown_caller_does_not_interrupt_shared_shutdown.close_database,172,174,async def close_database(),"Offline test/fixture/helper: builds mocked or SQLite test state and orchestrates closing.set, release.wait",source-body operation summary; detailed domain mapping belongs to mapper handoff,source-reviewed: no additional defect identified in inspected body; offline/live limits remain,"[""Body read in current working snapshot at lines 172-174"", ""Current source body inspection""]",[],[]
tests/test_bot_developer_id.py,TestValidateBotDeveloperId.test_valid_integer_snowflake,16,18,def test_valid_integer_snowflake(self),Offline test/fixture/helper: validate_bot_developer_id(valid_id) == valid_id,source-body operation summary; detailed domain mapping belongs to mapper handoff,source-reviewed: no additional defect identified in inspected body; offline/live limits remain,"[""Body read in current working snapshot at lines 16-18"", ""Current source body inspection"", ""validate_bot_developer_id(valid_id) == valid_id""]",[],[]
tests/test_bot_developer_id.py,TestValidateBotDeveloperId.test_valid_string_snowflake,20,21,def test_valid_string_snowflake(self),Offline test/fixture/helper: validate_bot_developer_id('534168986149978112') == 534168986149978112,source-body operation summary; detailed domain mapping belongs to mapper handoff,source-reviewed: no additional defect identified in inspected body; offline/live limits remain,"[""Body read in current working snapshot at lines 20-21"", ""Current source body inspection"", ""validate_bot_developer_id('534168986149978112') == 534168986149978112""]",[],[]
tests/test_bot_developer_id.py,TestValidateBotDeveloperId.test_valid_string_with_whitespace_and_quotes,23,26,def test_valid_string_with_whitespace_and_quotes(self),"Offline test/fixture/helper: validate_bot_developer_id('  534168986149978112  ') == 534168986149978112; validate_bot_developer_id('""534168986149978112""') == 534168986149978112",source-body operation summary; detailed domain mapping belongs to mapper handoff,source-reviewed: no additional defect identified in inspected body; offline/live limits remain,"[""Body read in current working snapshot at lines 23-26"", ""Current source body inspection"", ""validate_bot_developer_id('  534168986149978112  ') == 534168986149978112"", ""validate_bot_developer_id('\""534168986149978112\""') == 534168986149978112"", ""validate_bot_developer_id(\""'534168986149978112'\"") == 534168986149978112""]",[],[]
tests/test_bot_developer_id.py,TestValidateBotDeveloperId.test_valid_boundary_snowflakes,28,35,def test_valid_boundary_snowflakes(self),Offline test/fixture/helper: validate_bot_developer_id(min_snowflake) == min_snowflake; validate_bot_developer_id(max_valid_20_digit) == max_valid_20_digit,source-body operation summary; detailed domain mapping belongs to mapper handoff,source-reviewed: no additional defect identified in inspected body; offline/live limits remain,"[""Body read in current working snapshot at lines 28-35"", ""Current source body inspection"", ""validate_bot_developer_id(min_snowflake) == min_snowflake"", ""validate_bot_developer_id(max_valid_20_digit) == max_valid_20_digit""]",[],[]
tests/test_bot_developer_id.py,TestValidateBotDeveloperId.test_rejects_known_placeholders_non_strict,60,61,"def test_rejects_known_placeholders_non_strict(self, placeholder)","Offline test/fixture/helper: validate_bot_developer_id(placeholder, strict=False) is None",source-body operation summary; detailed domain mapping belongs to mapper handoff,source-reviewed: no additional defect identified in inspected body; offline/live limits remain,"[""Body read in current working snapshot at lines 60-61"", ""Current source body inspection"", ""validate_bot_developer_id(placeholder, strict=False) is None""]",[],[]
tests/test_bot_developer_id.py,TestValidateBotDeveloperId.test_rejects_known_placeholders_strict,73,75,"def test_rejects_known_placeholders_strict(self, placeholder)","Offline test/fixture/helper: builds mocked or SQLite test state and orchestrates pytest.mark.parametrize, pytest.raises, validate_bot_developer_id",source-body operation summary; detailed domain mapping belongs to mapper handoff,source-reviewed: no additional defect identified in inspected body; offline/live limits remain,"[""Body read in current working snapshot at lines 73-75"", ""Current source body inspection""]",[],[]
tests/test_bot_developer_id.py,TestValidateBotDeveloperId.test_rejects_repetitive_digit_placeholders,86,89,"def test_rejects_repetitive_digit_placeholders(self, repetitive)","Offline test/fixture/helper: validate_bot_developer_id(repetitive, strict=False) is None",source-body operation summary; detailed domain mapping belongs to mapper handoff,source-reviewed: no additional defect identified in inspected body; offline/live limits remain,"[""Body read in current working snapshot at lines 86-89"", ""Current source body inspection"", ""validate_bot_developer_id(repetitive, strict=False) is None""]",[],[]
tests/test_bot_developer_id.py,TestValidateBotDeveloperId.test_rejects_none_input,91,94,def test_rejects_none_input(self),"Offline test/fixture/helper: validate_bot_developer_id(None, strict=False) is None",source-body operation summary; detailed domain mapping belongs to mapper handoff,source-reviewed: no additional defect identified in inspected body; offline/live limits remain,"[""Body read in current working snapshot at lines 91-94"", ""Current source body inspection"", ""validate_bot_developer_id(None, strict=False) is None""]",[],[]
tests/test_bot_developer_id.py,TestValidateBotDeveloperId.test_rejects_empty_and_whitespace_string,96,100,def test_rejects_empty_and_whitespace_string(self),"Offline test/fixture/helper: validate_bot_developer_id('', strict=False) is None; validate_bot_developer_id('   ', strict=False) is None",source-body operation summary; detailed domain mapping belongs to mapper handoff,source-reviewed: no additional defect identified in inspected body; offline/live limits remain,"[""Body read in current working snapshot at lines 96-100"", ""Current source body inspection"", ""validate_bot_developer_id('', strict=False) is None"", ""validate_bot_developer_id('   ', strict=False) is None""]",[],[]
tests/test_bot_developer_id.py,TestValidateBotDeveloperId.test_rejects_boolean_values,102,109,def test_rejects_boolean_values(self),"Offline test/fixture/helper: validate_bot_developer_id(True, strict=False) is None; validate_bot_developer_id(False, strict=False) is None",source-body operation summary; detailed domain mapping belongs to mapper handoff,source-reviewed: no additional defect identified in inspected body; offline/live limits remain,"[""Body read in current working snapshot at lines 102-109"", ""Current source body inspection"", ""validate_bot_developer_id(True, strict=False) is None"", ""validate_bot_developer_id(False, strict=False) is None""]",[],[]
tests/test_bot_developer_id.py,TestValidateBotDeveloperId.test_rejects_floats,111,117,def test_rejects_floats(self),"Offline test/fixture/helper: validate_bot_developer_id(5.341689861499781e+17, strict=False) is None; validate_bot_developer_id(5.341689861499781e+17, strict=False) is None",source-body operation summary; detailed domain mapping belongs to mapper handoff,source-reviewed: no additional defect identified in inspected body; offline/live limits remain,"[""Body read in current working snapshot at lines 111-117"", ""Current source body inspection"", ""validate_bot_developer_id(5.341689861499781e+17, strict=False) is None"", ""validate_bot_developer_id(5.341689861499781e+17, strict=False) is None""]",[],[]
tests/test_bot_developer_id.py,TestValidateBotDeveloperId.test_rejects_negative_or_zero,119,128,def test_rejects_negative_or_zero(self),"Offline test/fixture/helper: validate_bot_developer_id(0, strict=False) is None; validate_bot_developer_id(-1, strict=False) is None",source-body operation summary; detailed domain mapping belongs to mapper handoff,source-reviewed: no additional defect identified in inspected body; offline/live limits remain,"[""Body read in current working snapshot at lines 119-128"", ""Current source body inspection"", ""validate_bot_developer_id(0, strict=False) is None"", ""validate_bot_developer_id(-1, strict=False) is None"", ""validate_bot_developer_id('-534168986149978112', strict=False) is None""]",[],[]
tests/test_bot_developer_id.py,TestValidateBotDeveloperId.test_rejects_non_digit_strings,130,134,def test_rejects_non_digit_strings(self),"Offline test/fixture/helper: validate_bot_developer_id('abc123456789012345', strict=False) is None; validate_bot_developer_id('53416898614997811x', strict=False) is None",source-body operation summary; detailed domain mapping belongs to mapper handoff,source-reviewed: no additional defect identified in inspected body; offline/live limits remain,"[""Body read in current working snapshot at lines 130-134"", ""Current source body inspection"", ""validate_bot_developer_id('abc123456789012345', strict=False) is None"", ""validate_bot_developer_id('53416898614997811x', strict=False) is None""]",[],[]
tests/test_bot_developer_id.py,TestValidateBotDeveloperId.test_rejects_unsupported_types,136,140,def test_rejects_unsupported_types(self),"Offline test/fixture/helper: validate_bot_developer_id([534168986149978112], strict=False) is None; validate_bot_developer_id({'id': 534168986149978112}, strict=False) is None",source-body operation summary; detailed domain mapping belongs to mapper handoff,source-reviewed: no additional defect identified in inspected body; offline/live limits remain,"[""Body read in current working snapshot at lines 136-140"", ""Current source body inspection"", ""validate_bot_developer_id([534168986149978112], strict=False) is None"", ""validate_bot_developer_id({'id': 534168986149978112}, strict=False) is None""]",[],[]
tests/test_bot_developer_id.py,TestValidateBotDeveloperId.test_rejects_overflow_beyond_64bit,142,146,def test_rejects_overflow_beyond_64bit(self),"Offline test/fixture/helper: validate_bot_developer_id(overflow, strict=False) is None",source-body operation summary; detailed domain mapping belongs to mapper handoff,source-reviewed: no additional defect identified in inspected body; offline/live limits remain,"[""Body read in current working snapshot at lines 142-146"", ""Current source body inspection"", ""validate_bot_developer_id(overflow, strict=False) is None""]",[],[]
tests/test_bot_developer_id.py,TestValidateBotDeveloperId.test_short_id_behavior_with_allow_mock,148,160,def test_short_id_behavior_with_allow_mock(self),"Offline test/fixture/helper: validate_bot_developer_id(999, allow_mock=False) is None; validate_bot_developer_id(999, allow_mock=True) == 999",source-body operation summary; detailed domain mapping belongs to mapper handoff,source-reviewed: no additional defect identified in inspected body; offline/live limits remain,"[""Body read in current working snapshot at lines 148-160"", ""Current source body inspection"", ""validate_bot_developer_id(999, allow_mock=False) is None"", ""validate_bot_developer_id(999, allow_mock=True) == 999"", ""validate_bot_developer_id('12345', allow_mock=True) == 12345"", ""validate_bot_developer_id('placeholder', allow_mock=True) is None"", ""validate_bot_developer_id('123456789012345678', allow_mock=True) is None""]",[],[]
tests/test_bot_developer_id.py,TestValidateBotDeveloperId.test_logging_in_non_strict_mode,162,165,"def test_logging_in_non_strict_mode(self, caplog)",Offline test/fixture/helper: any(('must contain only digits' in record.message for record in caplog.records)),source-body operation summary; detailed domain mapping belongs to mapper handoff,source-reviewed: no additional defect identified in inspected body; offline/live limits remain,"[""Body read in current working snapshot at lines 162-165"", ""Current source body inspection"", ""any(('must contain only digits' in record.message for record in caplog.records))""]",[],[]
tests/test_bot_developer_id.py,TestCpoBotDeveloperIdIntegration.test_cpo_default_with_none_env,172,174,def test_cpo_default_with_none_env(self),Offline test/fixture/helper: bot.bot_developer_id is None,source-body operation summary; detailed domain mapping belongs to mapper handoff,source-reviewed: no additional defect identified in inspected body; offline/live limits remain,"[""Body read in current working snapshot at lines 172-174"", ""Current source body inspection"", ""bot.bot_developer_id is None""]",[],[]
tests/test_bot_developer_id.py,TestCpoBotDeveloperIdIntegration.test_cpo_default_with_valid_env,177,179,def test_cpo_default_with_valid_env(self),Offline test/fixture/helper: bot.bot_developer_id == 534168986149978112,source-body operation summary; detailed domain mapping belongs to mapper handoff,source-reviewed: no additional defect identified in inspected body; offline/live limits remain,"[""Body read in current working snapshot at lines 177-179"", ""Current source body inspection"", ""bot.bot_developer_id == 534168986149978112""]",[],[]
tests/test_bot_developer_id.py,TestCpoBotDeveloperIdIntegration.test_cpo_with_mock_override,181,184,def test_cpo_with_mock_override(self),Offline test/fixture/helper: bot.bot_developer_id == 999,source-body operation summary; detailed domain mapping belongs to mapper handoff,source-reviewed: no additional defect identified in inspected body; offline/live limits remain,"[""Body read in current working snapshot at lines 181-184"", ""Current source body inspection"", ""bot.bot_developer_id == 999""]",[],[]
tests/test_bot_developer_id.py,TestCpoBotDeveloperIdIntegration.test_cpo_with_valid_snowflake_override,186,188,def test_cpo_with_valid_snowflake_override(self),Offline test/fixture/helper: bot.bot_developer_id == 534168986149978112,source-body operation summary; detailed domain mapping belongs to mapper handoff,source-reviewed: no additional defect identified in inspected body; offline/live limits remain,"[""Body read in current working snapshot at lines 186-188"", ""Current source body inspection"", ""bot.bot_developer_id == 534168986149978112""]",[],[]
tests/test_bot_developer_id.py,TestCpoBotDeveloperIdIntegration.test_cpo_with_placeholder_override_sets_none,190,192,def test_cpo_with_placeholder_override_sets_none(self),Offline test/fixture/helper: bot.bot_developer_id is None,source-body operation summary; detailed domain mapping belongs to mapper handoff,source-reviewed: no additional defect identified in inspected body; offline/live limits remain,"[""Body read in current working snapshot at lines 190-192"", ""Current source body inspection"", ""bot.bot_developer_id is None""]",[],[]
tests/test_cleanup_retries.py,in_memory_db,11,15,async def in_memory_db(),"Offline test/fixture/helper: builds mocked or SQLite test state and orchestrates DBHandler, db.close, db.connect",source-body operation summary; detailed domain mapping belongs to mapper handoff,source-reviewed: no additional defect identified in inspected body; offline/live limits remain,"[""Body read in current working snapshot at lines 11-15"", ""Current source body inspection""]",[],[]
tests/test_cleanup_retries.py,TestDatabaseCleanupRetries.test_record_and_get_pending_cleanups,22,42,"async def test_record_and_get_pending_cleanups(self, in_memory_db)",Offline test/fixture/helper: cleanup_id > 0; len(cleanups) == 1,source-body operation summary; detailed domain mapping belongs to mapper handoff,source-reviewed: no additional defect identified in inspected body; offline/live limits remain,"[""Body read in current working snapshot at lines 22-42"", ""Current source body inspection"", ""cleanup_id > 0"", ""len(cleanups) == 1"", ""rec['id'] == cleanup_id"", ""rec['guild_id'] == 123"", ""rec['group_id'] == 'group-uuid-1'"", ""rec['resource_type'] == 'text_channel'"", ""rec['resource_id'] == 1001"", ""rec['retry_count'] == 0"", ""'403 Missing Permissions' in rec['last_error']"", ""rec['status'] == 'pending'""]",[],[]
tests/test_cleanup_retries.py,TestDatabaseCleanupRetries.test_record_pending_cleanup_deduplication,45,64,"async def test_record_pending_cleanup_deduplication(self, in_memory_db)",Offline test/fixture/helper: id1 == id2; len(cleanups) == 1,source-body operation summary; detailed domain mapping belongs to mapper handoff,source-reviewed: no additional defect identified in inspected body; offline/live limits remain,"[""Body read in current working snapshot at lines 45-64"", ""Current source body inspection"", ""id1 == id2"", ""len(cleanups) == 1"", ""cleanups[0]['last_error'] == 'Updated error'""]",[],[]
tests/test_cleanup_retries.py,TestDatabaseCleanupRetries.test_update_cleanup_retry_and_delete,67,93,"async def test_update_cleanup_retry_and_delete(self, in_memory_db)",Offline test/fixture/helper: cleanups[0]['retry_count'] == 1; cleanups[0]['last_error'] == 'Second attempt fail',source-body operation summary; detailed domain mapping belongs to mapper handoff,source-reviewed: no additional defect identified in inspected body; offline/live limits remain,"[""Body read in current working snapshot at lines 67-93"", ""Current source body inspection"", ""cleanups[0]['retry_count'] == 1"", ""cleanups[0]['last_error'] == 'Second attempt fail'"", ""count == 1"", ""len(cleanups_after) == 0"", ""await in_memory_db.get_pending_cleanup_count(guild_id=123) == 0""]",[],[]
tests/test_cleanup_retries.py,TestGroupCleanupLacksPermissions.test_end_group_records_failed_deletions,100,193,"async def test_end_group_records_failed_deletions(self, in_memory_db)","Offline test/fixture/helper: len(pending) == 3; types_recorded == {'text_channel', 'voice_channel', 'role'}",source-body operation summary; detailed domain mapping belongs to mapper handoff,source-reviewed: no additional defect identified in inspected body; offline/live limits remain,"[""Body read in current working snapshot at lines 100-193"", ""Current source body inspection"", ""len(pending) == 3"", ""types_recorded == {'text_channel', 'voice_channel', 'role'}"", ""item['retry_count'] == 0"", ""item['status'] == 'pending'""]",[],[]
tests/test_cleanup_retries.py,TestGroupCleanupLacksPermissions.test_end_group_records_failed_deletions.get_channel_mock,127,132,def get_channel_mock(ch_id),Offline test/fixture/helper: builds mocked or SQLite test state and orchestrates ,source-body operation summary; detailed domain mapping belongs to mapper handoff,source-reviewed: no additional defect identified in inspected body; offline/live limits remain,"[""Body read in current working snapshot at lines 127-132"", ""Current source body inspection""]",[],[]
tests/test_cleanup_retries.py,TestProcessPendingCleanups.test_process_pending_cleanups_resolves_when_permission_granted,200,249,"async def test_process_pending_cleanups_resolves_when_permission_granted(self, in_memory_db)",Offline test/fixture/helper: summary['resolved'] == 2; summary['failed'] == 0,source-body operation summary; detailed domain mapping belongs to mapper handoff,source-reviewed: no additional defect identified in inspected body; offline/live limits remain,"[""Body read in current working snapshot at lines 200-249"", ""Current source body inspection"", ""summary['resolved'] == 2"", ""summary['failed'] == 0"", ""len(remaining) == 0""]",[],[]
tests/test_cleanup_retries.py,TestProcessPendingCleanups.test_process_pending_cleanups_handles_still_lacking_permission,252,285,"async def test_process_pending_cleanups_handles_still_lacking_permission(self, in_memory_db)",Offline test/fixture/helper: summary['resolved'] == 0; summary['failed'] == 1,source-body operation summary; detailed domain mapping belongs to mapper handoff,source-reviewed: no additional defect identified in inspected body; offline/live limits remain,"[""Body read in current working snapshot at lines 252-285"", ""Current source body inspection"", ""summary['resolved'] == 0"", ""summary['failed'] == 1"", ""len(cleanups) == 1"", ""cleanups[0]['retry_count'] == 1"", ""'manage_channels' in cleanups[0]['last_error']""]",[],[]
tests/test_cleanup_retries.py,TestProcessPendingCleanups.test_process_pending_cleanups_resolves_already_deleted_resources,288,310,"async def test_process_pending_cleanups_resolves_already_deleted_resources(self, in_memory_db)",Offline test/fixture/helper: summary['resolved'] == 2; summary['failed'] == 0,source-body operation summary; detailed domain mapping belongs to mapper handoff,source-reviewed: no additional defect identified in inspected body; offline/live limits remain,"[""Body read in current working snapshot at lines 288-310"", ""Current source body inspection"", ""summary['resolved'] == 2"", ""summary['failed'] == 0"", ""len(remaining) == 0""]",[],[]
tests/test_cleanup_retries.py,TestProcessPendingCleanups.test_retry_cleanups_slash_command,313,339,"async def test_retry_cleanups_slash_command(self, in_memory_db)",Offline test/fixture/helper: 'Resolved / Deleted: 3' in response_text; 'Failed / Still lacking permissions: 1' in response_text,source-body operation summary; detailed domain mapping belongs to mapper handoff,source-reviewed: no additional defect identified in inspected body; offline/live limits remain,"[""Body read in current working snapshot at lines 313-339"", ""Current source body inspection"", ""'Resolved / Deleted: 3' in response_text"", ""'Failed / Still lacking permissions: 1' in response_text""]",[],[]
tests/test_database.py,TestDBHandler.setUp,17,19,def setUp(self),Offline test/fixture/helper: builds mocked or SQLite test state and orchestrates DBHandler,source-body operation summary; detailed domain mapping belongs to mapper handoff,source-reviewed: no additional defect identified in inspected body; offline/live limits remain,"[""Body read in current working snapshot at lines 17-19"", ""Current source body inspection""]",[],[]
tests/test_database.py,TestDBHandler.tearDown,21,25,def tearDown(self),"Offline test/fixture/helper: builds mocked or SQLite test state and orchestrates asyncio.run, cleanup, self.db.close",source-body operation summary; detailed domain mapping belongs to mapper handoff,source-reviewed: no additional defect identified in inspected body; offline/live limits remain,"[""Body read in current working snapshot at lines 21-25"", ""Current source body inspection""]",[],[]
tests/test_database.py,TestDBHandler.tearDown.cleanup,22,23,async def cleanup(),Offline test/fixture/helper: builds mocked or SQLite test state and orchestrates self.db.close,source-body operation summary; detailed domain mapping belongs to mapper handoff,source-reviewed: no additional defect identified in inspected body; offline/live limits remain,"[""Body read in current working snapshot at lines 22-23"", ""Current source body inspection""]",[],[]
tests/test_database.py,TestDBHandler.test_database_initialization_and_tasks,27,49,def test_database_initialization_and_tasks(self),"Offline test/fixture/helper: builds mocked or SQLite test state and orchestrates asyncio.run, len, run_test, self.db.add_task",source-body operation summary; detailed domain mapping belongs to mapper handoff,source-reviewed: no additional defect identified in inspected body; offline/live limits remain,"[""Body read in current working snapshot at lines 27-49"", ""Current source body inspection""]",[],[]
tests/test_database.py,TestDBHandler.test_database_initialization_and_tasks.run_test,28,47,async def run_test(),"Offline test/fixture/helper: builds mocked or SQLite test state and orchestrates len, self.db.add_task, self.db.complete_task, self.db.connect",source-body operation summary; detailed domain mapping belongs to mapper handoff,source-reviewed: no additional defect identified in inspected body; offline/live limits remain,"[""Body read in current working snapshot at lines 28-47"", ""Current source body inspection""]",[],[]
tests/test_database.py,TestDBHandler.test_manager_permissions,51,66,def test_manager_permissions(self),"Offline test/fixture/helper: builds mocked or SQLite test state and orchestrates asyncio.run, run_test, self.db.add_manager, self.db.connect",source-body operation summary; detailed domain mapping belongs to mapper handoff,source-reviewed: no additional defect identified in inspected body; offline/live limits remain,"[""Body read in current working snapshot at lines 51-66"", ""Current source body inspection""]",[],[]
tests/test_database.py,TestDBHandler.test_manager_permissions.run_test,52,64,async def run_test(),"Offline test/fixture/helper: builds mocked or SQLite test state and orchestrates self.db.add_manager, self.db.connect, self.db.get_manager, self.db.remove_manager",source-body operation summary; detailed domain mapping belongs to mapper handoff,source-reviewed: no additional defect identified in inspected body; offline/live limits remain,"[""Body read in current working snapshot at lines 52-64"", ""Current source body inspection""]",[],[]
tests/test_database.py,TestDBHandler.test_legacy_global_developers_remain_inert_and_guild_staff_distinct,68,97,def test_legacy_global_developers_remain_inert_and_guild_staff_distinct(self),"Offline test/fixture/helper: builds mocked or SQLite test state and orchestrates asyncio.run, len, run_test, self.db.add_manager",source-body operation summary; detailed domain mapping belongs to mapper handoff,source-reviewed: no additional defect identified in inspected body; offline/live limits remain,"[""Body read in current working snapshot at lines 68-97"", ""Current source body inspection""]",[],[]
tests/test_database.py,TestDBHandler.test_legacy_global_developers_remain_inert_and_guild_staff_distinct.run_test,69,95,async def run_test(),"Offline test/fixture/helper: builds mocked or SQLite test state and orchestrates len, self.db.add_manager, self.db.connect, self.db.get_all_managers",source-body operation summary; detailed domain mapping belongs to mapper handoff,source-reviewed: no additional defect identified in inspected body; offline/live limits remain,"[""Body read in current working snapshot at lines 69-95"", ""Current source body inspection""]",[],[]
tests/test_database.py,TestDBHandler.test_manager_grant_source_migrates_legacy_rows_and_survives_restart,99,126,def test_manager_grant_source_migrates_legacy_rows_and_survives_restart(self),"Offline test/fixture/helper: builds mocked or SQLite test state and orchestrates DBHandler, Path, asyncio.run, closing",source-body operation summary; detailed domain mapping belongs to mapper handoff,source-reviewed: no additional defect identified in inspected body; offline/live limits remain,"[""Body read in current working snapshot at lines 99-126"", ""Current source body inspection""]",[],[]
tests/test_database.py,TestDBHandler.test_manager_grant_source_migrates_legacy_rows_and_survives_restart.run_test,100,112,async def run_test(db_path),"Offline test/fixture/helper: builds mocked or SQLite test state and orchestrates DBHandler, db.close, db.connect, db.create_tables",source-body operation summary; detailed domain mapping belongs to mapper handoff,source-reviewed: no additional defect identified in inspected body; offline/live limits remain,"[""Body read in current working snapshot at lines 100-112"", ""Current source body inspection""]",[],[]
tests/test_database.py,TestDBHandler.test_native_staff_sync_preserves_explicit_and_other_guild_grants,128,150,def test_native_staff_sync_preserves_explicit_and_other_guild_grants(self),"Offline test/fixture/helper: builds mocked or SQLite test state and orchestrates asyncio.run, run_test, self.db.add_manager, self.db.connect",source-body operation summary; detailed domain mapping belongs to mapper handoff,source-reviewed: no additional defect identified in inspected body; offline/live limits remain,"[""Body read in current working snapshot at lines 128-150"", ""Current source body inspection""]",[],[]
tests/test_database.py,TestDBHandler.test_native_staff_sync_preserves_explicit_and_other_guild_grants.run_test,129,148,async def run_test(),"Offline test/fixture/helper: builds mocked or SQLite test state and orchestrates self.db.add_manager, self.db.connect, self.db.get_manager, self.db.sync_guild_manager_grants",source-body operation summary; detailed domain mapping belongs to mapper handoff,source-reviewed: no additional defect identified in inspected body; offline/live limits remain,"[""Body read in current working snapshot at lines 129-148"", ""Current source body inspection""]",[],[]
tests/test_database.py,TestDBHandler.test_native_staff_sync_invalid_level_does_not_change_grants,152,164,def test_native_staff_sync_invalid_level_does_not_change_grants(self),"Offline test/fixture/helper: builds mocked or SQLite test state and orchestrates asyncio.run, run_test, self.db.add_manager, self.db.connect",source-body operation summary; detailed domain mapping belongs to mapper handoff,source-reviewed: no additional defect identified in inspected body; offline/live limits remain,"[""Body read in current working snapshot at lines 152-164"", ""Current source body inspection""]",[],[]
tests/test_database.py,TestDBHandler.test_native_staff_sync_invalid_level_does_not_change_grants.run_test,153,162,async def run_test(),"Offline test/fixture/helper: builds mocked or SQLite test state and orchestrates self.db.add_manager, self.db.connect, self.db.get_all_managers, self.db.sync_guild_manager_grants",source-body operation summary; detailed domain mapping belongs to mapper handoff,source-reviewed: no additional defect identified in inspected body; offline/live limits remain,"[""Body read in current working snapshot at lines 153-162"", ""Current source body inspection""]",[],[]
tests/test_database.py,TestDBHandler.test_native_staff_sync_rolls_back_cleanup_if_insert_fails,166,184,def test_native_staff_sync_rolls_back_cleanup_if_insert_fails(self),"Offline test/fixture/helper: builds mocked or SQLite test state and orchestrates asyncio.run, run_test, self.db.conn.commit, self.db.conn.execute",source-body operation summary; detailed domain mapping belongs to mapper handoff,source-reviewed: no additional defect identified in inspected body; offline/live limits remain,"[""Body read in current working snapshot at lines 166-184"", ""Current source body inspection""]",[],[]
tests/test_database.py,TestDBHandler.test_native_staff_sync_rolls_back_cleanup_if_insert_fails.run_test,167,182,async def run_test(),"Offline test/fixture/helper: builds mocked or SQLite test state and orchestrates self.db.conn.commit, self.db.conn.execute, self.db.connect, self.db.get_all_managers",source-body operation summary; detailed domain mapping belongs to mapper handoff,source-reviewed: no additional defect identified in inspected body; offline/live limits remain,"[""Body read in current working snapshot at lines 167-182"", ""Current source body inspection""]",[],[]
tests/test_database.py,TestDBHandler.test_task_scope_can_be_global_only_or_all_groups,186,208,def test_task_scope_can_be_global_only_or_all_groups(self),"Offline test/fixture/helper: builds mocked or SQLite test state and orchestrates asyncio.run, run_test, self.db.add_task, self.db.connect",source-body operation summary; detailed domain mapping belongs to mapper handoff,source-reviewed: no additional defect identified in inspected body; offline/live limits remain,"[""Body read in current working snapshot at lines 186-208"", ""Current source body inspection""]",[],[]
tests/test_database.py,TestDBHandler.test_task_scope_can_be_global_only_or_all_groups.run_test,187,206,async def run_test(),"Offline test/fixture/helper: builds mocked or SQLite test state and orchestrates self.db.add_task, self.db.connect, self.db.get_user_tasks",source-body operation summary; detailed domain mapping belongs to mapper handoff,source-reviewed: no additional defect identified in inspected body; offline/live limits remain,"[""Body read in current working snapshot at lines 187-206"", ""Current source body inspection""]",[],[]
tests/test_database.py,TestDBHandler.test_study_group_transfer_and_channel_lookup,210,264,def test_study_group_transfer_and_channel_lookup(self),Offline test/fixture/helper: by_channel is not None; transferred is not None,source-body operation summary; detailed domain mapping belongs to mapper handoff,source-reviewed: no additional defect identified in inspected body; offline/live limits remain,"[""Body read in current working snapshot at lines 210-264"", ""Current source body inspection"", ""by_channel is not None"", ""transferred is not None""]",[],[]
tests/test_database.py,TestDBHandler.test_study_group_transfer_and_channel_lookup.run_test,211,262,async def run_test(),Offline test/fixture/helper: by_channel is not None; transferred is not None,source-body operation summary; detailed domain mapping belongs to mapper handoff,source-reviewed: no additional defect identified in inspected body; offline/live limits remain,"[""Body read in current working snapshot at lines 211-262"", ""Current source body inspection"", ""by_channel is not None"", ""transferred is not None""]",[],[]
tests/test_database.py,TestDBHandler.test_group_names_include_retired_groups_but_only_requested_guild,266,289,def test_group_names_include_retired_groups_but_only_requested_guild(self),"Offline test/fixture/helper: builds mocked or SQLite test state and orchestrates asyncio.run, run_test, self.db.connect, self.db.get_guild_group_names",source-body operation summary; detailed domain mapping belongs to mapper handoff,source-reviewed: no additional defect identified in inspected body; offline/live limits remain,"[""Body read in current working snapshot at lines 266-289"", ""Current source body inspection""]",[],[]
tests/test_database.py,TestDBHandler.test_group_names_include_retired_groups_but_only_requested_guild.run_test,267,287,async def run_test(),"Offline test/fixture/helper: builds mocked or SQLite test state and orchestrates self.db.connect, self.db.get_guild_group_names, self.db.save_study_group",source-body operation summary; detailed domain mapping belongs to mapper handoff,source-reviewed: no additional defect identified in inspected body; offline/live limits remain,"[""Body read in current working snapshot at lines 267-287"", ""Current source body inspection""]",[],[]
tests/test_database.py,TestDBHandler.test_commands_channel_migration_preserves_legacy_settings_on_restart,291,344,def test_commands_channel_migration_preserves_legacy_settings_on_restart(self),"Offline test/fixture/helper: builds mocked or SQLite test state and orchestrates DBHandler, Path, asyncio.run, closing",source-body operation summary; detailed domain mapping belongs to mapper handoff,source-reviewed: no additional defect identified in inspected body; offline/live limits remain,"[""Body read in current working snapshot at lines 291-344"", ""Current source body inspection""]",[],[]
tests/test_database.py,TestDBHandler.test_commands_channel_migration_preserves_legacy_settings_on_restart.run_test,292,328,async def run_test(db_path),"Offline test/fixture/helper: builds mocked or SQLite test state and orchestrates DBHandler, db.close, db.connect, db.get_commands_channel",source-body operation summary; detailed domain mapping belongs to mapper handoff,source-reviewed: no additional defect identified in inspected body; offline/live limits remain,"[""Body read in current working snapshot at lines 292-328"", ""Current source body inspection""]",[],[]
tests/test_database.py,TestDBHandler.test_setup_and_vc_setters_preserve_other_settings,346,395,def test_setup_and_vc_setters_preserve_other_settings(self),"Offline test/fixture/helper: builds mocked or SQLite test state and orchestrates asyncio.run, run_test, self.db.connect, self.db.get_commands_channel",source-body operation summary; detailed domain mapping belongs to mapper handoff,source-reviewed: no additional defect identified in inspected body; offline/live limits remain,"[""Body read in current working snapshot at lines 346-395"", ""Current source body inspection""]",[],[]
tests/test_database.py,TestDBHandler.test_setup_and_vc_setters_preserve_other_settings.run_test,347,393,async def run_test(),"Offline test/fixture/helper: builds mocked or SQLite test state and orchestrates self.db.connect, self.db.get_commands_channel, self.db.get_default_group_duration, self.db.get_default_max_members",source-body operation summary; detailed domain mapping belongs to mapper handoff,source-reviewed: no additional defect identified in inspected body; offline/live limits remain,"[""Body read in current working snapshot at lines 347-393"", ""Current source body inspection""]",[],[]
tests/test_database.py,TestDBHandler.test_failed_setup_commit_rolls_back_before_retry,397,459,def test_failed_setup_commit_rolls_back_before_retry(self),"Offline test/fixture/helper: builds mocked or SQLite test state and orchestrates asyncio.run, run_test, self.db.conn.execute, self.db.conn.execute('SELECT COUNT(*) FROM setup_guard').fetchone",source-body operation summary; detailed domain mapping belongs to mapper handoff,source-reviewed: no additional defect identified in inspected body; offline/live limits remain,"[""Body read in current working snapshot at lines 397-459"", ""Current source body inspection""]",[],[]
tests/test_database.py,TestDBHandler.test_failed_setup_commit_rolls_back_before_retry.run_test,398,457,async def run_test(),"Offline test/fixture/helper: builds mocked or SQLite test state and orchestrates self.db.conn.execute, self.db.conn.execute('SELECT COUNT(*) FROM setup_guard').fetchone, self.db.connect, self.db.get_commands_channel",source-body operation summary; detailed domain mapping belongs to mapper handoff,source-reviewed: no additional defect identified in inspected body; offline/live limits remain,"[""Body read in current working snapshot at lines 398-457"", ""Current source body inspection""]",[],[]
tests/test_database.py,TestDBHandler.test_setup_rejects_invalid_lifetimes_without_changing_settings,461,474,def test_setup_rejects_invalid_lifetimes_without_changing_settings(self),"Offline test/fixture/helper: builds mocked or SQLite test state and orchestrates asyncio.run, run_test, self.db.connect, self.db.get_commands_channel",source-body operation summary; detailed domain mapping belongs to mapper handoff,source-reviewed: no additional defect identified in inspected body; offline/live limits remain,"[""Body read in current working snapshot at lines 461-474"", ""Current source body inspection""]",[],[]
tests/test_database.py,TestDBHandler.test_setup_rejects_invalid_lifetimes_without_changing_settings.run_test,462,472,async def run_test(),"Offline test/fixture/helper: builds mocked or SQLite test state and orchestrates self.db.connect, self.db.get_commands_channel, self.db.get_default_group_duration, self.db.get_default_pomodoro_duration",source-body operation summary; detailed domain mapping belongs to mapper handoff,source-reviewed: no additional defect identified in inspected body; offline/live limits remain,"[""Body read in current working snapshot at lines 462-472"", ""Current source body inspection""]",[],[]
tests/test_database.py,TestDBHandler.test_sqlite_io_runs_off_event_loop,476,492,def test_sqlite_io_runs_off_event_loop(self),"Offline test/fixture/helper: builds mocked or SQLite test state and orchestrates asyncio.run, cur.fetchone, run_test, self.db._run_in_thread",source-body operation summary; detailed domain mapping belongs to mapper handoff,source-reviewed: no additional defect identified in inspected body; offline/live limits remain,"[""Body read in current working snapshot at lines 476-492"", ""Current source body inspection""]",[],[]
tests/test_database.py,TestDBHandler.test_sqlite_io_runs_off_event_loop.run_test,477,490,async def run_test(),"Offline test/fixture/helper: builds mocked or SQLite test state and orchestrates cur.fetchone, self.db._run_in_thread, self.db.conn.execute, self.db.connect",source-body operation summary; detailed domain mapping belongs to mapper handoff,source-reviewed: no additional defect identified in inspected body; offline/live limits remain,"[""Body read in current working snapshot at lines 477-490"", ""Current source body inspection""]",[],[]
tests/test_database.py,TestDBHandler.test_sqlite_io_runs_off_event_loop.run_test._get_thread_and_count,484,486,def _get_thread_and_count(),"Offline test/fixture/helper: builds mocked or SQLite test state and orchestrates cur.fetchone, self.db.conn.execute, threading.get_ident",source-body operation summary; detailed domain mapping belongs to mapper handoff,source-reviewed: no additional defect identified in inspected body; offline/live limits remain,"[""Body read in current working snapshot at lines 484-486"", ""Current source body inspection""]",[],[]
tests/test_database.py,TestDBHandler.test_run_in_thread_rejects_same_thread_connection,494,504,def test_run_in_thread_rejects_same_thread_connection(self),"Offline test/fixture/helper: builds mocked or SQLite test state and orchestrates DBHandler, asyncio.run, db.conn.close, db.create_tables",source-body operation summary; detailed domain mapping belongs to mapper handoff,source-reviewed: no additional defect identified in inspected body; offline/live limits remain,"[""Body read in current working snapshot at lines 494-504"", ""Current source body inspection""]",[],[]
tests/test_database.py,TestDBHandler.test_run_in_thread_rejects_same_thread_connection.run_test,495,502,async def run_test(),"Offline test/fixture/helper: builds mocked or SQLite test state and orchestrates DBHandler, db.conn.close, db.create_tables, sqlite3.connect",source-body operation summary; detailed domain mapping belongs to mapper handoff,source-reviewed: no additional defect identified in inspected body; offline/live limits remain,"[""Body read in current working snapshot at lines 495-502"", ""Current source body inspection""]",[],[]
tests/test_database.py,TestDBHandler.test_cancellation_keeps_sqlite_worker_locked_until_finished,506,536,def test_cancellation_keeps_sqlite_worker_locked_until_finished(self),"Offline test/fixture/helper: builds mocked or SQLite test state and orchestrates DBHandler, asyncio.create_task, asyncio.run, asyncio.sleep",source-body operation summary; detailed domain mapping belongs to mapper handoff,source-reviewed: no additional defect identified in inspected body; offline/live limits remain,"[""Body read in current working snapshot at lines 506-536"", ""Current source body inspection""]",[],[]
tests/test_database.py,TestDBHandler.test_cancellation_keeps_sqlite_worker_locked_until_finished.run_test,509,534,async def run_test(),"Offline test/fixture/helper: builds mocked or SQLite test state and orchestrates DBHandler, asyncio.create_task, asyncio.sleep, asyncio.to_thread",source-body operation summary; detailed domain mapping belongs to mapper handoff,source-reviewed: no additional defect identified in inspected body; offline/live limits remain,"[""Body read in current working snapshot at lines 509-534"", ""Current source body inspection""]",[],[]
tests/test_database.py,TestDBHandler.test_cancellation_keeps_sqlite_worker_locked_until_finished.run_test.worker,514,517,def worker(),"Offline test/fixture/helper: builds mocked or SQLite test state and orchestrates db.conn.execute, db.conn.execute('SELECT 1').fetchone, entered.set, release.wait",source-body operation summary; detailed domain mapping belongs to mapper handoff,source-reviewed: no additional defect identified in inspected body; offline/live limits remain,"[""Body read in current working snapshot at lines 514-517"", ""Current source body inspection""]",[],[]
tests/test_database.py,TestDBHandler.test_cancellation_keeps_sqlite_worker_locked_until_finished.run_test.operation,519,521,async def operation(),Offline test/fixture/helper: builds mocked or SQLite test state and orchestrates db._run_in_thread,source-body operation summary; detailed domain mapping belongs to mapper handoff,source-reviewed: no additional defect identified in inspected body; offline/live limits remain,"[""Body read in current working snapshot at lines 519-521"", ""Current source body inspection""]",[],[]
tests/test_default_role.py,db,13,17,async def db(tmp_path),"Offline test/fixture/helper: builds mocked or SQLite test state and orchestrates DBHandler, database.close, database.connect, str",source-body operation summary; detailed domain mapping belongs to mapper handoff,source-reviewed: no additional defect identified in inspected body; offline/live limits remain,"[""Body read in current working snapshot at lines 13-17"", ""Current source body inspection""]",[],[]
tests/test_default_role.py,role_environment,20,40,def role_environment(db),"Offline test/fixture/helper: builds mocked or SQLite test state and orchestrates AsyncMock, MagicMock, discord.Permissions.none, make_setup",source-body operation summary; detailed domain mapping belongs to mapper handoff,source-reviewed: no additional defect identified in inspected body; offline/live limits remain,"[""Body read in current working snapshot at lines 20-40"", ""Current source body inspection""]",[],[]
tests/test_default_role.py,test_default_role_nullable_setting_is_guild_scoped_and_persisted,44,54,async def test_default_role_nullable_setting_is_guild_scoped_and_persisted(db),Offline test/fixture/helper: await db.get_default_role(1) == 70; await db.get_default_role(2) is None,source-body operation summary; detailed domain mapping belongs to mapper handoff,source-reviewed: no additional defect identified in inspected body; offline/live limits remain,"[""Body read in current working snapshot at lines 44-54"", ""Current source body inspection"", ""await db.get_default_role(1) == 70"", ""await db.get_default_role(2) is None"", ""await db.get_default_role(1) == 70"", ""await db.get_default_role(1) is None""]",[],[]
tests/test_default_role.py,test_role_gate_has_no_staff_or_supreme_bypass_but_setup_is_authorized,59,70,"async def test_role_gate_has_no_staff_or_supreme_bypass_but_setup_is_authorized(db, tier)","Offline test/fixture/helper: await require_guild_access(manager.bot, request) is False; await require_guild_access(manager.bot, request, setup_exempt=True) is (tier >= 3)",source-body operation summary; detailed domain mapping belongs to mapper handoff,source-reviewed: no additional defect identified in inspected body; offline/live limits remain,"[""Body read in current working snapshot at lines 59-70"", ""Current source body inspection"", ""await require_guild_access(manager.bot, request) is False"", ""await require_guild_access(manager.bot, request, setup_exempt=True) is (tier >= 3)"", ""await require_guild_access(manager.bot, request) is True"", ""await require_guild_access(manager.bot, request) is False""]",[],[]
tests/test_default_role.py,test_disappeared_role_and_departed_dm_recipient_fail_closed,74,88,async def test_disappeared_role_and_departed_dm_recipient_fail_closed(db),"Offline test/fixture/helper: await require_guild_access(manager.bot, request) is False; await require_guild_access(manager.bot, request, guild_id=1) is False",source-body operation summary; detailed domain mapping belongs to mapper handoff,source-reviewed: no additional defect identified in inspected body; offline/live limits remain,"[""Body read in current working snapshot at lines 74-88"", ""Current source body inspection"", ""await require_guild_access(manager.bot, request) is False"", ""await require_guild_access(manager.bot, request, guild_id=1) is False"", ""await require_guild_access(manager.bot, request) is True""]",[],[]
tests/test_default_role.py,test_role_revocation_during_settings_read_is_rechecked_before_dispatch,92,109,"async def test_role_revocation_during_settings_read_is_rechecked_before_dispatch(db, monkeypatch)","Offline test/fixture/helper: await require_guild_access(manager.bot, request) is False",source-body operation summary; detailed domain mapping belongs to mapper handoff,source-reviewed: no additional defect identified in inspected body; offline/live limits remain,"[""Body read in current working snapshot at lines 92-109"", ""Current source body inspection"", ""await require_guild_access(manager.bot, request) is False""]",[],[]
tests/test_default_role.py,test_role_revocation_during_settings_read_is_rechecked_before_dispatch.revoke_during_read,102,105,async def revoke_during_read(guild_id),Offline test/fixture/helper: builds mocked or SQLite test state and orchestrates original,source-body operation summary; detailed domain mapping belongs to mapper handoff,source-reviewed: no additional defect identified in inspected body; offline/live limits remain,"[""Body read in current working snapshot at lines 102-105"", ""Current source body inspection""]",[],[]
tests/test_default_role.py,test_tree_and_component_gates_deny_before_callbacks,113,130,async def test_tree_and_component_gates_deny_before_callbacks(db),"Offline test/fixture/helper: await AccessCommandTree.interaction_check(MagicMock(client=manager.bot), request) is False; await AccessCommandTree.interaction_check(MagicMock(client=manager.bot), request) is True",source-body operation summary; detailed domain mapping belongs to mapper handoff,source-reviewed: no additional defect identified in inspected body; offline/live limits remain,"[""Body read in current working snapshot at lines 113-130"", ""Current source body inspection"", ""await AccessCommandTree.interaction_check(MagicMock(client=manager.bot), request) is False"", ""await AccessCommandTree.interaction_check(MagicMock(client=manager.bot), request) is True""]",[],[]
tests/test_default_role.py,test_picker_can_clear_role_without_enrolling_members,134,143,async def test_picker_can_clear_role_without_enrolling_members(db),Offline test/fixture/helper: view.default_role_id is None; await db.get_default_role(1) is None,source-body operation summary; detailed domain mapping belongs to mapper handoff,source-reviewed: no additional defect identified in inspected body; offline/live limits remain,"[""Body read in current working snapshot at lines 134-143"", ""Current source body inspection"", ""view.default_role_id is None"", ""await db.get_default_role(1) is None""]",[],[]
tests/test_default_role.py,test_role_journal_survives_restart_and_recovery_protects_in_use_roles,148,192,"async def test_role_journal_survives_restart_and_recovery_protects_in_use_roles(db, protected)",Offline test/fixture/helper: await view.provision_default_role() == 70; await db.get_setup_recovery_journal(1) is None,source-body operation summary; detailed domain mapping belongs to mapper handoff,source-reviewed: no additional defect identified in inspected body; offline/live limits remain,"[""Body read in current working snapshot at lines 148-192"", ""Current source body inspection"", ""await view.provision_default_role() == 70"", ""await db.get_setup_recovery_journal(1) is None"", ""await db.get_setup_recovery_journal(1) is not None""]",[],[]
tests/test_default_role.py,test_role_journal_survives_restart_and_recovery_protects_in_use_roles.members,161,164,async def members(**kwargs),Offline test/fixture/helper: builds mocked or SQLite test state and orchestrates ,source-body operation summary; detailed domain mapping belongs to mapper handoff,source-reviewed: no additional defect identified in inspected body; offline/live limits remain,"[""Body read in current working snapshot at lines 161-164"", ""Current source body inspection""]",[],[]
tests/test_default_role.py,test_role_created_but_result_save_failed_recovers_only_from_bot_audit,196,232,"async def test_role_created_but_result_save_failed_recovers_only_from_bot_audit(db, monkeypatch)",Offline test/fixture/helper: row['state']['mutations']['role']['id'] is None; await db.get_default_role(1) is None,source-body operation summary; detailed domain mapping belongs to mapper handoff,source-reviewed: no additional defect identified in inspected body; offline/live limits remain,"[""Body read in current working snapshot at lines 196-232"", ""Current source body inspection"", ""row['state']['mutations']['role']['id'] is None"", ""await db.get_default_role(1) is None"", ""restarted.created_role_id == 70"", ""(await db.get_setup_recovery_journal(1))['state']['mutations']['role']['id'] == 70"", ""kwargs['action'] == discord.AuditLogAction.role_create""]",[],[]
tests/test_default_role.py,test_role_created_but_result_save_failed_recovers_only_from_bot_audit.fail_result,205,210,"async def fail_result(*args, **kwargs)","Offline test/fixture/helper: builds mocked or SQLite test state and orchestrates RuntimeError, update",source-body operation summary; detailed domain mapping belongs to mapper handoff,source-reviewed: no additional defect identified in inspected body; offline/live limits remain,"[""Body read in current working snapshot at lines 205-210"", ""Current source body inspection""]",[],[]
tests/test_default_role.py,test_role_created_but_result_save_failed_recovers_only_from_bot_audit.audit,224,226,async def audit(**kwargs),Offline test/fixture/helper: kwargs['action'] == discord.AuditLogAction.role_create,source-body operation summary; detailed domain mapping belongs to mapper handoff,source-reviewed: no additional defect identified in inspected body; offline/live limits remain,"[""Body read in current working snapshot at lines 224-226"", ""Current source body inspection"", ""kwargs['action'] == discord.AuditLogAction.role_create""]",[],[]
tests/test_default_role.py,test_invalid_role_commit_rolls_back_settings_and_journal_together,236,245,async def test_invalid_role_commit_rolls_back_settings_and_journal_together(db),Offline test/fixture/helper: await db.get_default_role(1) == 70; await db.get_default_max_members(1) == 10,source-body operation summary; detailed domain mapping belongs to mapper handoff,source-reviewed: no additional defect identified in inspected body; offline/live limits remain,"[""Body read in current working snapshot at lines 236-245"", ""Current source body inspection"", ""await db.get_default_role(1) == 70"", ""await db.get_default_max_members(1) == 10"", ""(await db.get_setup_recovery_journal(1))['phase'] == 'prepared'""]",[],[]
tests/test_default_role.py,test_legacy_seven_field_journal_loads_without_role_metadata,249,260,async def test_legacy_seven_field_journal_loads_without_role_metadata(db),Offline test/fixture/helper: view.snapshot == tuple(state['original']); view.default_role_id is None,source-body operation summary; detailed domain mapping belongs to mapper handoff,source-reviewed: no additional defect identified in inspected body; offline/live limits remain,"[""Body read in current working snapshot at lines 249-260"", ""Current source body inspection"", ""view.snapshot == tuple(state['original'])"", ""view.default_role_id is None""]",[],[]
tests/test_default_vc.py,relocation_fixture,10,23,def relocation_fixture(),"Offline test/fixture/helper: builds mocked or SQLite test state and orchestrates AsyncMock, MagicMock, discord.Permissions",source-body operation summary; detailed domain mapping belongs to mapper handoff,source-reviewed: no additional defect identified in inspected body; offline/live limits remain,"[""Body read in current working snapshot at lines 10-23"", ""Current source body inspection""]",[],[]
tests/test_default_vc.py,test_relocation_moves_to_saved_destination,27,32,async def test_relocation_moves_to_saved_destination(),"Offline test/fixture/helper: await relocate_to_default_vc(member, db, 40, 'group'); 'moved to' in member.send.call_args.args[0]",source-body operation summary; detailed domain mapping belongs to mapper handoff,source-reviewed: no additional defect identified in inspected body; offline/live limits remain,"[""Body read in current working snapshot at lines 27-32"", ""Current source body inspection"", ""await relocate_to_default_vc(member, db, 40, 'group')"", ""'moved to' in member.send.call_args.args[0]""]",[],[]
tests/test_default_vc.py,test_relocation_failures_leave_member_connected_and_notify,37,58,async def test_relocation_failures_leave_member_connected_and_notify(failure),"Offline test/fixture/helper: not await relocate_to_default_vc(member, db, 40, 'group'); not any((call.args[0] is None for call in member.move_to.await_args_list))",source-body operation summary; detailed domain mapping belongs to mapper handoff,source-reviewed: no additional defect identified in inspected body; offline/live limits remain,"[""Body read in current working snapshot at lines 37-58"", ""Current source body inspection"", ""not await relocate_to_default_vc(member, db, 40, 'group')"", ""not any((call.args[0] is None for call in member.move_to.await_args_list))""]",[],[]
tests/test_default_vc.py,test_relocation_does_not_move_a_member_who_left_the_source,62,66,async def test_relocation_does_not_move_a_member_who_left_the_source(),"Offline test/fixture/helper: not await relocate_to_default_vc(member, db, 40, 'group')",source-body operation summary; detailed domain mapping belongs to mapper handoff,source-reviewed: no additional defect identified in inspected body; offline/live limits remain,"[""Body read in current working snapshot at lines 62-66"", ""Current source body inspection"", ""not await relocate_to_default_vc(member, db, 40, 'group')""]",[],[]
tests/test_default_vc.py,test_default_vc_survives_repeat_migration_and_omitted_setting,70,84,async def test_default_vc_survives_repeat_migration_and_omitted_setting(tmp_path),Offline test/fixture/helper: await db.get_default_vc(1) == 50; await db.get_default_vc(2) is None,source-body operation summary; detailed domain mapping belongs to mapper handoff,source-reviewed: no additional defect identified in inspected body; offline/live limits remain,"[""Body read in current working snapshot at lines 70-84"", ""Current source body inspection"", ""await db.get_default_vc(1) == 50"", ""await db.get_default_vc(2) is None"", ""await restarted.get_default_vc(1) == 50""]",[],[]
tests/test_group_controls.py,test_group_owner_cannot_change_server_settings_or_purge,19,32,async def test_group_owner_cannot_change_server_settings_or_purge(command),Offline test/fixture/helper: request.followup.send.call_args.kwargs['ephemeral'] is True,source-body operation summary; detailed domain mapping belongs to mapper handoff,source-reviewed: no additional defect identified in inspected body; offline/live limits remain,"[""Body read in current working snapshot at lines 19-32"", ""Current source body inspection"", ""request.followup.send.call_args.kwargs['ephemeral'] is True""]",[],[]
tests/test_group_controls.py,member,35,46,"def member(user_id: int, name: str='vec')","Offline test/fixture/helper: builds mocked or SQLite test state and orchestrates AsyncMock, MagicMock, discord.Permissions.none",source-body operation summary; detailed domain mapping belongs to mapper handoff,source-reviewed: no additional defect identified in inspected body; offline/live limits remain,"[""Body read in current working snapshot at lines 35-46"", ""Current source body inspection""]",[],[]
tests/test_group_controls.py,interaction,49,62,"def interaction(bot, guild, user)","Offline test/fixture/helper: builds mocked or SQLite test state and orchestrates AsyncMock, MagicMock, guild.get_channel",source-body operation summary; detailed domain mapping belongs to mapper handoff,source-reviewed: no additional defect identified in inspected body; offline/live limits remain,"[""Body read in current working snapshot at lines 49-62"", ""Current source body inspection""]",[],[]
tests/test_group_controls.py,environment,65,107,def environment(),"Offline test/fixture/helper: builds mocked or SQLite test state and orchestrates AsyncMock, MagicMock, StudyGroupCog, discord.PermissionOverwrite",source-body operation summary; detailed domain mapping belongs to mapper handoff,source-reviewed: no additional defect identified in inspected body; offline/live limits remain,"[""Body read in current working snapshot at lines 65-107"", ""Current source body inspection""]",[],[]
tests/test_group_controls.py,creation,111,118,def creation(monkeypatch),"Offline test/fixture/helper: builds mocked or SQLite test state and orchestrates AsyncMock, environment, monkeypatch.setattr",source-body operation summary; detailed domain mapping belongs to mapper handoff,source-reviewed: no additional defect identified in inspected body; offline/live limits remain,"[""Body read in current working snapshot at lines 111-118"", ""Current source body inspection""]",[],[]
tests/test_group_controls.py,test_creation_sends_consent_invites_without_adding_recipients,122,148,async def test_creation_sends_consent_invites_without_adding_recipients(creation),Offline test/fixture/helper: group.member_ids == [5]; cog.bot.db.save_study_group.call_args.kwargs['study_group_data']['member_ids'] == [5],source-body operation summary; detailed domain mapping belongs to mapper handoff,source-reviewed: no additional defect identified in inspected body; offline/live limits remain,"[""Body read in current working snapshot at lines 122-148"", ""Current source body inspection"", ""group.member_ids == [5]"", ""cog.bot.db.save_study_group.call_args.kwargs['study_group_data']['member_ids'] == [5]"", ""category.create_text_channel.call_args.kwargs['overwrites'] == category.overwrites"", ""category.create_voice_channel.call_args.kwargs['overwrites'] == category.overwrites"", ""isinstance(invitation, GroupInvitationView)"", ""group.member_ids == [5, 6]"", ""group.member_ids == [5, 6]""]",[],[]
tests/test_group_controls.py,test_invite_consent_rechecks_capacity_and_rejects_other_users,152,163,async def test_invite_consent_rechecks_capacity_and_rejects_other_users(creation),Offline test/fixture/helper: group.member_ids == [5]; invitation.is_finished(),source-body operation summary; detailed domain mapping belongs to mapper handoff,source-reviewed: no additional defect identified in inspected body; offline/live limits remain,"[""Body read in current working snapshot at lines 152-163"", ""Current source body inspection"", ""group.member_ids == [5]"", ""invitation.is_finished()""]",[],[]
tests/test_group_controls.py,test_blocked_invitation_dm_does_not_add_recipient,167,177,async def test_blocked_invitation_dm_does_not_add_recipient(creation),Offline test/fixture/helper: group.member_ids == [5]; 'invitation could not be delivered' in request.followup.send.call_args.args[0],source-body operation summary; detailed domain mapping belongs to mapper handoff,source-reviewed: no additional defect identified in inspected body; offline/live limits remain,"[""Body read in current working snapshot at lines 167-177"", ""Current source body inspection"", ""group.member_ids == [5]"", ""'invitation could not be delivered' in request.followup.send.call_args.args[0]""]",[],[]
tests/test_group_controls.py,test_invite_resolves_active_group_by_name_or_channel,182,191,"async def test_invite_resolves_active_group_by_name_or_channel(group_name, channel_id)",Offline test/fixture/helper: group.send_invite.call_args.args[1] is people[7],source-body operation summary; detailed domain mapping belongs to mapper handoff,source-reviewed: no additional defect identified in inspected body; offline/live limits remain,"[""Body read in current working snapshot at lines 182-191"", ""Current source body inspection"", ""group.send_invite.call_args.args[1] is people[7]""]",[],[]
tests/test_group_controls.py,test_invite_hydrates_active_group_after_restart,196,226,"async def test_invite_hydrates_active_group_after_restart(monkeypatch, group_name)","Offline test/fixture/helper: group.member_ids == [5, 6]; group.owner_id == 5",source-body operation summary; detailed domain mapping belongs to mapper handoff,source-reviewed: no additional defect identified in inspected body; offline/live limits remain,"[""Body read in current working snapshot at lines 196-226"", ""Current source body inspection"", ""group.member_ids == [5, 6]"", ""group.owner_id == 5"", ""people[7].send.call_args.kwargs['view'].group is group""]",[],[]
tests/test_group_controls.py,test_invite_rejects_foreign_guild_record_and_does_not_switch_named_target,230,246,async def test_invite_rejects_foreign_guild_record_and_does_not_switch_named_target(),Offline test/fixture/helper: 'Could not locate' in request.followup.send.call_args.args[0],source-body operation summary; detailed domain mapping belongs to mapper handoff,source-reviewed: no additional defect identified in inspected body; offline/live limits remain,"[""Body read in current working snapshot at lines 230-246"", ""Current source body inspection"", ""'Could not locate' in request.followup.send.call_args.args[0]""]",[],[]
tests/test_group_controls.py,test_concurrent_custom_names_include_history_case_insensitively,250,257,async def test_concurrent_custom_names_include_history_case_insensitively(creation),"Offline test/fixture/helper: {group.name.casefold() for group in cog.active_study_groups.values()} == {'vec-3', 'vec-4'}",source-body operation summary; detailed domain mapping belongs to mapper handoff,source-reviewed: no additional defect identified in inspected body; offline/live limits remain,"[""Body read in current working snapshot at lines 250-257"", ""Current source body inspection"", ""{group.name.casefold() for group in cog.active_study_groups.values()} == {'vec-3', 'vec-4'}""]",[],[]
tests/test_group_controls.py,test_default_name_advances_historical_sequence_and_uses_guild_duration,261,269,async def test_default_name_advances_historical_sequence_and_uses_guild_duration(creation),Offline test/fixture/helper: group.name == 'vec-studysession-4'; group.duration == 7200,source-body operation summary; detailed domain mapping belongs to mapper handoff,source-reviewed: no additional defect identified in inspected body; offline/live limits remain,"[""Body read in current working snapshot at lines 261-269"", ""Current source body inspection"", ""group.name == 'vec-studysession-4'"", ""group.duration == 7200"", ""group.end_time == group.start_time + 7200""]",[],[]
tests/test_group_controls.py,test_invalid_name_creates_no_discord_resources,274,279,"async def test_invalid_name_creates_no_discord_resources(creation, name)",Offline test/fixture/helper: request.followup.send.call_args.kwargs['ephemeral'] is True,source-body operation summary; detailed domain mapping belongs to mapper handoff,source-reviewed: no additional defect identified in inspected body; offline/live limits remain,"[""Body read in current working snapshot at lines 274-279"", ""Current source body inspection"", ""request.followup.send.call_args.kwargs['ephemeral'] is True""]",[],[]
tests/test_group_controls.py,test_role_permission_preflight_creates_no_resources,284,294,"async def test_role_permission_preflight_creates_no_resources(creation, permission)",Offline test/fixture/helper: request.followup.send.call_args.kwargs['ephemeral'] is True,source-body operation summary; detailed domain mapping belongs to mapper handoff,source-reviewed: no additional defect identified in inspected body; offline/live limits remain,"[""Body read in current working snapshot at lines 284-294"", ""Current source body inspection"", ""request.followup.send.call_args.kwargs['ephemeral'] is True""]",[],[]
tests/test_group_controls.py,existing_group,297,306,def existing_group(),"Offline test/fixture/helper: builds mocked or SQLite test state and orchestrates AsyncMock, StudyGroup, environment",source-body operation summary; detailed domain mapping belongs to mapper handoff,source-reviewed: no additional defect identified in inspected body; offline/live limits remain,"[""Body read in current working snapshot at lines 297-306"", ""Current source body inspection""]",[],[]
tests/test_group_controls.py,test_member_and_owner_end_triggers_democratic_vote,310,320,async def test_member_and_owner_end_triggers_democratic_vote(),Offline test/fixture/helper: group.active_end_vote is not None; 6 in vote_view.yes_votes,source-body operation summary; detailed domain mapping belongs to mapper handoff,source-reviewed: no additional defect identified in inspected body; offline/live limits remain,"[""Body read in current working snapshot at lines 310-320"", ""Current source body inspection"", ""group.active_end_vote is not None"", ""6 in vote_view.yes_votes""]",[],"[""Happy-path voting assertions do not exercise departed electorate, promoted target, failed owner transfer or failed removal; VOTE-01..05 remain open""]"
tests/test_group_controls.py,test_outsiders_and_misleading_staff_role_cannot_end_or_request,324,329,async def test_outsiders_and_misleading_staff_role_cannot_end_or_request(),"Offline test/fixture/helper: builds mocked or SQLite test state and orchestrates MagicMock, existing_group, group.end_group.assert_not_awaited, group.end_group_callback",source-body operation summary; detailed domain mapping belongs to mapper handoff,source-reviewed: no additional defect identified in inspected body; offline/live limits remain,"[""Body read in current working snapshot at lines 324-329"", ""Current source body inspection""]",[],[]
tests/test_group_controls.py,test_end_request_expires_on_transfer_and_decline_keeps_running,333,345,async def test_end_request_expires_on_transfer_and_decline_keeps_running(),"Offline test/fixture/helper: builds mocked or SQLite test state and orchestrates decline.decline.callback, existing_group, group.end_group.assert_not_awaited, group.request_end",source-body operation summary; detailed domain mapping belongs to mapper handoff,source-reviewed: no additional defect identified in inspected body; offline/live limits remain,"[""Body read in current working snapshot at lines 333-345"", ""Current source body inspection""]",[],[]
tests/test_group_controls.py,test_former_creator_triggers_democratic_vote,349,358,async def test_former_creator_triggers_democratic_vote(),Offline test/fixture/helper: group.active_end_vote is not None; 5 in group.active_end_vote.yes_votes,source-body operation summary; detailed domain mapping belongs to mapper handoff,source-reviewed: no additional defect identified in inspected body; offline/live limits remain,"[""Body read in current working snapshot at lines 349-358"", ""Current source body inspection"", ""group.active_end_vote is not None"", ""5 in group.active_end_vote.yes_votes""]",[],"[""Happy-path voting assertions do not exercise departed electorate, promoted target, failed owner transfer or failed removal; VOTE-01..05 remain open""]"
tests/test_group_controls.py,test_end_vote_fails_when_members_vote_no,362,371,async def test_end_vote_fails_when_members_vote_no(),Offline test/fixture/helper: vote_view is not None; vote_view.is_finished(),source-body operation summary; detailed domain mapping belongs to mapper handoff,source-reviewed: no additional defect identified in inspected body; offline/live limits remain,"[""Body read in current working snapshot at lines 362-371"", ""Current source body inspection"", ""vote_view is not None"", ""vote_view.is_finished()""]",[],"[""Happy-path voting assertions do not exercise departed electorate, promoted target, failed owner transfer or failed removal; VOTE-01..05 remain open""]"
tests/test_group_controls.py,test_persisted_end_request_rechecks_current_owner,375,402,async def test_persisted_end_request_rechecks_current_owner(monkeypatch),"Offline test/fixture/helper: builds mocked or SQLite test state and orchestrates AsyncMock, StudyGroupCog.end_group.callback, cog.bot.db.delete_study_group.assert_not_awaited, end_group.assert_not_awaited",source-body operation summary; detailed domain mapping belongs to mapper handoff,source-reviewed: no additional defect identified in inspected body; offline/live limits remain,"[""Body read in current working snapshot at lines 375-402"", ""Current source body inspection""]",[],[]
tests/test_group_controls.py,test_staff_moderator_ends_directly_without_vote,406,411,async def test_staff_moderator_ends_directly_without_vote(),Offline test/fixture/helper: group.active_end_vote is None,source-body operation summary; detailed domain mapping belongs to mapper handoff,source-reviewed: no additional defect identified in inspected body; offline/live limits remain,"[""Body read in current working snapshot at lines 406-411"", ""Current source body inspection"", ""group.active_end_vote is None""]",[],"[""Happy-path voting assertions do not exercise departed electorate, promoted target, failed owner transfer or failed removal; VOTE-01..05 remain open""]"
tests/test_group_controls.py,test_single_member_owner_ends_directly,415,419,async def test_single_member_owner_ends_directly(),"Offline test/fixture/helper: builds mocked or SQLite test state and orchestrates existing_group, group.end_group.assert_awaited_once_with, group.end_group_callback, interaction",source-body operation summary; detailed domain mapping belongs to mapper handoff,source-reviewed: no additional defect identified in inspected body; offline/live limits remain,"[""Body read in current working snapshot at lines 415-419"", ""Current source body inspection""]",[],[]
tests/test_group_controls.py,test_votekick_staff_member_is_immune,423,433,async def test_votekick_staff_member_is_immune(),Offline test/fixture/helper: 7 in group.member_ids; 'Staff members are immune' in request.followup.send.call_args.args[0],source-body operation summary; detailed domain mapping belongs to mapper handoff,source-reviewed: no additional defect identified in inspected body; offline/live limits remain,"[""Body read in current working snapshot at lines 423-433"", ""Current source body inspection"", ""7 in group.member_ids"", ""'Staff members are immune' in request.followup.send.call_args.args[0]"", ""7 not in group.active_votekicks""]",[],"[""Happy-path voting assertions do not exercise departed electorate, promoted target, failed owner transfer or failed removal; VOTE-01..05 remain open""]"
tests/test_group_controls.py,test_votekick_owner_succeeds_and_transfers_ownership,437,457,async def test_votekick_owner_succeeds_and_transfers_ownership(),Offline test/fixture/helper: 5 in group.active_votekicks; 6 in vote_view.kick_votes,source-body operation summary; detailed domain mapping belongs to mapper handoff,source-reviewed: no additional defect identified in inspected body; offline/live limits remain,"[""Body read in current working snapshot at lines 437-457"", ""Current source body inspection"", ""5 in group.active_votekicks"", ""6 in vote_view.kick_votes"", ""5 not in group.member_ids"", ""group.owner_id == 6"", ""vote_view.is_finished()""]",[],"[""Happy-path voting assertions do not exercise departed electorate, promoted target, failed owner transfer or failed removal; VOTE-01..05 remain open""]"
tests/test_group_controls.py,test_votekick_fails_when_members_vote_keep,461,478,async def test_votekick_fails_when_members_vote_keep(),Offline test/fixture/helper: 7 in group.member_ids; vote_view.is_finished(),source-body operation summary; detailed domain mapping belongs to mapper handoff,source-reviewed: no additional defect identified in inspected body; offline/live limits remain,"[""Body read in current working snapshot at lines 461-478"", ""Current source body inspection"", ""7 in group.member_ids"", ""vote_view.is_finished()""]",[],"[""Happy-path voting assertions do not exercise departed electorate, promoted target, failed owner transfer or failed removal; VOTE-01..05 remain open""]"
tests/test_group_controls.py,test_votekick_self_prevented,482,486,async def test_votekick_self_prevented(),Offline test/fixture/helper: 'cannot votekick yourself' in request.followup.send.call_args.args[0],source-body operation summary; detailed domain mapping belongs to mapper handoff,source-reviewed: no additional defect identified in inspected body; offline/live limits remain,"[""Body read in current working snapshot at lines 482-486"", ""Current source body inspection"", ""'cannot votekick yourself' in request.followup.send.call_args.args[0]""]",[],"[""Happy-path voting assertions do not exercise departed electorate, promoted target, failed owner transfer or failed removal; VOTE-01..05 remain open""]"
tests/test_group_controls.py,test_votekick_select_menu_button,490,496,async def test_votekick_select_menu_button(),"Offline test/fixture/helper: view is not None; isinstance(view, VotekickSelectView)",source-body operation summary; detailed domain mapping belongs to mapper handoff,source-reviewed: no additional defect identified in inspected body; offline/live limits remain,"[""Body read in current working snapshot at lines 490-496"", ""Current source body inspection"", ""view is not None"", ""isinstance(view, VotekickSelectView)""]",[],"[""Happy-path voting assertions do not exercise departed electorate, promoted target, failed owner transfer or failed removal; VOTE-01..05 remain open""]"
tests/test_group_controls.py,test_video_requirement_accepts_camera_or_screen_share,501,513,"async def test_video_requirement_accepts_camera_or_screen_share(monkeypatch, camera, stream)","Offline test/fixture/helper: builds mocked or SQLite test state and orchestrates AsyncMock, MagicMock, existing_group, group._enforce_video",source-body operation summary; detailed domain mapping belongs to mapper handoff,source-reviewed: no additional defect identified in inspected body; offline/live limits remain,"[""Body read in current working snapshot at lines 501-513"", ""Current source body inspection""]",[],[]
tests/test_group_controls.py,test_video_requirement_relocates_only_when_both_are_off,517,531,async def test_video_requirement_relocates_only_when_both_are_off(monkeypatch),Offline test/fixture/helper: 'camera or screen sharing' in participant.send.call_args.args[0],source-body operation summary; detailed domain mapping belongs to mapper handoff,source-reviewed: no additional defect identified in inspected body; offline/live limits remain,"[""Body read in current working snapshot at lines 517-531"", ""Current source body inspection"", ""'camera or screen sharing' in participant.send.call_args.args[0]""]",[],[]
tests/test_guild_persistence.py,test_checkin_settings_restart_isolated_and_applied_to_current_sessions,17,51,async def test_checkin_settings_restart_isolated_and_applied_to_current_sessions(tmp_path),"Offline test/fixture/helper: session.member_ids == [5, 6, 7]; (session.max_members, session.max_absences, session.max_breaks) == (2, 7, 4)",source-body operation summary; detailed domain mapping belongs to mapper handoff,source-reviewed: no additional defect identified in inspected body; offline/live limits remain,"[""Body read in current working snapshot at lines 17-51"", ""Current source body inspection"", ""session.member_ids == [5, 6, 7]"", ""(session.max_members, session.max_absences, session.max_breaks) == (2, 7, 4)"", ""foreign.max_members == 10"", ""(await db.get_checkin_guild_settings(1))['whitelist_channels'] == [20]"", ""restored.guild_settings[1].max_members == 2"", ""restored.guild_settings[2].max_members == 15"", ""(recovered.max_members, recovered.max_absences, recovered.max_breaks) == (2, 7, 4)"", ""recovered.member_ids == [5, 6, 7]""]",[],[]
tests/test_guild_persistence.py,test_checkin_settings_failed_write_preserves_memory_and_session_policy,55,63,async def test_checkin_settings_failed_write_preserves_memory_and_session_policy(),Offline test/fixture/helper: cog.guild_settings[1] is original; session.max_members == 10,source-body operation summary; detailed domain mapping belongs to mapper handoff,source-reviewed: no additional defect identified in inspected body; offline/live limits remain,"[""Body read in current working snapshot at lines 55-63"", ""Current source body inspection"", ""cog.guild_settings[1] is original"", ""session.max_members == 10""]",[],[]
tests/test_guild_persistence.py,test_checkin_settings_cancelled_save_finishes_db_and_memory_before_cancellation,67,84,async def test_checkin_settings_cancelled_save_finishes_db_and_memory_before_cancellation(),Offline test/fixture/helper: not task.done(); cog.guild_settings[1].max_members == session.max_members == 3,source-body operation summary; detailed domain mapping belongs to mapper handoff,source-reviewed: no additional defect identified in inspected body; offline/live limits remain,"[""Body read in current working snapshot at lines 67-84"", ""Current source body inspection"", ""not task.done()"", ""cog.guild_settings[1].max_members == session.max_members == 3""]",[],[]
tests/test_guild_persistence.py,test_checkin_settings_cancelled_save_finishes_db_and_memory_before_cancellation.save,71,73,async def save(*args),"Offline test/fixture/helper: builds mocked or SQLite test state and orchestrates entered.set, release.wait",source-body operation summary; detailed domain mapping belongs to mapper handoff,source-reviewed: no additional defect identified in inspected body; offline/live limits remain,"[""Body read in current working snapshot at lines 71-73"", ""Current source body inspection""]",[],[]
tests/test_guild_persistence.py,test_malformed_checkin_settings_fail_closed_without_replacing_them,88,103,async def test_malformed_checkin_settings_fail_closed_without_replacing_them(),Offline test/fixture/helper: 1 not in cog.guild_settings; await db.get_checkin_guild_settings(2) is None,source-body operation summary; detailed domain mapping belongs to mapper handoff,source-reviewed: no additional defect identified in inspected body; offline/live limits remain,"[""Body read in current working snapshot at lines 88-103"", ""Current source body inspection"", ""1 not in cog.guild_settings"", ""await db.get_checkin_guild_settings(2) is None""]",[],[]
tests/test_guild_persistence.py,test_checkin_failed_delete_keeps_active_state_and_retry_removes_it,107,125,async def test_checkin_failed_delete_keeps_active_state_and_retry_removes_it(),Offline test/fixture/helper: session.session_id in cog.active_sessions; not session.end_session_event.is_set(),source-body operation summary; detailed domain mapping belongs to mapper handoff,source-reviewed: no additional defect identified in inspected body; offline/live limits remain,"[""Body read in current working snapshot at lines 107-125"", ""Current source body inspection"", ""session.session_id in cog.active_sessions"", ""not session.end_session_event.is_set()"", ""(await db.fetch_active_checkin_sessions())[0]['session_id'] == session.session_id"", ""session.end_session_event.is_set()"", ""session.session_id not in cog.active_sessions"", ""await db.fetch_active_checkin_sessions() == []""]",[],[]
tests/test_guild_persistence.py,test_checkin_failed_button_cleanup_cannot_leave_deleted_session_in_memory,129,138,async def test_checkin_failed_button_cleanup_cannot_leave_deleted_session_in_memory(),Offline test/fixture/helper: session.end_session_event.is_set(); session.session_id not in cog.active_sessions,source-body operation summary; detailed domain mapping belongs to mapper handoff,source-reviewed: no additional defect identified in inspected body; offline/live limits remain,"[""Body read in current working snapshot at lines 129-138"", ""Current source body inspection"", ""session.end_session_event.is_set()"", ""session.session_id not in cog.active_sessions"", ""not session.member_ids""]",[],[]
tests/test_guild_persistence.py,test_repeated_cancellation_drains_failed_operation_and_preserves_cancellation,142,159,async def test_repeated_cancellation_drains_failed_operation_and_preserves_cancellation(caplog),Offline test/fixture/helper: 'Cancelled operation failed' in caplog.text,source-body operation summary; detailed domain mapping belongs to mapper handoff,source-reviewed: no additional defect identified in inspected body; offline/live limits remain,"[""Body read in current working snapshot at lines 142-159"", ""Current source body inspection"", ""'Cancelled operation failed' in caplog.text""]",[],[]
tests/test_guild_persistence.py,test_repeated_cancellation_drains_failed_operation_and_preserves_cancellation.fail,145,148,async def fail(),"Offline test/fixture/helper: builds mocked or SQLite test state and orchestrates entered.set, release.wait, sqlite3.OperationalError",source-body operation summary; detailed domain mapping belongs to mapper handoff,source-reviewed: no additional defect identified in inspected body; offline/live limits remain,"[""Body read in current working snapshot at lines 145-148"", ""Current source body inspection""]",[],[]
tests/test_guild_persistence.py,test_group_creation_and_join_limits_count_only_current_guild,163,178,async def test_group_creation_and_join_limits_count_only_current_guild(),"Offline test/fixture/helper: await db.add_member_to_study_group_db('three', 5); await db.get_user_created_group_count(5, 1) == 1",source-body operation summary; detailed domain mapping belongs to mapper handoff,source-reviewed: no additional defect identified in inspected body; offline/live limits remain,"[""Body read in current working snapshot at lines 163-178"", ""Current source body inspection"", ""await db.add_member_to_study_group_db('three', 5)"", ""await db.get_user_created_group_count(5, 1) == 1"", ""await db.get_user_created_group_count(5, 2) == 1"", ""await db.get_user_joined_group_count(5, 1) == 1"", ""await db.get_user_joined_group_count(5, 2) == 2"", ""await db.get_user_joined_group_count(5) == 0""]",[],[]
tests/test_guild_persistence.py,test_tracking_id_cannot_be_reused_for_another_guild_or_group,182,194,async def test_tracking_id_cannot_be_reused_for_another_guild_or_group(),"Offline test/fixture/helper: await db.get_session_productivity_focus_seconds('tracking', 1, 'group') == {5: 60}; await db.get_session_productivity_focus_seconds('tracking', 2, 'group') == {}",source-body operation summary; detailed domain mapping belongs to mapper handoff,source-reviewed: no additional defect identified in inspected body; offline/live limits remain,"[""Body read in current working snapshot at lines 182-194"", ""Current source body inspection"", ""await db.get_session_productivity_focus_seconds('tracking', 1, 'group') == {5: 60}"", ""await db.get_session_productivity_focus_seconds('tracking', 2, 'group') == {}"", ""await db.get_productivity_focus_seconds(6, 1) == 0""]",[],[]
tests/test_guild_persistence.py,test_guild_grants_legacy_and_database_level_five_never_become_global,198,223,async def test_guild_grants_legacy_and_database_level_five_never_become_global(),"Offline test/fixture/helper: await manager.get_permission_level(1, 5) == PermissionLevel.SUPREME_COMMANDER; await manager.get_permission_level(2, 5) == PermissionLevel.SUPREME_COMMANDER",source-body operation summary; detailed domain mapping belongs to mapper handoff,source-reviewed: no additional defect identified in inspected body; offline/live limits remain,"[""Body read in current working snapshot at lines 198-223"", ""Current source body inspection"", ""await manager.get_permission_level(1, 5) == PermissionLevel.SUPREME_COMMANDER"", ""await manager.get_permission_level(2, 5) == PermissionLevel.SUPREME_COMMANDER"", ""await manager.get_permission_level(1, 7) == PermissionLevel.REGULAR_USER"", ""await manager.get_permission_level(1, 8) == PermissionLevel.REGULAR_USER"", ""await manager.get_permission_level(1, 9) == PermissionLevel.BOT_DEVELOPER"", ""await manager.get_permission_level(2, 9) == PermissionLevel.REGULAR_USER"", ""db.conn.execute('SELECT COUNT(*) FROM managers WHERE guild_id IS NULL').fetchone()[0] == 1""]",[],[]
tests/test_guild_persistence.py,test_session_alias_requires_matching_guild_provenance,226,231,def test_session_alias_requires_matching_guild_provenance(),"Offline test/fixture/helper: cog._get_session({'group_id': 'same', 'guild_id': 1}) is None; cog._get_session({'group_id': 'same'}) is None",source-body operation summary; detailed domain mapping belongs to mapper handoff,source-reviewed: no additional defect identified in inspected body; offline/live limits remain,"[""Body read in current working snapshot at lines 226-231"", ""Current source body inspection"", ""cog._get_session({'group_id': 'same', 'guild_id': 1}) is None"", ""cog._get_session({'group_id': 'same'}) is None""]",[],[]
tests/test_manager_roles_and_perms.py,_create_interaction,9,16,def _create_interaction(),"Offline test/fixture/helper: builds mocked or SQLite test state and orchestrates AsyncMock, MagicMock",source-body operation summary; detailed domain mapping belongs to mapper handoff,source-reviewed: no additional defect identified in inspected body; offline/live limits remain,"[""Body read in current working snapshot at lines 9-16"", ""Current source body inspection""]",[],[]
tests/test_manager_roles_and_perms.py,test_remove_bot_developer_authorized,20,45,async def test_remove_bot_developer_authorized(),Offline test/fixture/helper: 'has been removed as a bot developer' in mock_send.call_args.args[1],source-body operation summary; detailed domain mapping belongs to mapper handoff,source-reviewed: no additional defect identified in inspected body; offline/live limits remain,"[""Body read in current working snapshot at lines 20-45"", ""Current source body inspection"", ""'has been removed as a bot developer' in mock_send.call_args.args[1]""]",[],[]
tests/test_manager_roles_and_perms.py,test_remove_bot_developer_rejects_primary,49,70,async def test_remove_bot_developer_rejects_primary(),Offline test/fixture/helper: 'Supreme Commander' in mock_send.call_args.args[1],source-body operation summary; detailed domain mapping belongs to mapper handoff,source-reviewed: no additional defect identified in inspected body; offline/live limits remain,"[""Body read in current working snapshot at lines 49-70"", ""Current source body inspection"", ""'Supreme Commander' in mock_send.call_args.args[1]""]",[],[]
tests/test_manager_roles_and_perms.py,test_self_role_update_attempt_blocks_and_dms,74,134,async def test_self_role_update_attempt_blocks_and_dms(),Offline test/fixture/helper: 'Self-Role Update Attempt' in embed.title; 'Go away peasent' in mock_send.call_args.args[1],source-body operation summary; detailed domain mapping belongs to mapper handoff,source-reviewed: no additional defect identified in inspected body; offline/live limits remain,"[""Body read in current working snapshot at lines 74-134"", ""Current source body inspection"", ""'Self-Role Update Attempt' in embed.title"", ""'Go away peasent' in mock_send.call_args.args[1]"", ""'You cannot update your own roles or permissions.' in mock_send.call_args.args[1]""]",[],[]
tests/test_manager_roles_and_perms.py,test_self_role_update_attempt_blocks_and_dms.fetch_user,89,94,async def fetch_user(uid),Offline test/fixture/helper: builds mocked or SQLite test state and orchestrates ,source-body operation summary; detailed domain mapping belongs to mapper handoff,source-reviewed: no additional defect identified in inspected body; offline/live limits remain,"[""Body read in current working snapshot at lines 89-94"", ""Current source body inspection""]",[],[]
tests/test_manager_roles_and_perms.py,test_add_guild_manager_rejects_non_server_member,138,161,async def test_add_guild_manager_rejects_non_server_member(),Offline test/fixture/helper: 'This user is not a member of this server.' in mock_send.call_args.args[1],source-body operation summary; detailed domain mapping belongs to mapper handoff,source-reviewed: no additional defect identified in inspected body; offline/live limits remain,"[""Body read in current working snapshot at lines 138-161"", ""Current source body inspection"", ""'This user is not a member of this server.' in mock_send.call_args.args[1]""]",[],[]
tests/test_manager_roles_and_perms.py,test_remove_guild_manager_rejects_non_server_non_manager,165,187,async def test_remove_guild_manager_rejects_non_server_non_manager(),Offline test/fixture/helper: 'This user is not a member of this server.' in mock_send.call_args.args[1],source-body operation summary; detailed domain mapping belongs to mapper handoff,source-reviewed: no additional defect identified in inspected body; offline/live limits remain,"[""Body read in current working snapshot at lines 165-187"", ""Current source body inspection"", ""'This user is not a member of this server.' in mock_send.call_args.args[1]""]",[],[]
tests/test_manager_roles_and_perms.py,test_remove_guild_manager_rejects_member_non_manager,191,213,async def test_remove_guild_manager_rejects_member_non_manager(),Offline test/fixture/helper: 'is not a guild manager for this server.' in mock_send.call_args.args[1],source-body operation summary; detailed domain mapping belongs to mapper handoff,source-reviewed: no additional defect identified in inspected body; offline/live limits remain,"[""Body read in current working snapshot at lines 191-213"", ""Current source body inspection"", ""'is not a guild manager for this server.' in mock_send.call_args.args[1]""]",[],[]
tests/test_manager_roles_and_perms.py,test_leave_group_fallback_rejects_non_group_member,217,241,async def test_leave_group_fallback_rejects_non_group_member(),Offline test/fixture/helper: 'You are not a member of study group' in mock_send.call_args.args[1],source-body operation summary; detailed domain mapping belongs to mapper handoff,source-reviewed: no additional defect identified in inspected body; offline/live limits remain,"[""Body read in current working snapshot at lines 217-241"", ""Current source body inspection"", ""'You are not a member of study group' in mock_send.call_args.args[1]""]",[],"[""Negative assertion names remove_member_from_group rather than runtime remove_member_from_study_group_db; not effective evidence of no deletion""]"
tests/test_new_features.py,track_response,16,20,def track_response(interaction),Offline test/fixture/helper: builds mocked or SQLite test state and orchestrates ,source-body operation summary; detailed domain mapping belongs to mapper handoff,source-reviewed: no additional defect identified in inspected body; offline/live limits remain,"[""Body read in current working snapshot at lines 16-20"", ""Current source body inspection""]",[],[]
tests/test_new_features.py,track_response.sent,17,18,"async def sent(*args, **kwargs)",Offline test/fixture/helper: builds mocked or SQLite test state and orchestrates ,source-body operation summary; detailed domain mapping belongs to mapper handoff,source-reviewed: no additional defect identified in inspected body; offline/live limits remain,"[""Body read in current working snapshot at lines 17-18"", ""Current source body inspection""]",[],[]
tests/test_new_features.py,TestPomodoroRatioAndFeatures.test_ratio_calculations,24,41,def test_ratio_calculations(self),Offline test/fixture/helper: builds mocked or SQLite test state and orchestrates calculate_pomodoro_ratio,source-body operation summary; detailed domain mapping belongs to mapper handoff,source-reviewed: no additional defect identified in inspected body; offline/live limits remain,"[""Body read in current working snapshot at lines 24-41"", ""Current source body inspection""]",[],[]
tests/test_new_features.py,TestPomodoroRatioAndFeatures.test_voice_join_does_not_start_sessions_without_consent,43,46,def test_voice_join_does_not_start_sessions_without_consent(self),"Offline test/fixture/helper: builds mocked or SQLite test state and orchestrates MagicMock, Pomodoro, cog.get_listeners",source-body operation summary; detailed domain mapping belongs to mapper handoff,source-reviewed: no additional defect identified in inspected body; offline/live limits remain,"[""Body read in current working snapshot at lines 43-46"", ""Current source body inspection""]",[],[]
tests/test_new_features.py,TestPomodoroRatioAndFeatures.test_start_pomodoro_require_vc_false,48,96,def test_start_pomodoro_require_vc_false(self),"Offline test/fixture/helper: builds mocked or SQLite test state and orchestrates AsyncMock, MagicMock, Pomodoro, asyncio.run",source-body operation summary; detailed domain mapping belongs to mapper handoff,source-reviewed: no additional defect identified in inspected body; offline/live limits remain,"[""Body read in current working snapshot at lines 48-96"", ""Current source body inspection""]",[],[]
tests/test_new_features.py,TestPomodoroRatioAndFeatures.test_start_pomodoro_require_vc_false.run_test,49,94,async def run_test(),"Offline test/fixture/helper: builds mocked or SQLite test state and orchestrates AsyncMock, MagicMock, Pomodoro, cog.start_pomodoro.callback",source-body operation summary; detailed domain mapping belongs to mapper handoff,source-reviewed: no additional defect identified in inspected body; offline/live limits remain,"[""Body read in current working snapshot at lines 49-94"", ""Current source body inspection""]",[],[]
tests/test_new_features.py,TestPomodoroRatioAndFeatures.test_start_pomodoro_acknowledges_privately_before_followup,98,131,def test_start_pomodoro_acknowledges_privately_before_followup(self),"Offline test/fixture/helper: builds mocked or SQLite test state and orchestrates AsyncMock, MagicMock, Pomodoro, asyncio.run",source-body operation summary; detailed domain mapping belongs to mapper handoff,source-reviewed: no additional defect identified in inspected body; offline/live limits remain,"[""Body read in current working snapshot at lines 98-131"", ""Current source body inspection""]",[],[]
tests/test_new_features.py,TestPomodoroRatioAndFeatures.test_start_pomodoro_acknowledges_privately_before_followup.run_test,99,129,async def run_test(),"Offline test/fixture/helper: builds mocked or SQLite test state and orchestrates AsyncMock, MagicMock, Pomodoro, cog.start_pomodoro.callback",source-body operation summary; detailed domain mapping belongs to mapper handoff,source-reviewed: no additional defect identified in inspected body; offline/live limits remain,"[""Body read in current working snapshot at lines 99-129"", ""Current source body inspection""]",[],[]
tests/test_new_features.py,TestPomodoroRatioAndFeatures.test_edit_pomodoro_command,133,176,def test_edit_pomodoro_command(self),"Offline test/fixture/helper: builds mocked or SQLite test state and orchestrates AsyncMock, MagicMock, Pomodoro, asyncio.run",source-body operation summary; detailed domain mapping belongs to mapper handoff,source-reviewed: no additional defect identified in inspected body; offline/live limits remain,"[""Body read in current working snapshot at lines 133-176"", ""Current source body inspection""]",[],[]
tests/test_new_features.py,TestPomodoroRatioAndFeatures.test_edit_pomodoro_command.run_test,134,174,async def run_test(),"Offline test/fixture/helper: builds mocked or SQLite test state and orchestrates AsyncMock, MagicMock, Pomodoro, cog.edit_pomodoro.callback",source-body operation summary; detailed domain mapping belongs to mapper handoff,source-reviewed: no additional defect identified in inspected body; offline/live limits remain,"[""Body read in current working snapshot at lines 134-174"", ""Current source body inspection""]",[],[]
tests/test_new_features.py,TestPomodoroRatioAndFeatures.test_strict_notification_routing,178,213,def test_strict_notification_routing(self),"Offline test/fixture/helper: builds mocked or SQLite test state and orchestrates AsyncMock, MagicMock, Pomodoro, asyncio.run",source-body operation summary; detailed domain mapping belongs to mapper handoff,source-reviewed: no additional defect identified in inspected body; offline/live limits remain,"[""Body read in current working snapshot at lines 178-213"", ""Current source body inspection""]",[],[]
tests/test_new_features.py,TestPomodoroRatioAndFeatures.test_strict_notification_routing.run_test,179,211,async def run_test(),"Offline test/fixture/helper: builds mocked or SQLite test state and orchestrates AsyncMock, MagicMock, Pomodoro, cog.send_notification",source-body operation summary; detailed domain mapping belongs to mapper handoff,source-reviewed: no additional defect identified in inspected body; offline/live limits remain,"[""Body read in current working snapshot at lines 179-211"", ""Current source body inspection""]",[],[]
tests/test_new_features.py,TestPomodoroRatioAndFeatures.test_strict_notification_routing.run_test.get_channel_mock,191,196,def get_channel_mock(cid),Offline test/fixture/helper: builds mocked or SQLite test state and orchestrates ,source-body operation summary; detailed domain mapping belongs to mapper handoff,source-reviewed: no additional defect identified in inspected body; offline/live limits remain,"[""Body read in current working snapshot at lines 191-196"", ""Current source body inspection""]",[],[]
tests/test_new_features.py,TestCheckinPrompts.test_100_adhd_prompts,217,224,def test_100_adhd_prompts(self),"Offline test/fixture/helper: builds mocked or SQLite test state and orchestrates any, len, set",source-body operation summary; detailed domain mapping belongs to mapper handoff,source-reviewed: no additional defect identified in inspected body; offline/live limits remain,"[""Body read in current working snapshot at lines 217-224"", ""Current source body inspection""]",[],[]
tests/test_new_features.py,TestEndGroupFallbackCleanup.test_end_group_fallback_deletes_channels_and_roles,228,280,def test_end_group_fallback_deletes_channels_and_roles(self),"Offline test/fixture/helper: builds mocked or SQLite test state and orchestrates AsyncMock, MagicMock, StudyGroupCog, asyncio.run",source-body operation summary; detailed domain mapping belongs to mapper handoff,source-reviewed: no additional defect identified in inspected body; offline/live limits remain,"[""Body read in current working snapshot at lines 228-280"", ""Current source body inspection""]",[],[]
tests/test_new_features.py,TestEndGroupFallbackCleanup.test_end_group_fallback_deletes_channels_and_roles.run_test,229,278,async def run_test(),"Offline test/fixture/helper: builds mocked or SQLite test state and orchestrates AsyncMock, MagicMock, StudyGroupCog, bot.db.delete_study_group.assert_called_once_with",source-body operation summary; detailed domain mapping belongs to mapper handoff,source-reviewed: no additional defect identified in inspected body; offline/live limits remain,"[""Body read in current working snapshot at lines 229-278"", ""Current source body inspection""]",[],[]
tests/test_new_features.py,TestEndGroupFallbackCleanup.test_end_group_fallback_deletes_channels_and_roles.run_test.get_channel_mock,249,254,def get_channel_mock(cid),Offline test/fixture/helper: builds mocked or SQLite test state and orchestrates ,source-body operation summary; detailed domain mapping belongs to mapper handoff,source-reviewed: no additional defect identified in inspected body; offline/live limits remain,"[""Body read in current working snapshot at lines 249-254"", ""Current source body inspection""]",[],[]
tests/test_new_features.py,TestTaskListGroupScoping.test_task_list_embed_limit_safety,284,316,def test_task_list_embed_limit_safety(self),"Offline test/fixture/helper: builds mocked or SQLite test state and orchestrates AsyncMock, MagicMock, TaskList, asyncio.run",source-body operation summary; detailed domain mapping belongs to mapper handoff,source-reviewed: no additional defect identified in inspected body; offline/live limits remain,"[""Body read in current working snapshot at lines 284-316"", ""Current source body inspection""]",[],[]
tests/test_new_features.py,TestTaskListGroupScoping.test_task_list_embed_limit_safety.run_test,285,314,async def run_test(),"Offline test/fixture/helper: builds mocked or SQLite test state and orchestrates AsyncMock, MagicMock, TaskList, cog.list_tasks.callback",source-body operation summary; detailed domain mapping belongs to mapper handoff,source-reviewed: no additional defect identified in inspected body; offline/live limits remain,"[""Body read in current working snapshot at lines 285-314"", ""Current source body inspection""]",[],[]
tests/test_new_features.py,TestListGroupsMemberSync.test_list_groups_uses_persisted_roster_by_group_uuid,320,347,def test_list_groups_uses_persisted_roster_by_group_uuid(self),"Offline test/fixture/helper: builds mocked or SQLite test state and orchestrates AsyncMock, MagicMock, StudyGroupCog, asyncio.run",source-body operation summary; detailed domain mapping belongs to mapper handoff,source-reviewed: no additional defect identified in inspected body; offline/live limits remain,"[""Body read in current working snapshot at lines 320-347"", ""Current source body inspection""]",[],[]
tests/test_new_features.py,TestListGroupsMemberSync.test_list_groups_uses_persisted_roster_by_group_uuid.run_test,321,345,async def run_test(),"Offline test/fixture/helper: builds mocked or SQLite test state and orchestrates AsyncMock, MagicMock, StudyGroupCog, bot.db.fetch_members_of_group.assert_awaited_once_with",source-body operation summary; detailed domain mapping belongs to mapper handoff,source-reviewed: no additional defect identified in inspected body; offline/live limits remain,"[""Body read in current working snapshot at lines 321-345"", ""Current source body inspection""]",[],[]
tests/test_new_features.py,TestStudyGroupEmbedIntegration.test_group_info_embed_with_pomodoro_and_checkin,351,454,def test_group_info_embed_with_pomodoro_and_checkin(self),"Offline test/fixture/helper: builds mocked or SQLite test state and orchestrates AsyncMock, MagicMock, StudyGroup, any",source-body operation summary; detailed domain mapping belongs to mapper handoff,source-reviewed: no additional defect identified in inspected body; offline/live limits remain,"[""Body read in current working snapshot at lines 351-454"", ""Current source body inspection""]",[],[]
tests/test_new_features.py,TestStudyGroupEmbedIntegration.test_group_info_embed_with_pomodoro_and_checkin.run_test,352,452,async def run_test(),"Offline test/fixture/helper: builds mocked or SQLite test state and orchestrates AsyncMock, MagicMock, StudyGroup, any",source-body operation summary; detailed domain mapping belongs to mapper handoff,source-reviewed: no additional defect identified in inspected body; offline/live limits remain,"[""Body read in current working snapshot at lines 352-452"", ""Current source body inspection""]",[],[]
tests/test_new_features.py,TestStudyGroupEmbedIntegration.test_group_info_embed_with_pomodoro_and_checkin.run_test.get_channel_mock,382,387,def get_channel_mock(cid),Offline test/fixture/helper: builds mocked or SQLite test state and orchestrates ,source-body operation summary; detailed domain mapping belongs to mapper handoff,source-reviewed: no additional defect identified in inspected body; offline/live limits remain,"[""Body read in current working snapshot at lines 382-387"", ""Current source body inspection""]",[],[]
tests/test_new_features.py,TestStudyGroupEmbedIntegration.test_group_info_embed_with_pomodoro_and_checkin.run_test.get_cog_mock,419,424,def get_cog_mock(name),Offline test/fixture/helper: builds mocked or SQLite test state and orchestrates ,source-body operation summary; detailed domain mapping belongs to mapper handoff,source-reviewed: no additional defect identified in inspected body; offline/live limits remain,"[""Body read in current working snapshot at lines 419-424"", ""Current source body inspection""]",[],[]
tests/test_pomodoro_recovery.py,new_cog,15,28,def new_cog(bot),"Offline test/fixture/helper: builds mocked or SQLite test state and orchestrates AsyncMock, MagicMock, Pomodoro",source-body operation summary; detailed domain mapping belongs to mapper handoff,source-reviewed: no additional defect identified in inspected body; offline/live limits remain,"[""Body read in current working snapshot at lines 15-28"", ""Current source body inspection""]",[],[]
tests/test_pomodoro_recovery.py,new_cog.start,21,23,def start(),Offline test/fixture/helper: builds mocked or SQLite test state and orchestrates ,source-body operation summary; detailed domain mapping belongs to mapper handoff,source-reviewed: no additional defect identified in inspected body; offline/live limits remain,"[""Body read in current working snapshot at lines 21-23"", ""Current source body inspection""]",[],[]
tests/test_pomodoro_recovery.py,runtime,32,76,async def runtime(),"Offline test/fixture/helper: builds mocked or SQLite test state and orchestrates DBHandler, MagicMock, PomodoroSession, datetime.now",source-body operation summary; detailed domain mapping belongs to mapper handoff,source-reviewed: no additional defect identified in inspected body; offline/live limits remain,"[""Body read in current working snapshot at lines 32-76"", ""Current source body inspection""]",[],[]
tests/test_pomodoro_recovery.py,test_real_database_recovery_preserves_paused_state_and_consent,80,117,async def test_real_database_recovery_preserves_paused_state_and_consent(runtime),"Offline test/fixture/helper: recovered is restored.sessions[group['id']] is restored.sessions[str(group['id'])]; (recovered.current_stage, recovered.cycles, recovered.timer, recovered.is_paused) == ('long_break', 4, 150, True)",source-body operation summary; detailed domain mapping belongs to mapper handoff,source-reviewed: no additional defect identified in inspected body; offline/live limits remain,"[""Body read in current working snapshot at lines 80-117"", ""Current source body inspection"", ""recovered is restored.sessions[group['id']] is restored.sessions[str(group['id'])]"", ""(recovered.current_stage, recovered.cycles, recovered.timer, recovered.is_paused) == ('long_break', 4, 150, True)"", ""recovered.expires_at == session.expires_at and recovered.expires_at.tzinfo == timezone.utc"", ""recovered.warned_deadline == session.warned_deadline"", ""recovered.participants == {10, 11}"", ""recovered.current_session_marked == {10}"", ""recovered.dropped_out_members == {11}"", ""recovered.absent_counts == {10: 1, 11: 4}"", ""recovered.tracking_id == session.tracking_id"", ""recovered.focus_seconds == session.focus_seconds"", ""await db.get_productivity_focus_seconds(10, 42) == 57.0""]",[],[]
tests/test_pomodoro_recovery.py,test_offline_elapsed_crosses_stages_without_attendance_or_focus_credit,121,141,async def test_offline_elapsed_crosses_stages_without_attendance_or_focus_credit(runtime),"Offline test/fixture/helper: (recovered.current_stage, recovered.cycles) == ('focus', 4); recovered.timer == pytest.approx(100, abs=1)",source-body operation summary; detailed domain mapping belongs to mapper handoff,source-reviewed: no additional defect identified in inspected body; offline/live limits remain,"[""Body read in current working snapshot at lines 121-141"", ""Current source body inspection"", ""(recovered.current_stage, recovered.cycles) == ('focus', 4)"", ""recovered.timer == pytest.approx(100, abs=1)"", ""recovered.absent_counts == {10: 1}"", ""not recovered.current_session_marked"", ""recovered.focus_seconds == {10: 57.0}"", ""await db.get_productivity_focus_seconds(10, 42) == 57.0"", ""restored.sessions[GROUP_ID] is recovered""]",[],[]
tests/test_pomodoro_recovery.py,test_malformed_runtime_is_retired,164,171,"async def test_malformed_runtime_is_retired(runtime, changes)",Offline test/fixture/helper: not restored.sessions; await db.get_active_pomodoro_runtime() == [],source-body operation summary; detailed domain mapping belongs to mapper handoff,source-reviewed: no additional defect identified in inspected body; offline/live limits remain,"[""Body read in current working snapshot at lines 164-171"", ""Current source body inspection"", ""not restored.sessions"", ""await db.get_active_pomodoro_runtime() == []""]",[],[]
tests/test_pomodoro_recovery.py,test_restore_rejects_nonfinite_timer,176,185,"async def test_restore_rejects_nonfinite_timer(runtime, timer)","Offline test/fixture/helper: builds mocked or SQLite test state and orchestrates cog._restore_session, cog._runtime_state, cog.bot.get_guild, float",source-body operation summary; detailed domain mapping belongs to mapper handoff,source-reviewed: no additional defect identified in inspected body; offline/live limits remain,"[""Body read in current working snapshot at lines 176-185"", ""Current source body inspection""]",[],[]
tests/test_pomodoro_recovery.py,test_recovery_rejects_wrong_scope_and_unavailable_channels,190,215,"async def test_recovery_rejects_wrong_scope_and_unavailable_channels(runtime, failure)",Offline test/fixture/helper: not restored.sessions; await db.get_active_pomodoro_runtime() == [],source-body operation summary; detailed domain mapping belongs to mapper handoff,source-reviewed: no additional defect identified in inspected body; offline/live limits remain,"[""Body read in current working snapshot at lines 190-215"", ""Current source body inspection"", ""not restored.sessions"", ""await db.get_active_pomodoro_runtime() == []""]",[],[]
tests/test_pomodoro_recovery.py,test_retirement_is_durable_and_late_timer_save_cannot_resurrect,220,232,"async def test_retirement_is_durable_and_late_timer_save_cannot_resurrect(runtime, expired)",Offline test/fixture/helper: not restored.sessions and (not cog.sessions); await db.get_active_pomodoro_runtime() == [],source-body operation summary; detailed domain mapping belongs to mapper handoff,source-reviewed: no additional defect identified in inspected body; offline/live limits remain,"[""Body read in current working snapshot at lines 220-232"", ""Current source body inspection"", ""not restored.sessions and (not cog.sessions)"", ""await db.get_active_pomodoro_runtime() == []""]",[],[]
tests/test_pomodoro_recovery.py,test_inflight_save_finishes_before_retirement,236,253,"async def test_inflight_save_finishes_before_retirement(runtime, monkeypatch)",Offline test/fixture/helper: await db.get_active_pomodoro_runtime() == []; not cog.sessions,source-body operation summary; detailed domain mapping belongs to mapper handoff,source-reviewed: no additional defect identified in inspected body; offline/live limits remain,"[""Body read in current working snapshot at lines 236-253"", ""Current source body inspection"", ""await db.get_active_pomodoro_runtime() == []"", ""not cog.sessions""]",[],[]
tests/test_pomodoro_recovery.py,test_inflight_save_finishes_before_retirement.blocked_save,241,244,async def blocked_save(*args),"Offline test/fixture/helper: builds mocked or SQLite test state and orchestrates entered.set, original, release.wait",source-body operation summary; detailed domain mapping belongs to mapper handoff,source-reviewed: no additional defect identified in inspected body; offline/live limits remain,"[""Body read in current working snapshot at lines 241-244"", ""Current source body inspection""]",[],[]
tests/test_pomodoro_recovery.py,test_only_observed_present_focus_time_is_measured,267,286,"async def test_only_observed_present_focus_time_is_measured(runtime, monkeypatch, stage, paused, present, dropped, expected)","Offline test/fixture/helper: session.focus_seconds.get(10, 0.0) == expected; await db.get_productivity_focus_seconds(10, 42) == expected",source-body operation summary; detailed domain mapping belongs to mapper handoff,source-reviewed: no additional defect identified in inspected body; offline/live limits remain,"[""Body read in current working snapshot at lines 267-286"", ""Current source body inspection"", ""session.focus_seconds.get(10, 0.0) == expected"", ""await db.get_productivity_focus_seconds(10, 42) == expected"", ""await db.get_productivity_focus_seconds(10, 42) == expected""]",[],[]
tests/test_pomodoro_recovery.py,test_stage_change_and_automatic_pause_are_saved_immediately,291,305,"async def test_stage_change_and_automatic_pause_are_saved_immediately(runtime, monkeypatch, all_absent)",Offline test/fixture/helper: state['is_paused'] is all_absent; state['current_stage'] == ('focus' if all_absent else 'short_break'),source-body operation summary; detailed domain mapping belongs to mapper handoff,source-reviewed: no additional defect identified in inspected body; offline/live limits remain,"[""Body read in current working snapshot at lines 291-305"", ""Current source body inspection"", ""state['is_paused'] is all_absent"", ""state['current_stage'] == ('focus' if all_absent else 'short_break')"", ""restored.sessions[GROUP_ID].is_paused is all_absent""]",[],[]
tests/test_pomodoro_recovery.py,test_absent_response_never_earns_focus_time,309,321,"async def test_absent_response_never_earns_focus_time(runtime, monkeypatch)",Offline test/fixture/helper: 10 in session.current_session_marked; session.focus_seconds == {},source-body operation summary; detailed domain mapping belongs to mapper handoff,source-reviewed: no additional defect identified in inspected body; offline/live limits remain,"[""Body read in current working snapshot at lines 309-321"", ""Current source body inspection"", ""10 in session.current_session_marked"", ""session.focus_seconds == {}"", ""await db.get_productivity_focus_seconds(10, 42) == 0""]",[],[]
tests/test_pomodoro_recovery.py,test_focus_credit_requires_current_voice_presence,326,334,"async def test_focus_credit_requires_current_voice_presence(runtime, monkeypatch, require_vc, in_voice, expected)","Offline test/fixture/helper: session.focus_seconds.get(10, 0) == expected",source-body operation summary; detailed domain mapping belongs to mapper handoff,source-reviewed: no additional defect identified in inspected body; offline/live limits remain,"[""Body read in current working snapshot at lines 326-334"", ""Current source body inspection"", ""session.focus_seconds.get(10, 0) == expected""]",[],[]
tests/test_pomodoro_recovery.py,test_gateway_disconnect_excludes_unobserved_focus,338,348,"async def test_gateway_disconnect_excludes_unobserved_focus(runtime, monkeypatch)","Offline test/fixture/helper: session.focus_seconds == {}; session.focus_seconds.get(10, 0) == 0",source-body operation summary; detailed domain mapping belongs to mapper handoff,source-reviewed: no additional defect identified in inspected body; offline/live limits remain,"[""Body read in current working snapshot at lines 338-348"", ""Current source body inspection"", ""session.focus_seconds == {}"", ""session.focus_seconds.get(10, 0) == 0""]",[],[]
tests/test_pomodoro_recovery.py,test_fractional_ticks_limit_credit_and_preserve_countdown_on_restart,352,374,"async def test_fractional_ticks_limit_credit_and_preserve_countdown_on_restart(runtime, monkeypatch)","Offline test/fixture/helper: session.focus_seconds[10] == pytest.approx(20); (session.current_stage, session.cycles) == ('short_break', 1)",source-body operation summary; detailed domain mapping belongs to mapper handoff,source-reviewed: no additional defect identified in inspected body; offline/live limits remain,"[""Body read in current working snapshot at lines 352-374"", ""Current source body inspection"", ""session.focus_seconds[10] == pytest.approx(20)"", ""(session.current_stage, session.cycles) == ('short_break', 1)"", ""session.timer == pytest.approx(102)"", ""restored.sessions[GROUP_ID].timer == pytest.approx(102)"", ""await db.get_productivity_focus_seconds(10, 42) == pytest.approx(20)""]",[],[]
tests/test_pomodoro_recovery.py,test_tick_overflow_advances_unobserved_blocks_without_extra_credit_or_absences,378,389,"async def test_tick_overflow_advances_unobserved_blocks_without_extra_credit_or_absences(runtime, monkeypatch)","Offline test/fixture/helper: session.focus_seconds == {10: 1}; (session.current_stage, session.cycles, session.timer) == ('short_break', 2, 108.5)",source-body operation summary; detailed domain mapping belongs to mapper handoff,source-reviewed: no additional defect identified in inspected body; offline/live limits remain,"[""Body read in current working snapshot at lines 378-389"", ""Current source body inspection"", ""session.focus_seconds == {10: 1}"", ""(session.current_stage, session.cycles, session.timer) == ('short_break', 2, 108.5)"", ""session.absent_counts == {10: 3}"", ""not session.dropped_out_members and (not session.is_paused)""]",[],[]
tests/test_pomodoro_recovery.py,test_disconnect_stage_boundary_preserves_attendance_and_reconnects_once,394,415,"async def test_disconnect_stage_boundary_preserves_attendance_and_reconnects_once(runtime, monkeypatch, tick_while_disconnected)","Offline test/fixture/helper: (session.current_stage, session.cycles, session.timer) == ('focus', 4, 100.5); session.focus_seconds == {}",source-body operation summary; detailed domain mapping belongs to mapper handoff,source-reviewed: no additional defect identified in inspected body; offline/live limits remain,"[""Body read in current working snapshot at lines 394-415"", ""Current source body inspection"", ""(session.current_stage, session.cycles, session.timer) == ('focus', 4, 100.5)"", ""session.focus_seconds == {}"", ""session.absent_counts == {10: 3}"", ""not session.dropped_out_members and (not session.is_paused)"", ""(await db.get_active_pomodoro_runtime())[0]['state']['timer'] == 100.5""]",[],[]
tests/test_pomodoro_recovery.py,test_subsecond_tick_does_not_round_up_countdown,419,428,"async def test_subsecond_tick_does_not_round_up_countdown(runtime, monkeypatch)",Offline test/fixture/helper: session.current_stage == 'focus'; session.timer == pytest.approx(0.4),source-body operation summary; detailed domain mapping belongs to mapper handoff,source-reviewed: no additional defect identified in inspected body; offline/live limits remain,"[""Body read in current working snapshot at lines 419-428"", ""Current source body inspection"", ""session.current_stage == 'focus'"", ""session.timer == pytest.approx(0.4)"", ""session.focus_seconds[10] == pytest.approx(0.1)""]",[],[]
tests/test_pomodoro_recovery.py,test_recovery_reconciles_analytics_ahead_of_runtime,432,445,"async def test_recovery_reconciles_analytics_ahead_of_runtime(runtime, monkeypatch)",Offline test/fixture/helper: restored.sessions[GROUP_ID].focus_seconds[10] == 20,source-body operation summary; detailed domain mapping belongs to mapper handoff,source-reviewed: no additional defect identified in inspected body; offline/live limits remain,"[""Body read in current working snapshot at lines 432-445"", ""Current source body inspection"", ""restored.sessions[GROUP_ID].focus_seconds[10] == 20""]",[],[]
tests/test_pomodoro_recovery.py,test_failed_final_analytics_keeps_counters_recoverable,449,466,"async def test_failed_final_analytics_keeps_counters_recoverable(runtime, monkeypatch)",Offline test/fixture/helper: cog.sessions[GROUP_ID] is session; session.is_paused and session.focus_seconds == {10: 25},source-body operation summary; detailed domain mapping belongs to mapper handoff,source-reviewed: no additional defect identified in inspected body; offline/live limits remain,"[""Body read in current working snapshot at lines 449-466"", ""Current source body inspection"", ""cog.sessions[GROUP_ID] is session"", ""session.is_paused and session.focus_seconds == {10: 25}"", ""(await db.get_active_pomodoro_runtime())[0]['state']['focus_seconds'] == {'10': 25}"", ""await db.get_productivity_focus_seconds(10, 42) == 25"", ""await db.get_active_pomodoro_runtime() == []""]",[],[]
tests/test_pomodoro_recovery.py,active_group,469,483,def active_group(runtime),"Offline test/fixture/helper: builds mocked or SQLite test state and orchestrates AsyncMock, StudyGroup, StudyGroupCog, bot.get_guild",source-body operation summary; detailed domain mapping belongs to mapper handoff,source-reviewed: no additional defect identified in inspected body; offline/live limits remain,"[""Body read in current working snapshot at lines 469-483"", ""Current source body inspection""]",[],[]
tests/test_pomodoro_recovery.py,test_group_final_focus_failure_is_private_and_retry_tears_down_once,487,521,"async def test_group_final_focus_failure_is_private_and_retry_tears_down_once(runtime, monkeypatch)",Offline test/fixture/helper: 'Run /end_group again' in request.followup.send.call_args.args[0]; request.followup.send.call_args.kwargs['ephemeral'] is True,source-body operation summary; detailed domain mapping belongs to mapper handoff,source-reviewed: no additional defect identified in inspected body; offline/live limits remain,"[""Body read in current working snapshot at lines 487-521"", ""Current source body inspection"", ""'Run /end_group again' in request.followup.send.call_args.args[0]"", ""request.followup.send.call_args.kwargs['ephemeral'] is True"", ""group.active and (not group.ending) and (not group.ended)"", ""(await db.fetch_study_group_by_id(GROUP_ID))['active'] == 1"", ""pomo.sessions[GROUP_ID] is session and session.focus_seconds == {10: 25.5}"", ""(await db.get_active_pomodoro_runtime())[0]['state']['focus_seconds'] == {'10': 25.5}"", ""group.ended and (not group.active)"", ""await group.end_group(delay=0)"", ""await db.get_productivity_focus_seconds(10, 42) == 25.5"", ""await db.get_active_pomodoro_runtime() == []"", ""not pomo.sessions and (not cog.active_study_groups)"", ""(await db.fetch_study_group_by_id(GROUP_ID))['active'] == 0""]",[],[]
tests/test_pomodoro_recovery.py,test_group_expiry_monitor_survives_ending_and_failed_final_focus,525,562,"async def test_group_expiry_monitor_survives_ending_and_failed_final_focus(runtime, monkeypatch)","Offline test/fixture/helper: await asyncio.wait_for(waiting.get(), 2) == 60; not monitor.done()",source-body operation summary; detailed domain mapping belongs to mapper handoff,source-reviewed: no additional defect identified in inspected body; offline/live limits remain,"[""Body read in current working snapshot at lines 525-562"", ""Current source body inspection"", ""await asyncio.wait_for(waiting.get(), 2) == 60"", ""not monitor.done()"", ""await asyncio.wait_for(waiting.get(), 2) == 60"", ""group.active and (not monitor.done())"", ""group.ended"", ""await db.get_productivity_focus_seconds(10, 42) == 25""]",[],[]
tests/test_pomodoro_recovery.py,test_group_expiry_monitor_survives_ending_and_failed_final_focus.controlled_sleep,537,539,async def controlled_sleep(seconds),"Offline test/fixture/helper: builds mocked or SQLite test state and orchestrates resume.get, waiting.put",source-body operation summary; detailed domain mapping belongs to mapper handoff,source-reviewed: no additional defect identified in inspected body; offline/live limits remain,"[""Body read in current working snapshot at lines 537-539"", ""Current source body inspection""]",[],[]
tests/test_pomodoro_recovery.py,test_group_expiry_monitor_survives_ending_and_failed_final_focus.end_without_delay,541,542,async def end_without_delay(**kwargs),Offline test/fixture/helper: builds mocked or SQLite test state and orchestrates StudyGroup.end_group,source-body operation summary; detailed domain mapping belongs to mapper handoff,source-reviewed: no additional defect identified in inspected body; offline/live limits remain,"[""Body read in current working snapshot at lines 541-542"", ""Current source body inspection""]",[],[]
tests/test_productivity_time.py,test_focus_totals_are_monotonic_isolated_and_survive_restart,7,27,async def test_focus_totals_are_monotonic_isolated_and_survive_restart(tmp_path),"Offline test/fixture/helper: await db.get_productivity_focus_seconds(5, 1) == 60; await db.get_productivity_focus_seconds(5, 2) == 120",source-body operation summary; detailed domain mapping belongs to mapper handoff,source-reviewed: no additional defect identified in inspected body; offline/live limits remain,"[""Body read in current working snapshot at lines 7-27"", ""Current source body inspection"", ""await db.get_productivity_focus_seconds(5, 1) == 60"", ""await db.get_productivity_focus_seconds(5, 2) == 120"", ""await db.get_productivity_focus_seconds(6, 1) == 30"", ""await db.get_productivity_focus_seconds(7, 1) == 0"", ""await db.get_productivity_focus_seconds(5) == 0"", ""await restarted.get_productivity_focus_seconds(5, 1) == 60"", ""await restarted.get_productivity_focus_seconds(5, 2) == 120""]",[],[]
tests/test_productivity_time.py,test_focus_totals_reject_invalid_values_without_partial_write,32,40,async def test_focus_totals_reject_invalid_values_without_partial_write(value),"Offline test/fixture/helper: await db.get_productivity_focus_seconds(5, 1) == 0",source-body operation summary; detailed domain mapping belongs to mapper handoff,source-reviewed: no additional defect identified in inspected body; offline/live limits remain,"[""Body read in current working snapshot at lines 32-40"", ""Current source body inspection"", ""await db.get_productivity_focus_seconds(5, 1) == 0""]",[],[]
tests/test_productivity_tracker.py,MockDBHandler.get_user_tasks,15,22,"async def get_user_tasks(self, user_id)",Offline test/fixture/helper: builds mocked or SQLite test state and orchestrates ,source-body operation summary; detailed domain mapping belongs to mapper handoff,source-reviewed: no additional defect identified in inspected body; offline/live limits remain,"[""Body read in current working snapshot at lines 15-22"", ""Current source body inspection""]",[],[]
tests/test_productivity_tracker.py,MockDBHandler.get_productivity_focus_seconds,24,25,"async def get_productivity_focus_seconds(self, user_id, guild_id=None)",Offline test/fixture/helper: builds mocked or SQLite test state and orchestrates ,source-body operation summary; detailed domain mapping belongs to mapper handoff,source-reviewed: no additional defect identified in inspected body; offline/live limits remain,"[""Body read in current working snapshot at lines 24-25"", ""Current source body inspection""]",[],[]
tests/test_productivity_tracker.py,TestProductivityService.setUp,29,31,def setUp(self),"Offline test/fixture/helper: builds mocked or SQLite test state and orchestrates MockDBHandler, ProductivityService",source-body operation summary; detailed domain mapping belongs to mapper handoff,source-reviewed: no additional defect identified in inspected body; offline/live limits remain,"[""Body read in current working snapshot at lines 29-31"", ""Current source body inspection""]",[],[]
tests/test_productivity_tracker.py,TestProductivityService.test_calculate_efficiency,33,35,def test_calculate_efficiency(self),Offline test/fixture/helper: builds mocked or SQLite test state and orchestrates self.service.calculate_efficiency,source-body operation summary; detailed domain mapping belongs to mapper handoff,source-reviewed: no additional defect identified in inspected body; offline/live limits remain,"[""Body read in current working snapshot at lines 33-35"", ""Current source body inspection""]",[],[]
tests/test_productivity_tracker.py,TestProductivityService.test_metrics_use_attended_focus_and_zero_when_untracked,37,48,def test_metrics_use_attended_focus_and_zero_when_untracked(self),"Offline test/fixture/helper: builds mocked or SQLite test state and orchestrates asyncio.run, run_test, self.service.get_productivity_metrics",source-body operation summary; detailed domain mapping belongs to mapper handoff,source-reviewed: no additional defect identified in inspected body; offline/live limits remain,"[""Body read in current working snapshot at lines 37-48"", ""Current source body inspection""]",[],[]
tests/test_productivity_tracker.py,TestProductivityService.test_metrics_use_attended_focus_and_zero_when_untracked.run_test,38,46,async def run_test(),Offline test/fixture/helper: builds mocked or SQLite test state and orchestrates self.service.get_productivity_metrics,source-body operation summary; detailed domain mapping belongs to mapper handoff,source-reviewed: no additional defect identified in inspected body; offline/live limits remain,"[""Body read in current working snapshot at lines 38-46"", ""Current source body inspection""]",[],[]
tests/test_productivity_tracker.py,TestProductivityService.test_efficiency_uses_unrounded_focus_hours,50,59,def test_efficiency_uses_unrounded_focus_hours(self),"Offline test/fixture/helper: builds mocked or SQLite test state and orchestrates AsyncMock, ProductivityService, ProductivityService(db).get_productivity_metrics, asyncio.run",source-body operation summary; detailed domain mapping belongs to mapper handoff,source-reviewed: no additional defect identified in inspected body; offline/live limits remain,"[""Body read in current working snapshot at lines 50-59"", ""Current source body inspection""]",[],[]
tests/test_productivity_tracker.py,TestProductivityService.test_efficiency_uses_unrounded_focus_hours.run_test,51,57,async def run_test(),"Offline test/fixture/helper: builds mocked or SQLite test state and orchestrates AsyncMock, ProductivityService, ProductivityService(db).get_productivity_metrics",source-body operation summary; detailed domain mapping belongs to mapper handoff,source-reviewed: no additional defect identified in inspected body; offline/live limits remain,"[""Body read in current working snapshot at lines 51-57"", ""Current source body inspection""]",[],[]
tests/test_productivity_tracker.py,TestProductivityService.test_get_tasks_completed,61,68,def test_get_tasks_completed(self),"Offline test/fixture/helper: builds mocked or SQLite test state and orchestrates asyncio.run, run_test, self.service.get_tasks_completed",source-body operation summary; detailed domain mapping belongs to mapper handoff,source-reviewed: no additional defect identified in inspected body; offline/live limits remain,"[""Body read in current working snapshot at lines 61-68"", ""Current source body inspection""]",[],[]
tests/test_productivity_tracker.py,TestProductivityService.test_get_tasks_completed.run_test,62,66,async def run_test(),Offline test/fixture/helper: builds mocked or SQLite test state and orchestrates self.service.get_tasks_completed,source-body operation summary; detailed domain mapping belongs to mapper handoff,source-reviewed: no additional defect identified in inspected body; offline/live limits remain,"[""Body read in current working snapshot at lines 62-66"", ""Current source body inspection""]",[],[]
tests/test_productivity_tracker.py,TestProductivityTrackerCog.setUp,72,75,def setUp(self),"Offline test/fixture/helper: builds mocked or SQLite test state and orchestrates MagicMock, MockDBHandler, ProductivityTracker",source-body operation summary; detailed domain mapping belongs to mapper handoff,source-reviewed: no additional defect identified in inspected body; offline/live limits remain,"[""Body read in current working snapshot at lines 72-75"", ""Current source body inspection""]",[],[]
tests/test_productivity_tracker.py,TestProductivityTrackerCog.test_productivity_command,77,97,def test_productivity_command(self),"Offline test/fixture/helper: builds mocked or SQLite test state and orchestrates AsyncMock, asyncio.run, len, mock_interaction.followup.send.assert_called_once",source-body operation summary; detailed domain mapping belongs to mapper handoff,source-reviewed: no additional defect identified in inspected body; offline/live limits remain,"[""Body read in current working snapshot at lines 77-97"", ""Current source body inspection""]",[],[]
tests/test_productivity_tracker.py,TestProductivityTrackerCog.test_productivity_command.run_test,78,95,async def run_test(),"Offline test/fixture/helper: builds mocked or SQLite test state and orchestrates AsyncMock, len, mock_interaction.followup.send.assert_called_once, self.cog.productivity.callback",source-body operation summary; detailed domain mapping belongs to mapper handoff,source-reviewed: no additional defect identified in inspected body; offline/live limits remain,"[""Body read in current working snapshot at lines 78-95"", ""Current source body inspection""]",[],[]
tests/test_release_fixes.py,interaction,15,26,def interaction(user_id=123),"Offline test/fixture/helper: builds mocked or SQLite test state and orchestrates AsyncMock, MagicMock",source-body operation summary; detailed domain mapping belongs to mapper handoff,source-reviewed: no additional defect identified in inspected body; offline/live limits remain,"[""Body read in current working snapshot at lines 15-26"", ""Current source body inspection""]",[],[]
tests/test_release_fixes.py,group_fixture,29,48,def group_fixture(),"Offline test/fixture/helper: builds mocked or SQLite test state and orchestrates AsyncMock, MagicMock, StudyGroup, StudyGroupCog",source-body operation summary; detailed domain mapping belongs to mapper handoff,source-reviewed: no additional defect identified in inspected body; offline/live limits remain,"[""Body read in current working snapshot at lines 29-48"", ""Current source body inspection""]",[],[]
tests/test_release_fixes.py,test_legacy_migration_preserves_groups_and_rosters,53,88,async def test_legacy_migration_preserves_groups_and_rosters(schema),Offline test/fixture/helper: group is not None; group['id'] == 7 and group['group_id'] == '7',source-body operation summary; detailed domain mapping belongs to mapper handoff,source-reviewed: no additional defect identified in inspected body; offline/live limits remain,"[""Body read in current working snapshot at lines 53-88"", ""Current source body inspection"", ""group is not None"", ""group['id'] == 7 and group['group_id'] == '7'"", ""group['name'] == 'Legacy' and group['start_time'] == 100"", ""await db.fetch_members_of_group('7') == [123]"", ""await db.get_study_group_by_channel(30) is None"", ""db.conn.execute('SELECT active FROM study_groups WHERE id = ?', (7,)).fetchone()[0] == 0""]",[],[]
tests/test_release_fixes.py,test_mod_log_setting_survives_migration_and_can_be_disabled,92,105,async def test_mod_log_setting_survives_migration_and_can_be_disabled(),Offline test/fixture/helper: await db.get_mod_log_channel(99) == 50; await db.get_group_category(99) == 20,source-body operation summary; detailed domain mapping belongs to mapper handoff,source-reviewed: no additional defect identified in inspected body; offline/live limits remain,"[""Body read in current working snapshot at lines 92-105"", ""Current source body inspection"", ""await db.get_mod_log_channel(99) == 50"", ""await db.get_group_category(99) == 20"", ""await db.get_mod_log_channel(100) is None"", ""await db.get_mod_log_channel(99) is None""]",[],[]
tests/test_release_fixes.py,test_voice_toggle_preserves_connect_and_persists,110,126,async def test_voice_toggle_preserves_connect_and_persists(permission),"Offline test/fixture/helper: overwrite.connect is True; getattr(overwrite, permission) == (permission == 'stream')",source-body operation summary; detailed domain mapping belongs to mapper handoff,source-reviewed: no additional defect identified in inspected body; offline/live limits remain,"[""Body read in current working snapshot at lines 110-126"", ""Current source body inspection"", ""overwrite.connect is True"", ""getattr(overwrite, permission) == (permission == 'stream')"", ""channel.set_permissions.await_count == (2 if permission == 'speak' else 1)"", ""group.video_mode == 'force'"", ""targets == {role, group.guild.default_role}"", ""all((call.kwargs['overwrite'].speak is False for call in channel.set_permissions.await_args_list))""]",[],[]
tests/test_release_fixes.py,test_force_video_relocates_member_after_timer,130,152,async def test_force_video_relocates_member_after_timer(monkeypatch),"Offline test/fixture/helper: sleep.await_args_list[0].args == (30,); sleep.await_args_list[1].args == (30,)",source-body operation summary; detailed domain mapping belongs to mapper handoff,source-reviewed: no additional defect identified in inspected body; offline/live limits remain,"[""Body read in current working snapshot at lines 130-152"", ""Current source body inspection"", ""sleep.await_args_list[0].args == (30,)"", ""sleep.await_args_list[1].args == (30,)"", ""member.id not in group.video_enforcement_tasks""]",[],[]
tests/test_release_fixes.py,test_voice_toggle_rejects_non_owner_and_discord_failure,156,165,async def test_voice_toggle_rejects_non_owner_and_discord_failure(),Offline test/fixture/helper: group.speak_enabled is True,source-body operation summary; detailed domain mapping belongs to mapper handoff,source-reviewed: no additional defect identified in inspected body; offline/live limits remain,"[""Body read in current working snapshot at lines 156-165"", ""Current source body inspection"", ""group.speak_enabled is True""]",[],[]
tests/test_release_fixes.py,test_invitation_adds_only_after_recipient_accepts,169,183,async def test_invitation_adds_only_after_recipient_accepts(),Offline test/fixture/helper: 456 not in group.member_ids; not await view.interaction_check(interaction(789)),source-body operation summary; detailed domain mapping belongs to mapper handoff,source-reviewed: no additional defect identified in inspected body; offline/live limits remain,"[""Body read in current working snapshot at lines 169-183"", ""Current source body inspection"", ""456 not in group.member_ids"", ""not await view.interaction_check(interaction(789))"", ""456 not in group.member_ids"", ""456 in group.member_ids"", ""view.is_finished()""]",[],[]
tests/test_release_fixes.py,test_invitation_rechecks_capacity_lifecycle_and_expiry,188,200,async def test_invitation_rechecks_capacity_lifecycle_and_expiry(closed),Offline test/fixture/helper: 456 not in group.member_ids,source-body operation summary; detailed domain mapping belongs to mapper handoff,source-reviewed: no additional defect identified in inspected body; offline/live limits remain,"[""Body read in current working snapshot at lines 188-200"", ""Current source body inspection"", ""456 not in group.member_ids""]",[],[]
tests/test_release_fixes.py,test_undeliverable_invitation_does_not_add_member,204,211,async def test_undeliverable_invitation_does_not_add_member(),Offline test/fixture/helper: 456 not in group.member_ids,source-body operation summary; detailed domain mapping belongs to mapper handoff,source-reviewed: no additional defect identified in inspected body; offline/live limits remain,"[""Body read in current working snapshot at lines 204-211"", ""Current source body inspection"", ""456 not in group.member_ids""]",[],[]
tests/test_release_fixes.py,test_task_menus_are_scoped_to_group_and_owner,216,238,async def test_task_menus_are_scoped_to_group_and_owner(action),Offline test/fixture/helper: not await view.interaction_check(interaction(456)); await view.interaction_check(interaction()),source-body operation summary; detailed domain mapping belongs to mapper handoff,source-reviewed: no additional defect identified in inspected body; offline/live limits remain,"[""Body read in current working snapshot at lines 216-238"", ""Current source body inspection"", ""not await view.interaction_check(interaction(456))"", ""await view.interaction_check(interaction())"", ""select.options[0].value == '5'"", ""'AB12' in select.options[0].label""]",[],[]
tests/test_release_fixes.py,test_task_delete_empty_menu_and_dm_public_acknowledgement,242,251,async def test_task_delete_empty_menu_and_dm_public_acknowledgement(),"Offline test/fixture/helper: builds mocked or SQLite test state and orchestrates AsyncMock, MagicMock, TaskList, cog.delete_task.callback",source-body operation summary; detailed domain mapping belongs to mapper handoff,source-reviewed: no additional defect identified in inspected body; offline/live limits remain,"[""Body read in current working snapshot at lines 242-251"", ""Current source body inspection""]",[],[]
tests/test_release_fixes.py,test_task_list_defaults_to_global_scope_and_true_lists_all_groups,255,297,async def test_task_list_defaults_to_global_scope_and_true_lists_all_groups(),Offline test/fixture/helper: request.followup.send.call_args.kwargs['ephemeral'] is True,source-body operation summary; detailed domain mapping belongs to mapper handoff,source-reviewed: no additional defect identified in inspected body; offline/live limits remain,"[""Body read in current working snapshot at lines 255-297"", ""Current source body inspection"", ""request.followup.send.call_args.kwargs['ephemeral'] is True""]",[],[]
tests/test_release_fixes.py,test_voice_command_errors_are_private_in_commands_channel,301,335,async def test_voice_command_errors_are_private_in_commands_channel(),"Offline test/fixture/helper: builds mocked or SQLite test state and orchestrates AsyncMock, MagicMock, VoiceChannels, cog.create_vc.callback",source-body operation summary; detailed domain mapping belongs to mapper handoff,source-reviewed: no additional defect identified in inspected body; offline/live limits remain,"[""Body read in current working snapshot at lines 301-335"", ""Current source body inspection""]",[],[]
tests/test_release_fixes.py,test_task_purge_removes_only_owners_bot_task_messages,339,361,async def test_task_purge_removes_only_owners_bot_task_messages(),Offline test/fixture/helper: check(message); not check(message),source-body operation summary; detailed domain mapping belongs to mapper handoff,source-reviewed: no additional defect identified in inspected body; offline/live limits remain,"[""Body read in current working snapshot at lines 339-361"", ""Current source body inspection"", ""check(message)"", ""not check(message)"", ""not check(message)"", ""not check(message)""]",[],[]
tests/test_release_fixes.py,test_deleted_channel_cleanup_result_falls_back_to_dm,365,377,async def test_deleted_channel_cleanup_result_falls_back_to_dm(),"Offline test/fixture/helper: builds mocked or SQLite test state and orchestrates MagicMock, discord.NotFound, group.cog._send_cleanup_result, group_fixture",source-body operation summary; detailed domain mapping belongs to mapper handoff,source-reviewed: no additional defect identified in inspected body; offline/live limits remain,"[""Body read in current working snapshot at lines 365-377"", ""Current source body inspection""]",[],[]
tests/test_release_fixes.py,test_group_actions_log_without_pinging,381,396,async def test_group_actions_log_without_pinging(),Offline test/fixture/helper: kwargs['embed'].title == 'Study group created'; not kwargs['allowed_mentions'].users,source-body operation summary; detailed domain mapping belongs to mapper handoff,source-reviewed: no additional defect identified in inspected body; offline/live limits remain,"[""Body read in current working snapshot at lines 381-396"", ""Current source body inspection"", ""kwargs['embed'].title == 'Study group created'"", ""not kwargs['allowed_mentions'].users"", ""log_channel.send.await_count == 1""]",[],[]
tests/test_release_fixes.py,test_standalone_command_matrix_asserts_all_54_flows,400,401,async def test_standalone_command_matrix_asserts_all_54_flows(),"Offline test/fixture/helper: await run_all_feature_tests() == (54, 54)",source-body operation summary; detailed domain mapping belongs to mapper handoff,source-reviewed: no additional defect identified in inspected body; offline/live limits remain,"[""Body read in current working snapshot at lines 400-401"", ""Current source body inspection"", ""await run_all_feature_tests() == (54, 54)""]",[],[]
tests/test_release_fixes.py,test_earliest_schema_retains_legacy_roles_rosters_and_allows_new_groups,405,439,async def test_earliest_schema_retains_legacy_roles_rosters_and_allows_new_groups(),Offline test/fixture/helper: old is not None; old['id'] == 7 and old['owner_id'] == 123,source-body operation summary; detailed domain mapping belongs to mapper handoff,source-reviewed: no additional defect identified in inspected body; offline/live limits remain,"[""Body read in current working snapshot at lines 405-439"", ""Current source body inspection"", ""old is not None"", ""old['id'] == 7 and old['owner_id'] == 123"", ""old['max_members'] == 8 and old['group_role_id'] == 50 and (old['vc_id'] == 40)"", ""old['admin_role_id'] == 55 and old['end_time'] == 200"", ""await db.fetch_members_of_group('7') == [456]"", ""created is not None and created['max_size'] == 4"", ""await db.fetch_members_of_group('7') == []""]",[],[]
tests/test_release_fixes.py,test_group_resave_preserves_primary_key_and_ended_groups_are_excluded,443,470,async def test_group_resave_preserves_primary_key_and_ended_groups_are_excluded(),Offline test/fixture/helper: old is not None; updated is not None and updated['id'] == old['id'] and (updated['max_members'] == 8),source-body operation summary; detailed domain mapping belongs to mapper handoff,source-reviewed: no additional defect identified in inspected body; offline/live limits remain,"[""Body read in current working snapshot at lines 443-470"", ""Current source body inspection"", ""old is not None"", ""updated is not None and updated['id'] == old['id'] and (updated['max_members'] == 8)"", ""len(await db.get_study_groups_of_user(123, 99)) == 1"", ""await db.get_all_study_groups(99) == []"", ""await db.get_user_group(123, 30) is None"", ""await db.get_study_groups_of_user(123, 99) == []"", ""await db.fetch_study_group_by_name('Physics', '99') is None"", ""await db.get_study_group(99) is None"", ""await db.get_study_group_by_channel(30) is None""]",[],[]
tests/test_release_fixes.py,test_simultaneous_invitation_and_command_join_respect_capacity,474,489,async def test_simultaneous_invitation_and_command_join_respect_capacity(),Offline test/fixture/helper: len(group.member_ids) == 2; len(set(group.member_ids)) == 2,source-body operation summary; detailed domain mapping belongs to mapper handoff,source-reviewed: no additional defect identified in inspected body; offline/live limits remain,"[""Body read in current working snapshot at lines 474-489"", ""Current source body inspection"", ""len(group.member_ids) == 2"", ""len(set(group.member_ids)) == 2""]",[],[]
tests/test_release_fixes.py,test_simultaneous_invitation_and_command_join_respect_capacity.add_role,480,481,async def add_role(*args),Offline test/fixture/helper: builds mocked or SQLite test state and orchestrates asyncio.sleep,source-body operation summary; detailed domain mapping belongs to mapper handoff,source-reviewed: no additional defect identified in inspected body; offline/live limits remain,"[""Body read in current working snapshot at lines 480-481"", ""Current source body inspection""]",[],[]
tests/test_release_fixes.py,test_failed_invitation_admission_leaves_roster_unchanged,494,511,async def test_failed_invitation_admission_leaves_roster_unchanged(failure),Offline test/fixture/helper: group.member_ids == [123],source-body operation summary; detailed domain mapping belongs to mapper handoff,source-reviewed: no additional defect identified in inspected body; offline/live limits remain,"[""Body read in current working snapshot at lines 494-511"", ""Current source body inspection"", ""group.member_ids == [123]""]",[],[]
tests/test_release_fixes.py,test_declined_invitation_cannot_be_accepted,515,523,async def test_declined_invitation_cannot_be_accepted(),Offline test/fixture/helper: group.member_ids == [123],source-body operation summary; detailed domain mapping belongs to mapper handoff,source-reviewed: no additional defect identified in inspected body; offline/live limits remain,"[""Body read in current working snapshot at lines 515-523"", ""Current source body inspection"", ""group.member_ids == [123]""]",[],[]
tests/test_release_fixes.py,test_group_cleanup_blocks_join_and_removes_every_pomodoro_alias,527,559,async def test_group_cleanup_blocks_join_and_removes_every_pomodoro_alias(),Offline test/fixture/helper: pomo.sessions == {8: unrelated}; not group.active and (not group.member_ids),source-body operation summary; detailed domain mapping belongs to mapper handoff,source-reviewed: no additional defect identified in inspected body; offline/live limits remain,"[""Body read in current working snapshot at lines 527-559"", ""Current source body inspection"", ""pomo.sessions == {8: unrelated}"", ""not group.active and (not group.member_ids)"", ""group_id not in group.cog.active_study_groups""]",[],[]
tests/test_release_fixes.py,test_group_cleanup_blocks_join_and_removes_every_pomodoro_alias.remove_session,539,542,async def remove_session(current),"Offline test/fixture/helper: builds mocked or SQLite test state and orchestrates list, pomo.sessions.items, pomo.sessions.pop",source-body operation summary; detailed domain mapping belongs to mapper handoff,source-reviewed: no additional defect identified in inspected body; offline/live limits remain,"[""Body read in current working snapshot at lines 539-542"", ""Current source body inspection""]",[],[]
tests/test_release_fixes.py,test_group_cleanup_blocks_join_and_removes_every_pomodoro_alias.delete_channel,548,549,"async def delete_channel(*args, **kwargs)","Offline test/fixture/helper: builds mocked or SQLite test state and orchestrates interaction, view.join_button.callback",source-body operation summary; detailed domain mapping belongs to mapper handoff,source-reviewed: no additional defect identified in inspected body; offline/live limits remain,"[""Body read in current working snapshot at lines 548-549"", ""Current source body inspection""]",[],[]
tests/test_release_fixes.py,test_task_menu_database_action_targets_one_row_and_checks_owner_and_group,564,590,async def test_task_menu_database_action_targets_one_row_and_checks_owner_and_group(action),"Offline test/fixture/helper: not await db.apply_task_action(456, 1, 'a', action); not await db.apply_task_action(123, 1, 'b', action)",source-body operation summary; detailed domain mapping belongs to mapper handoff,source-reviewed: no additional defect identified in inspected body; offline/live limits remain,"[""Body read in current working snapshot at lines 564-590"", ""Current source body inspection"", ""not await db.apply_task_action(456, 1, 'a', action)"", ""not await db.apply_task_action(123, 1, 'b', action)"", ""not await db.apply_task_action(123, 1, None, action)"", ""await db.apply_task_action(123, 1, 'a', action)"", ""next((task for task in tasks if task['id'] == 2))['completed'] == 0"", ""next((task for task in tasks if task['id'] == 4))['completed'] == 0"", ""len(tasks) == (3 if action == 'complete' else 2)""]",[],[]
tests/test_release_fixes.py,test_task_menu_rejects_malformed_selection,594,601,async def test_task_menu_rejects_malformed_selection(),"Offline test/fixture/helper: builds mocked or SQLite test state and orchestrates AsyncMock, TaskActionView, db.apply_task_action.assert_not_awaited, interaction",source-body operation summary; detailed domain mapping belongs to mapper handoff,source-reviewed: no additional defect identified in inspected body; offline/live limits remain,"[""Body read in current working snapshot at lines 594-601"", ""Current source body inspection""]",[],[]
tests/test_release_fixes.py,test_mod_log_configuration_denies_non_manager_and_cross_guild_channel,605,616,async def test_mod_log_configuration_denies_non_manager_and_cross_guild_channel(),"Offline test/fixture/helper: builds mocked or SQLite test state and orchestrates AsyncMock, MagicMock, group.cog.set_mod_log_channel.callback, group.db.set_mod_log_channel.assert_not_awaited",source-body operation summary; detailed domain mapping belongs to mapper handoff,source-reviewed: no additional defect identified in inspected body; offline/live limits remain,"[""Body read in current working snapshot at lines 605-616"", ""Current source body inspection""]",[],[]
tests/test_release_fixes.py,test_task_purge_reports_discord_cleanup_failure_after_deleting_records,620,629,async def test_task_purge_reports_discord_cleanup_failure_after_deleting_records(),Offline test/fixture/helper: 'messages could not be cleaned up' in request.followup.send.call_args.args[0],source-body operation summary; detailed domain mapping belongs to mapper handoff,source-reviewed: no additional defect identified in inspected body; offline/live limits remain,"[""Body read in current working snapshot at lines 620-629"", ""Current source body inspection"", ""'messages could not be cleaned up' in request.followup.send.call_args.args[0]""]",[],[]
tests/test_release_fixes.py,test_voice_setting_database_failure_rolls_back_discord_permissions,633,643,async def test_voice_setting_database_failure_rolls_back_discord_permissions(),Offline test/fixture/helper: group.speak_enabled is True; channel.set_permissions.await_count == 4,source-body operation summary; detailed domain mapping belongs to mapper handoff,source-reviewed: no additional defect identified in inspected body; offline/live limits remain,"[""Body read in current working snapshot at lines 633-643"", ""Current source body inspection"", ""group.speak_enabled is True"", ""channel.set_permissions.await_count == 4"", ""restored.connect is True and restored.speak is True""]",[],[]
tests/test_release_fixes.py,test_missing_voice_channel_does_not_persist_toggle,647,653,async def test_missing_voice_channel_does_not_persist_toggle(),Offline test/fixture/helper: group.video_mode == 'off',source-body operation summary; detailed domain mapping belongs to mapper handoff,source-reviewed: no additional defect identified in inspected body; offline/live limits remain,"[""Body read in current working snapshot at lines 647-653"", ""Current source body inspection"", ""group.video_mode == 'off'""]",[],[]
tests/test_release_fixes.py,test_dashboard_combines_mentions_embed_and_controls_in_one_message,657,677,async def test_dashboard_combines_mentions_embed_and_controls_in_one_message(),Offline test/fixture/helper: kwargs['content'] == '<@123>'; kwargs['embed'].title == 'Physics',source-body operation summary; detailed domain mapping belongs to mapper handoff,source-reviewed: no additional defect identified in inspected body; offline/live limits remain,"[""Body read in current working snapshot at lines 657-677"", ""Current source body inspection"", ""kwargs['content'] == '<@123>'"", ""kwargs['embed'].title == 'Physics'"", ""kwargs['view'] is group.view and group.view is not None"", ""len(kwargs['embed'].fields) <= 25"", ""len(kwargs['embed']) <= 6000"", ""group.info_embed_id == 70""]",[],[]
tests/test_release_fixes.py,test_moderator_log_database_error_does_not_abort_lifecycle,681,685,async def test_moderator_log_database_error_does_not_abort_lifecycle(),"Offline test/fixture/helper: builds mocked or SQLite test state and orchestrates channel.send.assert_not_awaited, group.cog.log_mod_action, group_fixture, sqlite3.OperationalError",source-body operation summary; detailed domain mapping belongs to mapper handoff,source-reviewed: no additional defect identified in inspected body; offline/live limits remain,"[""Body read in current working snapshot at lines 681-685"", ""Current source body inspection""]",[],[]
tests/test_release_fixes.py,test_database_admission_is_atomic_and_rejects_ended_groups,689,705,async def test_database_admission_is_atomic_and_rejects_ended_groups(),"Offline test/fixture/helper: sorted(results) == [False, True]; len(await db.fetch_members_of_group('limited')) == 2",source-body operation summary; detailed domain mapping belongs to mapper handoff,source-reviewed: no additional defect identified in inspected body; offline/live limits remain,"[""Body read in current working snapshot at lines 689-705"", ""Current source body inspection"", ""sorted(results) == [False, True]"", ""len(await db.fetch_members_of_group('limited')) == 2"", ""not await db.add_member_to_study_group_db('limited', 456)"", ""await db.fetch_members_of_group('limited') == []""]",[],[]
tests/test_release_fixes.py,test_group_end_concurrent_and_repeated_after_clear_runs_once,709,733,async def test_group_end_concurrent_and_repeated_after_clear_runs_once(),Offline test/fixture/helper: not second.done(); group.ended and group.guild is None,source-body operation summary; detailed domain mapping belongs to mapper handoff,source-reviewed: no additional defect identified in inspected body; offline/live limits remain,"[""Body read in current working snapshot at lines 709-733"", ""Current source body inspection"", ""not second.done()"", ""group.ended and group.guild is None""]",[],[]
tests/test_release_fixes.py,test_group_end_concurrent_and_repeated_after_clear_runs_once.blocked_delete,717,719,async def blocked_delete(**kwargs),"Offline test/fixture/helper: builds mocked or SQLite test state and orchestrates entered.set, release.wait",source-body operation summary; detailed domain mapping belongs to mapper handoff,source-reviewed: no additional defect identified in inspected body; offline/live limits remain,"[""Body read in current working snapshot at lines 717-719"", ""Current source body inspection""]",[],[]
tests/test_release_fixes.py,test_group_end_missing_resources_are_already_deleted,737,747,async def test_group_end_missing_resources_are_already_deleted(),Offline test/fixture/helper: group.ended,source-body operation summary; detailed domain mapping belongs to mapper handoff,source-reviewed: no additional defect identified in inspected body; offline/live limits remain,"[""Body read in current working snapshot at lines 737-747"", ""Current source body inspection"", ""group.ended""]",[],[]
tests/test_release_fixes.py,test_cleanup_retry_retains_resources_when_ownership_is_uncertain,754,784,async def test_cleanup_retry_retains_resources_when_ownership_is_uncertain(problem),Offline test/fixture/helper: result['failed'] == 1,source-body operation summary; detailed domain mapping belongs to mapper handoff,source-reviewed: no additional defect identified in inspected body; offline/live limits remain,"[""Body read in current working snapshot at lines 754-784"", ""Current source body inspection"", ""result['failed'] == 1""]",[],[]
tests/test_response_policy.py,InteractionHarness.__init__,17,48,"def __init__(self, channel_id: int=20, guild_id: int | None=1)","Offline test/fixture/helper: builds mocked or SQLite test state and orchestrates AsyncMock, MagicMock, discord.Permissions.none",source-body operation summary; detailed domain mapping belongs to mapper handoff,source-reviewed: no additional defect identified in inspected body; offline/live limits remain,"[""Body read in current working snapshot at lines 17-48"", ""Current source body inspection""]",[],[]
tests/test_response_policy.py,InteractionHarness._send_initial,50,55,"async def _send_initial(self, *args: Any, **kwargs: Any)","Offline test/fixture/helper: builds mocked or SQLite test state and orchestrates discord.InteractionResponded, kwargs.get, self.messages.append",source-body operation summary; detailed domain mapping belongs to mapper handoff,source-reviewed: no additional defect identified in inspected body; offline/live limits remain,"[""Body read in current working snapshot at lines 50-55"", ""Current source body inspection""]",[],[]
tests/test_response_policy.py,InteractionHarness._defer,57,62,"async def _defer(self, *args: Any, **kwargs: Any)","Offline test/fixture/helper: builds mocked or SQLite test state and orchestrates discord.InteractionResponded, kwargs.get",source-body operation summary; detailed domain mapping belongs to mapper handoff,source-reviewed: no additional defect identified in inspected body; offline/live limits remain,"[""Body read in current working snapshot at lines 57-62"", ""Current source body inspection""]",[],[]
tests/test_response_policy.py,InteractionHarness._send_followup,64,74,"async def _send_followup(self, *args: Any, **kwargs: Any)","Offline test/fixture/helper: builds mocked or SQLite test state and orchestrates AsyncMock, MagicMock, RuntimeError, kwargs.get",source-body operation summary; detailed domain mapping belongs to mapper handoff,source-reviewed: no additional defect identified in inspected body; offline/live limits remain,"[""Body read in current working snapshot at lines 64-74"", ""Current source body inspection""]",[],[]
tests/test_response_policy.py,InteractionHarness._delete_original,76,79,async def _delete_original(self),Offline test/fixture/helper: builds mocked or SQLite test state and orchestrates ,source-body operation summary; detailed domain mapping belongs to mapper handoff,source-reviewed: no additional defect identified in inspected body; offline/live limits remain,"[""Body read in current working snapshot at lines 76-79"", ""Current source body inspection""]",[],[]
tests/test_response_policy.py,InteractionHarness.visible_messages,81,82,def visible_messages(self),Offline test/fixture/helper: builds mocked or SQLite test state and orchestrates ,source-body operation summary; detailed domain mapping belongs to mapper handoff,source-reviewed: no additional defect identified in inspected body; offline/live limits remain,"[""Body read in current working snapshot at lines 81-82"", ""Current source body inspection""]",[],[]
tests/test_response_policy.py,make_bot,85,93,def make_bot(commands_channel_id: int | None=20),"Offline test/fixture/helper: builds mocked or SQLite test state and orchestrates AsyncMock, MagicMock",source-body operation summary; detailed domain mapping belongs to mapper handoff,source-reviewed: no additional defect identified in inspected body; offline/live limits remain,"[""Body read in current working snapshot at lines 85-93"", ""Current source body inspection""]",[],[]
tests/test_response_policy.py,test_deferred_first_followup_inherits_initial_visibility,97,103,async def test_deferred_first_followup_inherits_initial_visibility(),Offline test/fixture/helper: harness.visible_messages()[0]['ephemeral'] is True,source-body operation summary; detailed domain mapping belongs to mapper handoff,source-reviewed: no additional defect identified in inspected body; offline/live limits remain,"[""Body read in current working snapshot at lines 97-103"", ""Current source body inspection"", ""harness.visible_messages()[0]['ephemeral'] is True""]",[],[]
tests/test_response_policy.py,test_visibility_uses_exact_configured_channel,116,121,"async def test_visibility_uses_exact_configured_channel(channel_id: int, guild_id: int | None, configured_id: int | None, private: bool)","Offline test/fixture/helper: await should_use_ephemeral(harness.interaction, bot.db) is private",source-body operation summary; detailed domain mapping belongs to mapper handoff,source-reviewed: no additional defect identified in inspected body; offline/live limits remain,"[""Body read in current working snapshot at lines 116-121"", ""Current source body inspection"", ""await should_use_ephemeral(harness.interaction, bot.db) is private""]",[],[]
tests/test_response_policy.py,test_thread_and_lookup_failure_stay_private,125,134,async def test_thread_and_lookup_failure_stay_private(),"Offline test/fixture/helper: await should_use_ephemeral(harness.interaction, bot.db) is True; await should_use_ephemeral(harness.interaction, bot.db) is True",source-body operation summary; detailed domain mapping belongs to mapper handoff,source-reviewed: no additional defect identified in inspected body; offline/live limits remain,"[""Body read in current working snapshot at lines 125-134"", ""Current source body inspection"", ""await should_use_ephemeral(harness.interaction, bot.db) is True"", ""await should_use_ephemeral(harness.interaction, bot.db) is True""]",[],[]
tests/test_response_policy.py,test_only_current_guild_active_group_channels_are_public,139,143,"async def test_only_current_guild_active_group_channels_are_public(guild_id, active, private)","Offline test/fixture/helper: await should_use_ephemeral(harness.interaction, bot.db) is private",source-body operation summary; detailed domain mapping belongs to mapper handoff,source-reviewed: no additional defect identified in inspected body; offline/live limits remain,"[""Body read in current working snapshot at lines 139-143"", ""Current source body inspection"", ""await should_use_ephemeral(harness.interaction, bot.db) is private""]",[],[]
tests/test_response_policy.py,test_acknowledgement_cleanup_failure_does_not_hide_result,147,154,async def test_acknowledgement_cleanup_failure_does_not_hide_result(),"Offline test/fixture/helper: harness.visible_messages()[-1]['args'] == ('Done',); harness.visible_messages()[-1]['ephemeral'] is False",source-body operation summary; detailed domain mapping belongs to mapper handoff,source-reviewed: no additional defect identified in inspected body; offline/live limits remain,"[""Body read in current working snapshot at lines 147-154"", ""Current source body inspection"", ""harness.visible_messages()[-1]['args'] == ('Done',)"", ""harness.visible_messages()[-1]['ephemeral'] is False""]",[],[]
tests/test_response_policy.py,test_task_add_effective_visibility,159,167,"async def test_task_add_effective_visibility(channel_id: int, private: bool)",Offline test/fixture/helper: harness.responded; harness.visible_messages()[-1]['ephemeral'] is private,source-body operation summary; detailed domain mapping belongs to mapper handoff,source-reviewed: no additional defect identified in inspected body; offline/live limits remain,"[""Body read in current working snapshot at lines 159-167"", ""Current source body inspection"", ""harness.responded"", ""harness.visible_messages()[-1]['ephemeral'] is private"", ""'Task added successfully' in harness.visible_messages()[-1]['args'][0]"", ""len(harness.visible_messages()) == 1""]",[],[]
tests/test_response_policy.py,test_task_add_acknowledges_before_settings_lookup,171,183,async def test_task_add_acknowledges_before_settings_lookup(),Offline test/fixture/helper: harness.visible_messages()[-1]['ephemeral'] is False; guild_id == 1,source-body operation summary; detailed domain mapping belongs to mapper handoff,source-reviewed: no additional defect identified in inspected body; offline/live limits remain,"[""Body read in current working snapshot at lines 171-183"", ""Current source body inspection"", ""harness.visible_messages()[-1]['ephemeral'] is False"", ""guild_id == 1"", ""harness.responded""]",[],[]
tests/test_response_policy.py,test_task_add_acknowledges_before_settings_lookup.get_commands_channel,175,178,async def get_commands_channel(guild_id: int),Offline test/fixture/helper: guild_id == 1; harness.responded,source-body operation summary; detailed domain mapping belongs to mapper handoff,source-reviewed: no additional defect identified in inspected body; offline/live limits remain,"[""Body read in current working snapshot at lines 175-178"", ""Current source body inspection"", ""guild_id == 1"", ""harness.responded""]",[],[]
tests/test_response_policy.py,test_voice_channel_success_is_public_and_missing_group_error_is_private,187,208,async def test_voice_channel_success_is_public_and_missing_group_error_is_private(),Offline test/fixture/helper: harness.visible_messages()[-1]['ephemeral'] is False; 'created' in harness.visible_messages()[-1]['args'][0],source-body operation summary; detailed domain mapping belongs to mapper handoff,source-reviewed: no additional defect identified in inspected body; offline/live limits remain,"[""Body read in current working snapshot at lines 187-208"", ""Current source body inspection"", ""harness.visible_messages()[-1]['ephemeral'] is False"", ""'created' in harness.visible_messages()[-1]['args'][0]"", ""missing.visible_messages()[-1]['ephemeral'] is True"", ""'No study group' in missing.visible_messages()[-1]['args'][0]""]",[],[]
tests/test_response_policy.py,test_pomodoro_missing_group_is_private_in_commands_channel,212,221,async def test_pomodoro_missing_group_is_private_in_commands_channel(),Offline test/fixture/helper: harness.responded; harness.visible_messages()[-1]['ephemeral'] is True,source-body operation summary; detailed domain mapping belongs to mapper handoff,source-reviewed: no additional defect identified in inspected body; offline/live limits remain,"[""Body read in current working snapshot at lines 212-221"", ""Current source body inspection"", ""harness.responded"", ""harness.visible_messages()[-1]['ephemeral'] is True"", ""'not in any study group' in harness.visible_messages()[-1]['args'][0]""]",[],[]
tests/test_response_policy.py,test_productivity_result_is_public_in_commands_channel,225,234,async def test_productivity_result_is_public_in_commands_channel(),"Offline test/fixture/helper: harness.visible_messages()[-1]['ephemeral'] is False; harness.visible_messages()[-1]['kwargs']['embed'].title == ""Tester's Productivity Metrics""",source-body operation summary; detailed domain mapping belongs to mapper handoff,source-reviewed: no additional defect identified in inspected body; offline/live limits remain,"[""Body read in current working snapshot at lines 225-234"", ""Current source body inspection"", ""harness.visible_messages()[-1]['ephemeral'] is False"", ""harness.visible_messages()[-1]['kwargs']['embed'].title == \""Tester's Productivity Metrics\""""]",[],[]
tests/test_response_policy.py,test_checkin_invalid_duration_is_private_in_commands_channel,238,245,async def test_checkin_invalid_duration_is_private_in_commands_channel(),Offline test/fixture/helper: harness.responded; harness.visible_messages()[-1]['ephemeral'] is True,source-body operation summary; detailed domain mapping belongs to mapper handoff,source-reviewed: no additional defect identified in inspected body; offline/live limits remain,"[""Body read in current working snapshot at lines 238-245"", ""Current source body inspection"", ""harness.responded"", ""harness.visible_messages()[-1]['ephemeral'] is True"", ""harness.visible_messages()[-1]['args'] == ('Invalid duration format.',)""]",[],[]
tests/test_response_policy.py,test_checkin_owner_menu_uses_private_followup,249,265,async def test_checkin_owner_menu_uses_private_followup(),Offline test/fixture/helper: harness.responded; harness.visible_messages()[-1]['ephemeral'] is True,source-body operation summary; detailed domain mapping belongs to mapper handoff,source-reviewed: no additional defect identified in inspected body; offline/live limits remain,"[""Body read in current working snapshot at lines 249-265"", ""Current source body inspection"", ""harness.responded"", ""harness.visible_messages()[-1]['ephemeral'] is True"", ""'select the new owner' in harness.visible_messages()[-1]['args'][0]""]",[],[]
tests/test_response_policy.py,test_global_error_handler_acknowledges_privately,269,274,async def test_global_error_handler_acknowledges_privately(),Offline test/fixture/helper: harness.responded; harness.visible_messages()[-1]['ephemeral'] is True,source-body operation summary; detailed domain mapping belongs to mapper handoff,source-reviewed: no additional defect identified in inspected body; offline/live limits remain,"[""Body read in current working snapshot at lines 269-274"", ""Current source body inspection"", ""harness.responded"", ""harness.visible_messages()[-1]['ephemeral'] is True"", ""harness.visible_messages()[-1]['args'] == ('Denied',)""]",[],[]
tests/test_response_policy.py,test_global_error_handler_after_acknowledgement_stays_private,278,284,async def test_global_error_handler_after_acknowledgement_stays_private(),"Offline test/fixture/helper: harness.visible_messages() == [{'args': ('Denied',), 'kwargs': {'ephemeral': True}, 'ephemeral': True, 'deleted': False}]",source-body operation summary; detailed domain mapping belongs to mapper handoff,source-reviewed: no additional defect identified in inspected body; offline/live limits remain,"[""Body read in current working snapshot at lines 278-284"", ""Current source body inspection"", ""harness.visible_messages() == [{'args': ('Denied',), 'kwargs': {'ephemeral': True}, 'ephemeral': True, 'deleted': False}]""]",[],[]
tests/test_session_controls.py,test_short_focus_still_gives_two_minute_breaks,18,21,def test_short_focus_still_gives_two_minute_breaks(),"Offline test/fixture/helper: calculate_pomodoro_ratio(focus=2) == (2, 2, 2); calculate_pomodoro_ratio(focus=13) == (13, 2, 7)",source-body operation summary; detailed domain mapping belongs to mapper handoff,source-reviewed: no additional defect identified in inspected body; offline/live limits remain,"[""Body read in current working snapshot at lines 18-21"", ""Current source body inspection"", ""calculate_pomodoro_ratio(focus=2) == (2, 2, 2)"", ""calculate_pomodoro_ratio(focus=13) == (13, 2, 7)"", ""not hasattr(Pomodoro, 'on_voice_state_update')""]",[],[]
tests/test_session_controls.py,test_checkin_duration_bounds,26,45,"async def test_checkin_duration_bounds(duration, accepted)",Offline test/fixture/helper: bool(cog.active_sessions) is accepted,source-body operation summary; detailed domain mapping belongs to mapper handoff,source-reviewed: no additional defect identified in inspected body; offline/live limits remain,"[""Body read in current working snapshot at lines 26-45"", ""Current source body inspection"", ""bool(cog.active_sessions) is accepted""]",[],[]
tests/test_session_controls.py,test_checkin_invitation_joins_only_after_persistence,49,69,async def test_checkin_invitation_joins_only_after_persistence(),Offline test/fixture/helper: 11 in session.member_ids; 11 in session.member_statuses,source-body operation summary; detailed domain mapping belongs to mapper handoff,source-reviewed: no additional defect identified in inspected body; offline/live limits remain,"[""Body read in current working snapshot at lines 49-69"", ""Current source body inspection"", ""11 in session.member_ids"", ""11 in session.member_statuses""]",[],[]
tests/test_session_controls.py,test_checkin_mentions_invite_without_admitting_recipients,73,122,async def test_checkin_mentions_invite_without_admitting_recipients(),Offline test/fixture/helper: session.member_ids == [10]; set(session.member_statuses) == {10},source-body operation summary; detailed domain mapping belongs to mapper handoff,source-reviewed: no additional defect identified in inspected body; offline/live limits remain,"[""Body read in current working snapshot at lines 73-122"", ""Current source body inspection"", ""session.member_ids == [10]"", ""set(session.member_statuses) == {10}"", ""session.member_ids == [10]"", ""session.member_ids == [10, 11]"", ""12 not in session.member_statuses""]",[],[]
tests/test_session_controls.py,test_pomodoro_invites_group_members_without_auto_join,126,184,async def test_pomodoro_invites_group_members_without_auto_join(),Offline test/fixture/helper: session.participants == {10}; session.participants == {10},source-body operation summary; detailed domain mapping belongs to mapper handoff,source-reviewed: no additional defect identified in inspected body; offline/live limits remain,"[""Body read in current working snapshot at lines 126-184"", ""Current source body inspection"", ""session.participants == {10}"", ""session.participants == {10}"", ""session.participants == {10, 11}"", ""not decline.is_finished()"", ""12 not in session.participants"", ""12 not in session.participants""]",[],[]
tests/test_session_controls.py,test_declined_wrong_recipient_and_stale_checkin_invites_do_not_join,188,219,async def test_declined_wrong_recipient_and_stale_checkin_invites_do_not_join(),Offline test/fixture/helper: await view.interaction_check(interaction) is False; not view.is_finished(),source-body operation summary; detailed domain mapping belongs to mapper handoff,source-reviewed: no additional defect identified in inspected body; offline/live limits remain,"[""Body read in current working snapshot at lines 188-219"", ""Current source body inspection"", ""await view.interaction_check(interaction) is False"", ""not view.is_finished()"", ""11 not in ended.member_ids""]",[],[]
tests/test_session_controls.py,test_pomodoro_stage_bounds,224,251,"async def test_pomodoro_stage_bounds(focus, accepted)",Offline test/fixture/helper: bool(cog.sessions) is accepted,source-body operation summary; detailed domain mapping belongs to mapper handoff,source-reviewed: no additional defect identified in inspected body; offline/live limits remain,"[""Body read in current working snapshot at lines 224-251"", ""Current source body inspection"", ""bool(cog.sessions) is accepted""]",[],[]
tests/test_session_controls.py,test_pomodoro_rejects_group_from_another_server,255,272,async def test_pomodoro_rejects_group_from_another_server(),Offline test/fixture/helper: not cog.sessions,source-body operation summary; detailed domain mapping belongs to mapper handoff,source-reviewed: no additional defect identified in inspected body; offline/live limits remain,"[""Body read in current working snapshot at lines 255-272"", ""Current source body inspection"", ""not cog.sessions""]",[],[]
tests/test_session_controls.py,test_pomodoro_fallback_voice_channel_inherits_category_permissions,276,313,async def test_pomodoro_fallback_voice_channel_inherits_category_permissions(),Offline test/fixture/helper: category.create_voice_channel.await_args.kwargs['overwrites'] is overwrites; group['vc_id'] == 200,source-body operation summary; detailed domain mapping belongs to mapper handoff,source-reviewed: no additional defect identified in inspected body; offline/live limits remain,"[""Body read in current working snapshot at lines 276-313"", ""Current source body inspection"", ""category.create_voice_channel.await_args.kwargs['overwrites'] is overwrites"", ""group['vc_id'] == 200"", ""cog.sessions['group'].vc_id == 200""]",[],[]
tests/test_session_controls.py,test_renew_button_adds_one_day_only_once,317,332,async def test_renew_button_adds_one_day_only_once(),Offline test/fixture/helper: session.expires_at == initial_deadline + timedelta(hours=24); session.expires_at == initial_deadline + timedelta(hours=24),source-body operation summary; detailed domain mapping belongs to mapper handoff,source-reviewed: no additional defect identified in inspected body; offline/live limits remain,"[""Body read in current working snapshot at lines 317-332"", ""Current source body inspection"", ""session.expires_at == initial_deadline + timedelta(hours=24)"", ""session.expires_at == initial_deadline + timedelta(hours=24)""]",[],[]
tests/test_session_controls.py,test_renew_button_rejects_unjoined_user,336,349,async def test_renew_button_rejects_unjoined_user(),Offline test/fixture/helper: session.expires_at == deadline,source-body operation summary; detailed domain mapping belongs to mapper handoff,source-reviewed: no additional defect identified in inspected body; offline/live limits remain,"[""Body read in current working snapshot at lines 336-349"", ""Current source body inspection"", ""session.expires_at == deadline""]",[],[]
tests/test_session_controls.py,test_pomodoro_lifetime_warns_and_expires_even_when_paused,353,370,async def test_pomodoro_lifetime_warns_and_expires_even_when_paused(),Offline test/fixture/helper: cog.send_notification.await_count == 1; session.warned_deadline == session.expires_at,source-body operation summary; detailed domain mapping belongs to mapper handoff,source-reviewed: no additional defect identified in inspected body; offline/live limits remain,"[""Body read in current working snapshot at lines 353-370"", ""Current source body inspection"", ""cog.send_notification.await_count == 1"", ""session.warned_deadline == session.expires_at"", ""cog.send_notification.await_count == 1"", ""not cog.sessions""]",[],[]
tests/test_session_controls.py,test_dashboard_pause_rejects_expired_session_and_end_removes_all_aliases,374,393,async def test_dashboard_pause_rejects_expired_session_and_end_removes_all_aliases(),"Offline test/fixture/helper: await cog.set_paused(session, True); session.is_paused",source-body operation summary; detailed domain mapping belongs to mapper handoff,source-reviewed: no additional defect identified in inspected body; offline/live limits remain,"[""Body read in current working snapshot at lines 374-393"", ""Current source body inspection"", ""await cog.set_paused(session, True)"", ""session.is_paused"", ""not await cog.set_paused(session, False)"", ""session.is_paused"", ""not cog.sessions""]",[],[]
tests/test_session_controls.py,test_checkin_concurrent_joins_observe_member_limit,397,420,async def test_checkin_concurrent_joins_observe_member_limit(),Offline test/fixture/helper: len(session.member_ids) == 2; db.add_or_update_checkin_member.await_count == 1,source-body operation summary; detailed domain mapping belongs to mapper handoff,source-reviewed: no additional defect identified in inspected body; offline/live limits remain,"[""Body read in current working snapshot at lines 397-420"", ""Current source body inspection"", ""len(session.member_ids) == 2"", ""db.add_or_update_checkin_member.await_count == 1""]",[],[]
tests/test_session_controls.py,test_checkin_join_failure_keeps_roster_and_hides_database_error,424,443,async def test_checkin_join_failure_keeps_roster_and_hides_database_error(),Offline test/fixture/helper: session.member_ids == [10]; 11 not in session.member_statuses,source-body operation summary; detailed domain mapping belongs to mapper handoff,source-reviewed: no additional defect identified in inspected body; offline/live limits remain,"[""Body read in current working snapshot at lines 424-443"", ""Current source body inspection"", ""session.member_ids == [10]"", ""11 not in session.member_statuses"", ""'sensitive database detail' not in str(click.followup.send.call_args)""]",[],[]
tests/test_session_controls.py,test_former_checkin_creator_requests_current_owner_approval,447,475,async def test_former_checkin_creator_requests_current_owner_approval(),Offline test/fixture/helper: cog.active_sessions[session.session_id] is session,source-body operation summary; detailed domain mapping belongs to mapper handoff,source-reviewed: no additional defect identified in inspected body; offline/live limits remain,"[""Body read in current working snapshot at lines 447-475"", ""Current source body inspection"", ""cog.active_sessions[session.session_id] is session""]",[],[]
tests/test_session_controls.py,test_checkin_owner_transfer_excludes_unjoined_and_exited_users,479,511,async def test_checkin_owner_transfer_excludes_unjoined_and_exited_users(),Offline test/fixture/helper: session.owner_id == 10; any(('no other members' in str(call).lower() for call in click.followup.send.await_args_list)),source-body operation summary; detailed domain mapping belongs to mapper handoff,source-reviewed: no additional defect identified in inspected body; offline/live limits remain,"[""Body read in current working snapshot at lines 479-511"", ""Current source body inspection"", ""session.owner_id == 10"", ""any(('no other members' in str(call).lower() for call in click.followup.send.await_args_list))"", ""session.owner_id == 11"", ""any(('not authorized' in str(call).lower() for call in click.response.send_message.await_args_list))""]",[],[]
tests/test_session_controls.py,test_former_group_creator_cannot_end_others_pomodoro_directly,515,540,async def test_former_group_creator_cannot_end_others_pomodoro_directly(),Offline test/fixture/helper: cog.sessions['group'] is session,source-body operation summary; detailed domain mapping belongs to mapper handoff,source-reviewed: no additional defect identified in inspected body; offline/live limits remain,"[""Body read in current working snapshot at lines 515-540"", ""Current source body inspection"", ""cog.sessions['group'] is session""]",[],[]
tests/test_setup.py,isolate_staff_role_sync,14,18,def isolate_staff_role_sync(monkeypatch),"Offline test/fixture/helper: builds mocked or SQLite test state and orchestrates AsyncMock, monkeypatch.setitem, pytest.fixture",source-body operation summary; detailed domain mapping belongs to mapper handoff,source-reviewed: no additional defect identified in inspected body; offline/live limits remain,"[""Body read in current working snapshot at lines 14-18"", ""Current source body inspection""]",[],[]
tests/test_setup.py,isolate_staff_role_sync.sync_staff_roles,15,16,"async def sync_staff_roles(bot, guild, category)",Offline test/fixture/helper: builds mocked or SQLite test state and orchestrates ,source-body operation summary; detailed domain mapping belongs to mapper handoff,source-reviewed: no additional defect identified in inspected body; offline/live limits remain,"[""Body read in current working snapshot at lines 15-16"", ""Current source body inspection""]",[],[]
tests/test_setup.py,make_interaction,21,29,"def make_interaction(guild: discord.Guild, user_id: int=5)","Offline test/fixture/helper: builds mocked or SQLite test state and orchestrates AsyncMock, MagicMock",source-body operation summary; detailed domain mapping belongs to mapper handoff,source-reviewed: no additional defect identified in inspected body; offline/live limits remain,"[""Body read in current working snapshot at lines 21-29"", ""Current source body inspection""]",[],[]
tests/test_setup.py,make_setup,32,116,"def make_setup(category_id: int | None=10, channel_id: int | None=20)","Offline test/fixture/helper: builds mocked or SQLite test state and orchestrates AsyncMock, MagicMock, Manager, create.await_args.kwargs.get",source-body operation summary; detailed domain mapping belongs to mapper handoff,source-reviewed: no additional defect identified in inspected body; offline/live limits remain,"[""Body read in current working snapshot at lines 32-116"", ""Current source body inspection""]",[],[]
tests/test_setup.py,make_setup.fetched,99,111,async def fetched(identifier),"Offline test/fixture/helper: builds mocked or SQLite test state and orchestrates create.await_args.kwargs.get, guild.get_channel",source-body operation summary; detailed domain mapping belongs to mapper handoff,source-reviewed: no additional defect identified in inspected body; offline/live limits remain,"[""Body read in current working snapshot at lines 99-111"", ""Current source body inspection""]",[],[]
tests/test_setup.py,button,119,120,"def button(view: SetupView, label: str)","Offline test/fixture/helper: builds mocked or SQLite test state and orchestrates isinstance, next",source-body operation summary; detailed domain mapping belongs to mapper handoff,source-reviewed: no additional defect identified in inspected body; offline/live limits remain,"[""Body read in current working snapshot at lines 119-120"", ""Current source body inspection""]",[],[]
tests/test_setup.py,test_setup_duration_editor_stages_and_saves_defaults,124,147,async def test_setup_duration_editor_stages_and_saves_defaults(),"Offline test/fixture/helper: (view.group_duration, view.pomodoro_duration) == (129600, 172800)",source-body operation summary; detailed domain mapping belongs to mapper handoff,source-reviewed: no additional defect identified in inspected body; offline/live limits remain,"[""Body read in current working snapshot at lines 124-147"", ""Current source body inspection"", ""(view.group_duration, view.pomodoro_duration) == (129600, 172800)""]",[],[]
tests/test_setup.py,test_setup_rejects_invalid_lifetimes_without_changing_draft,152,164,async def test_setup_rejects_invalid_lifetimes_without_changing_draft(duration),"Offline test/fixture/helper: (view.group_duration, view.pomodoro_duration) == (86400, 86400); interaction.response.send_message.call_args.kwargs['ephemeral'] is True",source-body operation summary; detailed domain mapping belongs to mapper handoff,source-reviewed: no additional defect identified in inspected body; offline/live limits remain,"[""Body read in current working snapshot at lines 152-164"", ""Current source body inspection"", ""(view.group_duration, view.pomodoro_duration) == (86400, 86400)"", ""interaction.response.send_message.call_args.kwargs['ephemeral'] is True""]",[],[]
tests/test_setup.py,test_setup_rejects_stale_lifetimes_before_provisioning,169,178,async def test_setup_rejects_stale_lifetimes_before_provisioning(setting),Offline test/fixture/helper: 'settings changed' in interaction.followup.send.call_args.args[0],source-body operation summary; detailed domain mapping belongs to mapper handoff,source-reviewed: no additional defect identified in inspected body; offline/live limits remain,"[""Body read in current working snapshot at lines 169-178"", ""Current source body inspection"", ""'settings changed' in interaction.followup.send.call_args.args[0]""]",[],[]
tests/test_setup.py,test_setup_stages_options_without_writing_until_save,182,215,async def test_setup_stages_options_without_writing_until_save(),Offline test/fixture/helper: view.max_members == 25; view.category_id == category.id,source-body operation summary; detailed domain mapping belongs to mapper handoff,source-reviewed: no additional defect identified in inspected body; offline/live limits remain,"[""Body read in current working snapshot at lines 182-215"", ""Current source body inspection"", ""view.max_members == 25"", ""view.category_id == category.id"", ""view.snapshot == (10, 20, 30, 10, 86400, 86400, None)"", ""guild.id not in manager._setup_views"", ""all((item.disabled for item in view.children))"", ""save_interaction.followup.send.call_args.kwargs['ephemeral'] is True""]",[],[]
tests/test_setup.py,test_setup_rejects_other_users_on_callbacks,219,227,async def test_setup_rejects_other_users_on_callbacks(),Offline test/fixture/helper: await view.interaction_check(other) is False,source-body operation summary; detailed domain mapping belongs to mapper handoff,source-reviewed: no additional defect identified in inspected body; offline/live limits remain,"[""Body read in current working snapshot at lines 219-227"", ""Current source body inspection"", ""await view.interaction_check(other) is False""]",[],[]
tests/test_setup.py,test_setup_cancel_leaves_settings_unchanged,231,242,async def test_setup_cancel_leaves_settings_unchanged(),Offline test/fixture/helper: 'No settings changed' in interaction.response.edit_message.call_args.kwargs['content'],source-body operation summary; detailed domain mapping belongs to mapper handoff,source-reviewed: no additional defect identified in inspected body; offline/live limits remain,"[""Body read in current working snapshot at lines 231-242"", ""Current source body inspection"", ""'No settings changed' in interaction.response.edit_message.call_args.kwargs['content']""]",[],[]
tests/test_setup.py,test_setup_rejects_stale_settings_before_discord_mutation,246,256,async def test_setup_rejects_stale_settings_before_discord_mutation(),"Offline test/fixture/helper: builds mocked or SQLite test state and orchestrates SetupView, button, button(view, 'Save').callback, guild.create_category.assert_not_awaited",source-body operation summary; detailed domain mapping belongs to mapper handoff,source-reviewed: no additional defect identified in inspected body; offline/live limits remain,"[""Body read in current working snapshot at lines 246-256"", ""Current source body inspection""]",[],[]
tests/test_setup.py,test_failed_save_reuses_created_channel_and_reports_its_id,260,277,async def test_failed_save_reuses_created_channel_and_reports_its_id(),Offline test/fixture/helper: view.created_channel_id == channel.id; 'commands channel ID 20' in first.followup.send.call_args.args[0],source-body operation summary; detailed domain mapping belongs to mapper handoff,source-reviewed: no additional defect identified in inspected body; offline/live limits remain,"[""Body read in current working snapshot at lines 260-277"", ""Current source body inspection"", ""view.created_channel_id == channel.id"", ""'commands channel ID 20' in first.followup.send.call_args.args[0]"", ""manager._setup_views[guild.id] is view"", ""manager.bot.db.save_setup.await_count == 2""]",[],[]
tests/test_setup.py,test_default_vc_is_created_with_category_permissions,281,289,async def test_default_vc_is_created_with_category_permissions(),Offline test/fixture/helper: view.default_vc_id == 50,source-body operation summary; detailed domain mapping belongs to mapper handoff,source-reviewed: no additional defect identified in inspected body; offline/live limits remain,"[""Body read in current working snapshot at lines 281-289"", ""Current source body inspection"", ""view.default_vc_id == 50""]",[],[]
tests/test_setup.py,test_recorded_default_vc_moves_and_syncs_without_duplicate_creation,293,303,async def test_recorded_default_vc_moves_and_syncs_without_duplicate_creation(),"Offline test/fixture/helper: builds mocked or SQLite test state and orchestrates SetupView, button, button(view, 'Save').callback, guild.create_voice_channel.assert_not_awaited",source-body operation summary; detailed domain mapping belongs to mapper handoff,source-reviewed: no additional defect identified in inspected body; offline/live limits remain,"[""Body read in current working snapshot at lines 293-303"", ""Current source body inspection""]",[],[]
tests/test_setup.py,test_stale_default_vc_setting_prevents_discord_changes,307,314,async def test_stale_default_vc_setting_prevents_discord_changes(),"Offline test/fixture/helper: builds mocked or SQLite test state and orchestrates SetupView, button, button(view, 'Save').callback, guild.create_voice_channel.assert_not_awaited",source-body operation summary; detailed domain mapping belongs to mapper handoff,source-reviewed: no additional defect identified in inspected body; offline/live limits remain,"[""Body read in current working snapshot at lines 307-314"", ""Current source body inspection""]",[],[]
tests/test_setup.py,test_recorded_channel_move_syncs_category_permissions,318,340,async def test_recorded_channel_move_syncs_category_permissions(),Offline test/fixture/helper: channel.edit.call_args.kwargs['overwrites'] == guild.get_channel(10).overwrites,source-body operation summary; detailed domain mapping belongs to mapper handoff,source-reviewed: no additional defect identified in inspected body; offline/live limits remain,"[""Body read in current working snapshot at lines 318-340"", ""Current source body inspection"", ""channel.edit.call_args.kwargs['overwrites'] == guild.get_channel(10).overwrites""]",[],[]
tests/test_setup.py,test_setup_creates_synced_log_channel_and_reuses_it_on_retry,344,380,async def test_setup_creates_synced_log_channel_and_reuses_it_on_retry(),Offline test/fixture/helper: view.created_log_channel_id == 30; 'log channel ID 30' in first.followup.send.call_args.args[0],source-body operation summary; detailed domain mapping belongs to mapper handoff,source-reviewed: no additional defect identified in inspected body; offline/live limits remain,"[""Body read in current working snapshot at lines 344-380"", ""Current source body inspection"", ""view.created_log_channel_id == 30"", ""'log channel ID 30' in first.followup.send.call_args.args[0]"", ""options['category'].id == 10"", ""overwrites[guild.default_role].view_channel is False"", ""overwrites[guild.me].view_channel is True"", ""manager.bot.db.save_setup.await_count == 2""]",[],[]
tests/test_setup.py,test_cancel_during_save_cannot_claim_no_settings_changed,384,421,async def test_cancel_during_save_cannot_claim_no_settings_changed(),Offline test/fixture/helper: 'Save is in progress' in cancel_interaction.response.send_message.call_args.args[0],source-body operation summary; detailed domain mapping belongs to mapper handoff,source-reviewed: no additional defect identified in inspected body; offline/live limits remain,"[""Body read in current working snapshot at lines 384-421"", ""Current source body inspection"", ""'Save is in progress' in cancel_interaction.response.send_message.call_args.args[0]""]",[],[]
tests/test_setup.py,test_cancel_during_save_cannot_claim_no_settings_changed.create_log_channel,391,394,"async def create_log_channel(*args, **kwargs)","Offline test/fixture/helper: builds mocked or SQLite test state and orchestrates entered.set, release.wait",source-body operation summary; detailed domain mapping belongs to mapper handoff,source-reviewed: no additional defect identified in inspected body; offline/live limits remain,"[""Body read in current working snapshot at lines 391-394"", ""Current source body inspection""]",[],[]
tests/test_setup.py,test_category_selector_rejects_unresolvable_channel_id,425,436,async def test_category_selector_rejects_unresolvable_channel_id(),Offline test/fixture/helper: view.category_id == 10,source-body operation summary; detailed domain mapping belongs to mapper handoff,source-reviewed: no additional defect identified in inspected body; offline/live limits remain,"[""Body read in current working snapshot at lines 425-436"", ""Current source body inspection"", ""view.category_id == 10""]",[],[]
tests/test_setup.py,test_log_creation_failure_keeps_pending_commands_id_for_cancel_report,440,457,async def test_log_creation_failure_keeps_pending_commands_id_for_cancel_report(),Offline test/fixture/helper: view.created_channel_id == 20; view.created_log_channel_id is None,source-body operation summary; detailed domain mapping belongs to mapper handoff,source-reviewed: no additional defect identified in inspected body; offline/live limits remain,"[""Body read in current working snapshot at lines 440-457"", ""Current source body inspection"", ""view.created_channel_id == 20"", ""view.created_log_channel_id is None"", ""'commands channel ID 20' in save_interaction.followup.send.call_args.args[0]"", ""'commands channel ID 20' in cancel_interaction.response.edit_message.call_args.kwargs['content']""]",[],[]
tests/test_setup.py,test_recorded_log_channel_move_syncs_category_permissions,461,485,async def test_recorded_log_channel_move_syncs_category_permissions(),Offline test/fixture/helper: log_channel.edit.call_args.kwargs['overwrites'][guild.default_role].view_channel is False,source-body operation summary; detailed domain mapping belongs to mapper handoff,source-reviewed: no additional defect identified in inspected body; offline/live limits remain,"[""Body read in current working snapshot at lines 461-485"", ""Current source body inspection"", ""log_channel.edit.call_args.kwargs['overwrites'][guild.default_role].view_channel is False""]",[],[]
tests/test_setup.py,test_new_category_modal_stages_then_creates_category_and_both_channels_once,489,533,async def test_new_category_modal_stages_then_creates_category_and_both_channels_once(),"Offline test/fixture/helper: isinstance(modal, NewCategoryModal); view.new_category_name == 'Study rooms'",source-body operation summary; detailed domain mapping belongs to mapper handoff,source-reviewed: no additional defect identified in inspected body; offline/live limits remain,"[""Body read in current working snapshot at lines 489-533"", ""Current source body inspection"", ""isinstance(modal, NewCategoryModal)"", ""view.new_category_name == 'Study rooms'"", ""[call.args[0] for call in guild.create_text_channel.await_args_list] == ['cpo-commands', 'cpo-logs']"", ""view.new_category_name is None""]",[],[]
tests/test_setup.py,test_new_category_modal_rejects_empty_name_privately,537,548,async def test_new_category_modal_rejects_empty_name_privately(),Offline test/fixture/helper: view.new_category_name is None,source-body operation summary; detailed domain mapping belongs to mapper handoff,source-reviewed: no additional defect identified in inspected body; offline/live limits remain,"[""Body read in current working snapshot at lines 537-548"", ""Current source body inspection"", ""view.new_category_name is None""]",[],[]
tests/test_setup.py,test_revoked_setup_permission_blocks_callback,555,564,async def test_revoked_setup_permission_blocks_callback(level),Offline test/fixture/helper: await view.interaction_check(interaction) is False; interaction.response.send_message.call_args.kwargs['ephemeral'] is True,source-body operation summary; detailed domain mapping belongs to mapper handoff,source-reviewed: no additional defect identified in inspected body; offline/live limits remain,"[""Body read in current working snapshot at lines 555-564"", ""Current source body inspection"", ""await view.interaction_check(interaction) is False"", ""interaction.response.send_message.call_args.kwargs['ephemeral'] is True""]",[],[]
tests/test_setup.py,test_category_permission_denial_does_not_save_or_create_channels,568,579,async def test_category_permission_denial_does_not_save_or_create_channels(),Offline test/fixture/helper: interaction.followup.send.call_args.kwargs['ephemeral'] is True,source-body operation summary; detailed domain mapping belongs to mapper handoff,source-reviewed: no additional defect identified in inspected body; offline/live limits remain,"[""Body read in current working snapshot at lines 568-579"", ""Current source body inspection"", ""interaction.followup.send.call_args.kwargs['ephemeral'] is True""]",[],[]
tests/test_setup.py,test_setup_timeout_does_not_change_settings,583,593,async def test_setup_timeout_does_not_change_settings(),Offline test/fixture/helper: guild.id not in manager._setup_views; all((item.disabled for item in view.children)),source-body operation summary; detailed domain mapping belongs to mapper handoff,source-reviewed: no additional defect identified in inspected body; offline/live limits remain,"[""Body read in current working snapshot at lines 583-593"", ""Current source body inspection"", ""guild.id not in manager._setup_views"", ""all((item.disabled for item in view.children))""]",[],[]
tests/test_setup.py,test_new_setup_session_invalidates_older_wizard,597,609,async def test_new_setup_session_invalidates_older_wizard(),Offline test/fixture/helper: manager._setup_views[guild.id] is not older,source-body operation summary; detailed domain mapping belongs to mapper handoff,source-reviewed: no additional defect identified in inspected body; offline/live limits remain,"[""Body read in current working snapshot at lines 597-609"", ""Current source body inspection"", ""manager._setup_views[guild.id] is not older""]",[],[]
tests/test_setup.py,test_setup_with_default_vc_parameter,613,621,async def test_setup_with_default_vc_parameter(),Offline test/fixture/helper: view.default_vc_id == 77,source-body operation summary; detailed domain mapping belongs to mapper handoff,source-reviewed: no additional defect identified in inspected body; offline/live limits remain,"[""Body read in current working snapshot at lines 613-621"", ""Current source body inspection"", ""view.default_vc_id == 77""]",[],[]
tests/test_setup.py,test_setup_rejects_foreign_default_vc,625,634,async def test_setup_rejects_foreign_default_vc(),Offline test/fixture/helper: guild.id not in manager._setup_views; 'Choose a voice channel in this server.' in interaction.followup.send.call_args.args[0],source-body operation summary; detailed domain mapping belongs to mapper handoff,source-reviewed: no additional defect identified in inspected body; offline/live limits remain,"[""Body read in current working snapshot at lines 625-634"", ""Current source body inspection"", ""guild.id not in manager._setup_views"", ""'Choose a voice channel in this server.' in interaction.followup.send.call_args.args[0]""]",[],[]
tests/test_setup.py,test_setup_voice_select_stages_default_vc_and_renders_move_notice,638,654,async def test_setup_voice_select_stages_default_vc_and_renders_move_notice(),Offline test/fixture/helper: view.default_vc_id == 88; any((field.name == 'Default VC move' for field in embed.fields)),source-body operation summary; detailed domain mapping belongs to mapper handoff,source-reviewed: no additional defect identified in inspected body; offline/live limits remain,"[""Body read in current working snapshot at lines 638-654"", ""Current source body inspection"", ""view.default_vc_id == 88"", ""any((field.name == 'Default VC move' for field in embed.fields))""]",[],[]
tests/test_setup.py,test_setup_save_requires_bot_voice_permissions,658,675,async def test_setup_save_requires_bot_voice_permissions(),"Offline test/fixture/helper: 'Connect, and Move Members permissions' in interaction.followup.send.call_args.args[0]",source-body operation summary; detailed domain mapping belongs to mapper handoff,source-reviewed: no additional defect identified in inspected body; offline/live limits remain,"[""Body read in current working snapshot at lines 658-675"", ""Current source body inspection"", ""'Connect, and Move Members permissions' in interaction.followup.send.call_args.args[0]""]",[],[]
tests/test_setup.py,test_setup_recover_button_cleans_created_and_reverts_moved,679,736,async def test_setup_recover_button_cleans_created_and_reverts_moved(),Offline test/fixture/helper: view.has_pending_resources() is True; view.has_pending_resources() is False,source-body operation summary; detailed domain mapping belongs to mapper handoff,source-reviewed: no additional defect identified in inspected body; offline/live limits remain,"[""Body read in current working snapshot at lines 679-736"", ""Current source body inspection"", ""view.has_pending_resources() is True"", ""view.has_pending_resources() is False"", ""view.created_category_id is None"", ""view.created_channel_id is None"", ""view.created_log_channel_id is None"", ""view.created_vc_id is None"", ""view.moved_channel_id is None"", ""view.previous_category_id is None"", ""'Deleted 4 uncommitted resource(s)' in report"", ""'Restored 1 moved channel(s)' in report""]",[],[]
tests/test_setup.py,test_setup_recover_skips_resources_matching_active_db_settings,740,766,async def test_setup_recover_skips_resources_matching_active_db_settings(),Offline test/fixture/helper: 100 in results['skipped']; 101 in results['skipped'],source-body operation summary; detailed domain mapping belongs to mapper handoff,source-reviewed: no additional defect identified in inspected body; offline/live limits remain,"[""Body read in current working snapshot at lines 740-766"", ""Current source body inspection"", ""100 in results['skipped']"", ""101 in results['skipped']"", ""results['deleted'] == []""]",[],[]
tests/test_setup.py,test_setup_recover_skips_category_with_remaining_channels,770,787,async def test_setup_recover_skips_category_with_remaining_channels(),Offline test/fixture/helper: 100 in results['skipped'],source-body operation summary; detailed domain mapping belongs to mapper handoff,source-reviewed: no additional defect identified in inspected body; offline/live limits remain,"[""Body read in current working snapshot at lines 770-787"", ""Current source body inspection"", ""100 in results['skipped']""]",[],[]
tests/test_setup.py,test_setup_recover_skips_channel_in_active_study_group,791,806,async def test_setup_recover_skips_channel_in_active_study_group(),Offline test/fixture/helper: 101 in results['skipped'],source-body operation summary; detailed domain mapping belongs to mapper handoff,source-reviewed: no additional defect identified in inspected body; offline/live limits remain,"[""Body read in current working snapshot at lines 791-806"", ""Current source body inspection"", ""101 in results['skipped']""]",[],[]
tests/test_setup.py,test_setup_recover_rejects_unauthorized_user,810,826,async def test_setup_recover_rejects_unauthorized_user(),Offline test/fixture/helper: results['success'] is False; results['error'] == 'unauthorized',source-body operation summary; detailed domain mapping belongs to mapper handoff,source-reviewed: no additional defect identified in inspected body; offline/live limits remain,"[""Body read in current working snapshot at lines 810-826"", ""Current source body inspection"", ""results['success'] is False"", ""results['error'] == 'unauthorized'""]",[],[]
tests/test_setup.py,test_setup_superseded_session_recovers_uncommitted_resources,830,847,async def test_setup_superseded_session_recovers_uncommitted_resources(),Offline test/fixture/helper: first_view.created_channel_id is None,source-body operation summary; detailed domain mapping belongs to mapper handoff,source-reviewed: no additional defect identified in inspected body; offline/live limits remain,"[""Body read in current working snapshot at lines 830-847"", ""Current source body inspection"", ""first_view.created_channel_id is None""]",[],[]
tests/test_setup.py,test_setup_recovery_retains_handles_on_lookup_or_delete_failure,852,876,async def test_setup_recovery_retains_handles_on_lookup_or_delete_failure(failure),Offline test/fixture/helper: view.created_channel_id == 20,source-body operation summary; detailed domain mapping belongs to mapper handoff,source-reviewed: no additional defect identified in inspected body; offline/live limits remain,"[""Body read in current working snapshot at lines 852-876"", ""Current source body inspection"", ""view.created_channel_id == 20""]",[],[]
tests/test_setup.py,test_setup_recovery_restores_exact_acl_in_same_category,880,892,async def test_setup_recovery_restores_exact_acl_in_same_category(),Offline test/fixture/helper: view.moved_channel_id is None,source-body operation summary; detailed domain mapping belongs to mapper handoff,source-reviewed: no additional defect identified in inspected body; offline/live limits remain,"[""Body read in current working snapshot at lines 880-892"", ""Current source body inspection"", ""view.moved_channel_id is None""]",[],[]
tests/test_setup.py,test_closed_setup_recovers_after_failed_setup_retry,897,926,async def test_closed_setup_recovers_after_failed_setup_retry(closed_by),"Offline test/fixture/helper: all((getattr(item, 'disabled', False) for item in prior.children)); manager._setup_views[guild.id] is prior",source-body operation summary; detailed domain mapping belongs to mapper handoff,source-reviewed: no additional defect identified in inspected body; offline/live limits remain,"[""Body read in current working snapshot at lines 897-926"", ""Current source body inspection"", ""all((getattr(item, 'disabled', False) for item in prior.children))"", ""manager._setup_views[guild.id] is prior"", ""prior.created_channel_id == retained.id"", ""'Run /setup again' in failed.followup.send.call_args.args[0]"", ""failed.followup.send.call_args.kwargs['ephemeral'] is True"", ""prior.created_channel_id is None"", ""manager._setup_views[guild.id] is not prior""]",[],[]
tests/test_setup_recovery_journal.py,db,19,23,async def db(tmp_path),"Offline test/fixture/helper: builds mocked or SQLite test state and orchestrates DBHandler, database.close, database.connect, str",source-body operation summary; detailed domain mapping belongs to mapper handoff,source-reviewed: no additional defect identified in inspected body; offline/live limits remain,"[""Body read in current working snapshot at lines 19-23"", ""Current source body inspection""]",[],[]
tests/test_setup_recovery_journal.py,test_dm_purge_keeps_all_nonpersonal_scopes_and_other_users,27,35,async def test_dm_purge_keeps_all_nonpersonal_scopes_and_other_users(db),"Offline test/fixture/helper: await db.purge_personal_tasks(5) == 1; {row['description'] for row in await db.get_user_tasks(5)} == {'server', 'legacy group', 'guild group'}",source-body operation summary; detailed domain mapping belongs to mapper handoff,source-reviewed: no additional defect identified in inspected body; offline/live limits remain,"[""Body read in current working snapshot at lines 27-35"", ""Current source body inspection"", ""await db.purge_personal_tasks(5) == 1"", ""{row['description'] for row in await db.get_user_tasks(5)} == {'server', 'legacy group', 'guild group'}"", ""len(await db.get_user_tasks(6)) == 1""]",[],[]
tests/test_setup_recovery_journal.py,test_dm_purge_callback_routes_personal_and_explicit_global_requests,40,53,"async def test_dm_purge_callback_routes_personal_and_explicit_global_requests(db, all_tasks, remaining)",Offline test/fixture/helper: len(await db.get_user_tasks(5)) == remaining; len(await db.get_user_tasks(6)) == 1,source-body operation summary; detailed domain mapping belongs to mapper handoff,source-reviewed: no additional defect identified in inspected body; offline/live limits remain,"[""Body read in current working snapshot at lines 40-53"", ""Current source body inspection"", ""len(await db.get_user_tasks(5)) == remaining"", ""len(await db.get_user_tasks(6)) == 1""]",[],[]
tests/test_setup_recovery_journal.py,test_settings_commit_requires_matching_journal_and_survives_restart,57,71,async def test_settings_commit_requires_matching_journal_and_survives_restart(db),Offline test/fixture/helper: await db.get_default_max_members(1) == 7; (await db.get_setup_recovery_journal(1))['phase'] == 'prepared',source-body operation summary; detailed domain mapping belongs to mapper handoff,source-reviewed: no additional defect identified in inspected body; offline/live limits remain,"[""Body read in current working snapshot at lines 57-71"", ""Current source body inspection"", ""await db.get_default_max_members(1) == 7"", ""(await db.get_setup_recovery_journal(1))['phase'] == 'prepared'"", ""await db.get_default_max_members(1) == 25"", ""(await db.get_setup_recovery_journal(1))['phase'] == 'committed'""]",[],[]
tests/test_setup_recovery_journal.py,moved_journal,74,91,async def moved_journal(db),"Offline test/fixture/helper: builds mocked or SQLite test state and orchestrates AsyncMock, Manager, SetupView, db.close",source-body operation summary; detailed domain mapping belongs to mapper handoff,source-reviewed: no additional defect identified in inspected body; offline/live limits remain,"[""Body read in current working snapshot at lines 74-91"", ""Current source body inspection""]",[],[]
tests/test_setup_recovery_journal.py,test_restart_restores_exact_original_acl_and_uncategorized_channel,95,103,async def test_restart_restores_exact_original_acl_and_uncategorized_channel(db),"Offline test/fixture/helper: await manager._resume_setup_locked(guild) is False; await manager._resume_setup_locked(guild, make_interaction(guild)) is True",source-body operation summary; detailed domain mapping belongs to mapper handoff,source-reviewed: no additional defect identified in inspected body; offline/live limits remain,"[""Body read in current working snapshot at lines 95-103"", ""Current source body inspection"", ""await manager._resume_setup_locked(guild) is False"", ""await manager._resume_setup_locked(guild, make_interaction(guild)) is True"", ""options['category'] is None"", ""SetupView.encode_acl(options['overwrites']) == SetupView.encode_acl(original_acl)"", ""await db.get_setup_recovery_journal(1) is None""]",[],[]
tests/test_setup_recovery_journal.py,test_restart_recovery_fails_closed_on_uncertainty,108,127,"async def test_restart_recovery_fails_closed_on_uncertainty(db, conflict)","Offline test/fixture/helper: await manager._resume_setup_locked(guild, make_interaction(guild)) is False; await db.get_setup_recovery_journal(1) is not None",source-body operation summary; detailed domain mapping belongs to mapper handoff,source-reviewed: no additional defect identified in inspected body; offline/live limits remain,"[""Body read in current working snapshot at lines 108-127"", ""Current source body inspection"", ""await manager._resume_setup_locked(guild, make_interaction(guild)) is False"", ""await db.get_setup_recovery_journal(1) is not None""]",[],[]
tests/test_setup_recovery_journal.py,test_creation_intent_is_durable_before_rest_and_requires_unique_bot_audit_proof,132,166,"async def test_creation_intent_is_durable_before_rest_and_requires_unique_bot_audit_proof(db, proof)",Offline test/fixture/helper: restarted.created_category_id == (10 if proof == 'unique' else None); restarted.has_pending_resources(),source-body operation summary; detailed domain mapping belongs to mapper handoff,source-reviewed: no additional defect identified in inspected body; offline/live limits remain,"[""Body read in current working snapshot at lines 132-166"", ""Current source body inspection"", ""restarted.created_category_id == (10 if proof == 'unique' else None)"", ""restarted.has_pending_resources()"", ""row['state']['mutations']['category']['id'] is None"", ""row['state']['mutations']['category']['status'] == 'intent'""]",[],[]
tests/test_setup_recovery_journal.py,test_creation_intent_is_durable_before_rest_and_requires_unique_bot_audit_proof.crash_after_creation,138,142,"async def crash_after_creation(*args, **kwargs)",Offline test/fixture/helper: row['state']['mutations']['category']['id'] is None; row['state']['mutations']['category']['status'] == 'intent',source-body operation summary; detailed domain mapping belongs to mapper handoff,source-reviewed: no additional defect identified in inspected body; offline/live limits remain,"[""Body read in current working snapshot at lines 138-142"", ""Current source body inspection"", ""row['state']['mutations']['category']['id'] is None"", ""row['state']['mutations']['category']['status'] == 'intent'""]",[],[]
tests/test_setup_recovery_journal.py,test_creation_intent_is_durable_before_rest_and_requires_unique_bot_audit_proof.audit_logs,152,160,async def audit_logs(**kwargs),"Offline test/fixture/helper: builds mocked or SQLite test state and orchestrates MagicMock, discord.Forbidden",source-body operation summary; detailed domain mapping belongs to mapper handoff,source-reviewed: no additional defect identified in inspected body; offline/live limits remain,"[""Body read in current working snapshot at lines 152-160"", ""Current source body inspection""]",[],[]
tests/test_setup_recovery_journal.py,test_saved_defaults_survive_staff_sync_failure_and_retry_restart,170,188,"async def test_saved_defaults_survive_staff_sync_failure_and_retry_restart(db, monkeypatch)",Offline test/fixture/helper: await db.get_default_max_members(1) == 25; (await db.get_setup_recovery_journal(1))['phase'] == 'sync_pending',source-body operation summary; detailed domain mapping belongs to mapper handoff,source-reviewed: no additional defect identified in inspected body; offline/live limits remain,"[""Body read in current working snapshot at lines 170-188"", ""Current source body inspection"", ""await db.get_default_max_members(1) == 25"", ""(await db.get_setup_recovery_journal(1))['phase'] == 'sync_pending'"", ""await restarted._resume_setup_locked(guild) is True"", ""await db.get_setup_recovery_journal(1) is None"", ""await db.get_default_max_members(1) == 25""]",[],[]
tests/test_setup_recovery_journal.py,test_log_acl_denies_nonstaff_roles_members_and_stale_staff_role,192,216,async def test_log_acl_denies_nonstaff_roles_members_and_stale_staff_role(db),Offline test/fixture/helper: private[staff].view_channel is True; private[guild.me].view_channel is True,source-body operation summary; detailed domain mapping belongs to mapper handoff,source-reviewed: no additional defect identified in inspected body; offline/live limits remain,"[""Body read in current working snapshot at lines 192-216"", ""Current source body inspection"", ""private[staff].view_channel is True"", ""private[guild.me].view_channel is True"", ""private[stale_role].send_messages is False"", ""original[stale_role].view_channel is True"", ""private[target].view_channel is False""]",[],[]
tests/test_setup_recovery_journal.py,test_log_is_sealed_before_staff_sync_hierarchy_failure,220,230,async def test_log_is_sealed_before_staff_sync_hierarchy_failure(db),Offline test/fixture/helper: log.edit.await_args.kwargs['overwrites'][guild.default_role].view_channel is False; log.edit.await_args.kwargs['overwrites'][guild.me].view_channel is True,source-body operation summary; detailed domain mapping belongs to mapper handoff,source-reviewed: no additional defect identified in inspected body; offline/live limits remain,"[""Body read in current working snapshot at lines 220-230"", ""Current source body inspection"", ""log.edit.await_args.kwargs['overwrites'][guild.default_role].view_channel is False"", ""log.edit.await_args.kwargs['overwrites'][guild.me].view_channel is True""]",[],[]
tests/test_setup_recovery_journal.py,test_new_group_uses_saved_guild_default_after_restart_and_explicit_override,235,271,"async def test_new_group_uses_saved_guild_default_after_restart_and_explicit_override(db, monkeypatch, guild_id, override, expected)",Offline test/fixture/helper: group.max_members == expected; category.create_voice_channel.await_args.kwargs['user_limit'] == expected,source-body operation summary; detailed domain mapping belongs to mapper handoff,source-reviewed: no additional defect identified in inspected body; offline/live limits remain,"[""Body read in current working snapshot at lines 235-271"", ""Current source body inspection"", ""group.max_members == expected"", ""category.create_voice_channel.await_args.kwargs['user_limit'] == expected"", ""record['max_members'] == expected"", ""await db.get_default_max_members(2) == 9"", ""group.max_members == expected"", ""(await db.get_all_study_groups(guild.id))[0]['max_members'] == expected"", ""next((field.value for field in embed.fields if field.name == 'Max Size')) == str(expected)"", ""request.edit_original_response.await_args.kwargs['content'] == 'This study group is full.'""]",[],[]
tests/test_setup_recovery_journal.py,test_malformed_journal_cannot_trigger_recovery_mutations,276,284,"async def test_malformed_journal_cannot_trigger_recovery_mutations(db, state)",Offline test/fixture/helper: await db.get_setup_recovery_journal(1) is not None,source-body operation summary; detailed domain mapping belongs to mapper handoff,source-reviewed: no additional defect identified in inspected body; offline/live limits remain,"[""Body read in current working snapshot at lines 276-284"", ""Current source body inspection"", ""await db.get_setup_recovery_journal(1) is not None""]",[],[]
tests/test_setup_recovery_journal.py,created_journal,287,297,"async def created_journal(db, key='channel')","Offline test/fixture/helper: builds mocked or SQLite test state and orchestrates AsyncMock, SetupView, db.save_setup, make_setup",source-body operation summary; detailed domain mapping belongs to mapper handoff,source-reviewed: no additional defect identified in inspected body; offline/live limits remain,"[""Body read in current working snapshot at lines 287-297"", ""Current source body inspection""]",[],[]
tests/test_setup_recovery_journal.py,test_recovery_rechecks_delayed_created_resource_claims,302,338,"async def test_recovery_rechecks_delayed_created_resource_claims(db, claim_at)",Offline test/fixture/helper: channel.id in result['skipped']; await db.get_setup_recovery_journal(1) is not None,source-body operation summary; detailed domain mapping belongs to mapper handoff,source-reviewed: no additional defect identified in inspected body; offline/live limits remain,"[""Body read in current working snapshot at lines 302-338"", ""Current source body inspection"", ""channel.id in result['skipped']"", ""await db.get_setup_recovery_journal(1) is not None""]",[],[]
tests/test_setup_recovery_journal.py,test_recovery_rechecks_delayed_created_resource_claims.claim,307,320,async def claim(),"Offline test/fixture/helper: builds mocked or SQLite test state and orchestrates db.save_study_group, db.set_mod_log_channel",source-body operation summary; detailed domain mapping belongs to mapper handoff,source-reviewed: no additional defect identified in inspected body; offline/live limits remain,"[""Body read in current working snapshot at lines 307-320"", ""Current source body inspection""]",[],[]
tests/test_setup_recovery_journal.py,test_recovery_rechecks_delayed_created_resource_claims.fetched,322,326,async def fetched(identifier),"Offline test/fixture/helper: builds mocked or SQLite test state and orchestrates claim, fetch",source-body operation summary; detailed domain mapping belongs to mapper handoff,source-reviewed: no additional defect identified in inspected body; offline/live limits remain,"[""Body read in current working snapshot at lines 322-326"", ""Current source body inspection""]",[],[]
tests/test_setup_recovery_journal.py,test_recovery_rechecks_delayed_created_resource_claims.journal_written,328,331,async def journal_written(),"Offline test/fixture/helper: builds mocked or SQLite test state and orchestrates claim, write",source-body operation summary; detailed domain mapping belongs to mapper handoff,source-reviewed: no additional defect identified in inspected body; offline/live limits remain,"[""Body read in current working snapshot at lines 328-331"", ""Current source body inspection""]",[],[]
tests/test_setup_recovery_journal.py,test_moved_resource_claim_after_journal_intent_prevents_restore,342,364,async def test_moved_resource_claim_after_journal_intent_prevents_restore(db),Offline test/fixture/helper: channel.id in result['skipped'],source-body operation summary; detailed domain mapping belongs to mapper handoff,source-reviewed: no additional defect identified in inspected body; offline/live limits remain,"[""Body read in current working snapshot at lines 342-364"", ""Current source body inspection"", ""channel.id in result['skipped']""]",[],[]
tests/test_setup_recovery_journal.py,test_moved_resource_claim_after_journal_intent_prevents_restore.journal_written,347,358,async def journal_written(),"Offline test/fixture/helper: builds mocked or SQLite test state and orchestrates db.save_study_group, write",source-body operation summary; detailed domain mapping belongs to mapper handoff,source-reviewed: no additional defect identified in inspected body; offline/live limits remain,"[""Body read in current working snapshot at lines 347-358"", ""Current source body inspection""]",[],[]
tests/test_setup_recovery_journal.py,test_queued_configuration_cannot_claim_resource_deleted_by_recovery,369,406,"async def test_queued_configuration_cannot_claim_resource_deleted_by_recovery(db, monkeypatch, key)",Offline test/fixture/helper: manager._setup_locks is cog._creation_locks; not configured.done(),source-body operation summary; detailed domain mapping belongs to mapper handoff,source-reviewed: no additional defect identified in inspected body; offline/live limits remain,"[""Body read in current working snapshot at lines 369-406"", ""Current source body inspection"", ""manager._setup_locks is cog._creation_locks"", ""not configured.done()"", ""removed"", ""await db.get_mod_log_channel(1) is None"", ""await db.get_group_category(1) is None""]",[],[]
tests/test_setup_recovery_journal.py,test_queued_configuration_cannot_claim_resource_deleted_by_recovery.fetch_channel,380,386,async def fetch_channel(identifier),"Offline test/fixture/helper: builds mocked or SQLite test state and orchestrates MagicMock, discord.NotFound, fetch, fetched.set",source-body operation summary; detailed domain mapping belongs to mapper handoff,source-reviewed: no additional defect identified in inspected body; offline/live limits remain,"[""Body read in current working snapshot at lines 380-386"", ""Current source body inspection""]",[],[]
tests/test_setup_recovery_journal.py,test_queued_configuration_cannot_claim_resource_deleted_by_recovery.delete,388,390,async def delete(**kwargs),Offline test/fixture/helper: builds mocked or SQLite test state and orchestrates ,source-body operation summary; detailed domain mapping belongs to mapper handoff,source-reviewed: no additional defect identified in inspected body; offline/live limits remain,"[""Body read in current working snapshot at lines 388-390"", ""Current source body inspection""]",[],[]
tests/test_setup_recovery_journal.py,test_cancelled_recovery_retains_intent_and_releases_guild_lock,410,429,async def test_cancelled_recovery_retains_intent_and_releases_guild_lock(db),Offline test/fixture/helper: row['state']['mutations']['channel']['status'] == 'rollback_intent'; view.has_pending_resources(),source-body operation summary; detailed domain mapping belongs to mapper handoff,source-reviewed: no additional defect identified in inspected body; offline/live limits remain,"[""Body read in current working snapshot at lines 410-429"", ""Current source body inspection"", ""row['state']['mutations']['channel']['status'] == 'rollback_intent'"", ""view.has_pending_resources()""]",[],[]
tests/test_setup_recovery_journal.py,test_cancelled_recovery_retains_intent_and_releases_guild_lock.blocked_delete,414,416,async def blocked_delete(**kwargs),"Offline test/fixture/helper: builds mocked or SQLite test state and orchestrates asyncio.Event, asyncio.Event().wait, deleting.set",source-body operation summary; detailed domain mapping belongs to mapper handoff,source-reviewed: no additional defect identified in inspected body; offline/live limits remain,"[""Body read in current working snapshot at lines 414-416"", ""Current source body inspection""]",[],[]
tests/test_shared_controls.py,interaction,18,30,def interaction(user_id=5),"Offline test/fixture/helper: builds mocked or SQLite test state and orchestrates AsyncMock, MagicMock",source-body operation summary; detailed domain mapping belongs to mapper handoff,source-reviewed: no additional defect identified in inspected body; offline/live limits remain,"[""Body read in current working snapshot at lines 18-30"", ""Current source body inspection""]",[],[]
tests/test_shared_controls.py,control,33,34,"def control(view, label)","Offline test/fixture/helper: builds mocked or SQLite test state and orchestrates isinstance, next",source-body operation summary; detailed domain mapping belongs to mapper handoff,source-reviewed: no additional defect identified in inspected body; offline/live limits remain,"[""Body read in current working snapshot at lines 33-34"", ""Current source body inspection""]",[],[]
tests/test_shared_controls.py,test_grant_command_result_clears_private_acknowledgement,48,71,"async def test_grant_command_result_clears_private_acknowledgement(command, actor_level, level, allowed)",Offline test/fixture/helper: 'cpo_acknowledged' not in request.extras; request.followup.send.call_args.kwargs['ephemeral'] is True,source-body operation summary; detailed domain mapping belongs to mapper handoff,source-reviewed: no additional defect identified in inspected body; offline/live limits remain,"[""Body read in current working snapshot at lines 48-71"", ""Current source body inspection"", ""'cpo_acknowledged' not in request.extras"", ""request.followup.send.call_args.kwargs['ephemeral'] is True""]",[],[]
tests/test_shared_controls.py,test_end_approval_requires_owner_and_live_request,75,85,async def test_end_approval_requires_owner_and_live_request(),Offline test/fixture/helper: not view.decided,source-body operation summary; detailed domain mapping belongs to mapper handoff,source-reviewed: no additional defect identified in inspected body; offline/live limits remain,"[""Body read in current working snapshot at lines 75-85"", ""Current source body inspection"", ""not view.decided""]",[],[]
tests/test_shared_controls.py,test_concurrent_owner_approvals_end_only_once,89,97,async def test_concurrent_owner_approvals_end_only_once(),Offline test/fixture/helper: view.decided and view.is_finished(); all((item.disabled for item in view.children)),source-body operation summary; detailed domain mapping belongs to mapper handoff,source-reviewed: no additional defect identified in inspected body; offline/live limits remain,"[""Body read in current working snapshot at lines 89-97"", ""Current source body inspection"", ""view.decided and view.is_finished()"", ""all((item.disabled for item in view.children))""]",[],[]
tests/test_shared_controls.py,test_decline_and_timeout_keep_session_running,102,111,async def test_decline_and_timeout_keep_session_running(decline),Offline test/fixture/helper: view.decided,source-body operation summary; detailed domain mapping belongs to mapper handoff,source-reviewed: no additional defect identified in inspected body; offline/live limits remain,"[""Body read in current working snapshot at lines 102-111"", ""Current source body inspection"", ""view.decided""]",[],[]
tests/test_shared_controls.py,test_blocked_owner_dm_reports_private_failure,115,124,async def test_blocked_owner_dm_reports_private_failure(),"Offline test/fixture/helper: ""couldn't message"" in request.followup.send.call_args.args[0]; request.followup.send.call_args.kwargs['ephemeral'] is True",source-body operation summary; detailed domain mapping belongs to mapper handoff,source-reviewed: no additional defect identified in inspected body; offline/live limits remain,"[""Body read in current working snapshot at lines 115-124"", ""Current source body inspection"", ""\""couldn't message\"" in request.followup.send.call_args.args[0]"", ""request.followup.send.call_args.kwargs['ephemeral'] is True""]",[],[]
tests/test_shared_controls.py,test_help_is_private_and_within_discord_limits,128,136,async def test_help_is_private_and_within_discord_limits(),Offline test/fixture/helper: reply['ephemeral'] is True; len(embed.fields) <= 25 and len(embed) <= 6000,source-body operation summary; detailed domain mapping belongs to mapper handoff,source-reviewed: no additional defect identified in inspected body; offline/live limits remain,"[""Body read in current working snapshot at lines 128-136"", ""Current source body inspection"", ""reply['ephemeral'] is True"", ""len(embed.fields) <= 25 and len(embed) <= 6000"", ""'reminder interval' in ' '.join((field.value for field in embed.fields))""]",[],[]
tests/test_shared_controls.py,test_help_descriptions_follow_staff_level,141,154,async def test_help_descriptions_follow_staff_level(level),Offline test/fixture/helper: ('/setup' in descriptions) == (level >= 3); ('/add_bot_developer' in descriptions) == (level >= 3),source-body operation summary; detailed domain mapping belongs to mapper handoff,source-reviewed: no additional defect identified in inspected body; offline/live limits remain,"[""Body read in current working snapshot at lines 141-154"", ""Current source body inspection"", ""('/setup' in descriptions) == (level >= 3)"", ""('/add_bot_developer' in descriptions) == (level >= 3)"", ""('/purge_groups' in descriptions) == (level >= 3)"", ""'Report malicious or unintended bot behavior to server staff immediately' in descriptions"", ""len(embed) <= 6000""]",[],[]
tests/test_shared_controls.py,test_role_name_does_not_grant_server_authority,158,169,async def test_role_name_does_not_grant_server_authority(),"Offline test/fixture/helper: not await has_guild_permissions(user, guild, bot); await Manager(bot).get_permission_level(1, 5, member=user) == PermissionLevel.REGULAR_USER",source-body operation summary; detailed domain mapping belongs to mapper handoff,source-reviewed: no additional defect identified in inspected body; offline/live limits remain,"[""Body read in current working snapshot at lines 158-169"", ""Current source body inspection"", ""not await has_guild_permissions(user, guild, bot)"", ""await Manager(bot).get_permission_level(1, 5, member=user) == PermissionLevel.REGULAR_USER""]",[],[]
tests/test_shared_controls.py,test_real_discord_permissions_grant_server_authority,174,184,async def test_real_discord_permissions_grant_server_authority(name),"Offline test/fixture/helper: await has_guild_permissions(user, guild, bot); await Manager(bot).get_permission_level(1, 5, member=user) == expected",source-body operation summary; detailed domain mapping belongs to mapper handoff,source-reviewed: no additional defect identified in inspected body; offline/live limits remain,"[""Body read in current working snapshot at lines 174-184"", ""Current source body inspection"", ""await has_guild_permissions(user, guild, bot)"", ""await Manager(bot).get_permission_level(1, 5, member=user) == expected""]",[],[]
tests/test_shared_controls.py,test_legacy_global_developer_does_not_override_native_administrator_level,188,196,async def test_legacy_global_developer_does_not_override_native_administrator_level(),"Offline test/fixture/helper: await Manager(bot).get_permission_level(1, 5, member=user) == PermissionLevel.ADMIN",source-body operation summary; detailed domain mapping belongs to mapper handoff,source-reviewed: no additional defect identified in inspected body; offline/live limits remain,"[""Body read in current working snapshot at lines 188-196"", ""Current source body inspection"", ""await Manager(bot).get_permission_level(1, 5, member=user) == PermissionLevel.ADMIN""]",[],[]
tests/test_shared_controls.py,test_stored_authority_is_scoped_to_guild,204,214,"async def test_stored_authority_is_scoped_to_guild(grant_guild, level, allowed)","Offline test/fixture/helper: await has_guild_permissions(user, guild, bot) is allowed; (actual >= PermissionLevel.MODERATOR) is allowed",source-body operation summary; detailed domain mapping belongs to mapper handoff,source-reviewed: no additional defect identified in inspected body; offline/live limits remain,"[""Body read in current working snapshot at lines 204-214"", ""Current source body inspection"", ""await has_guild_permissions(user, guild, bot) is allowed"", ""(actual >= PermissionLevel.MODERATOR) is allowed""]",[],[]
tests/test_shared_controls.py,test_context_lookup_rejects_other_guild_and_ended_groups,218,223,async def test_context_lookup_rejects_other_guild_and_ended_groups(),"Offline test/fixture/helper: await get_context_group(request, db) is None",source-body operation summary; detailed domain mapping belongs to mapper handoff,source-reviewed: no additional defect identified in inspected body; offline/live limits remain,"[""Body read in current working snapshot at lines 218-223"", ""Current source body inspection"", ""await get_context_group(request, db) is None""]",[],[]
tests/test_shared_controls.py,test_member_permissions_from_another_guild_do_not_escalate,227,236,async def test_member_permissions_from_another_guild_do_not_escalate(),"Offline test/fixture/helper: await Manager(bot).get_permission_level(1, 5, member=member) == PermissionLevel.REGULAR_USER",source-body operation summary; detailed domain mapping belongs to mapper handoff,source-reviewed: no additional defect identified in inspected body; offline/live limits remain,"[""Body read in current working snapshot at lines 227-236"", ""Current source body inspection"", ""await Manager(bot).get_permission_level(1, 5, member=member) == PermissionLevel.REGULAR_USER""]",[],[]
tests/test_shared_controls.py,test_voice_creation_inherits_category_and_rolls_back_failed_storage,241,280,async def test_voice_creation_inherits_category_and_rolls_back_failed_storage(storage_failure),Offline test/fixture/helper: request.guild.create_voice_channel.call_args.kwargs['category'] is category; 'overwrites' not in request.guild.create_voice_channel.call_args.kwargs,source-body operation summary; detailed domain mapping belongs to mapper handoff,source-reviewed: no additional defect identified in inspected body; offline/live limits remain,"[""Body read in current working snapshot at lines 241-280"", ""Current source body inspection"", ""request.guild.create_voice_channel.call_args.kwargs['category'] is category"", ""'overwrites' not in request.guild.create_voice_channel.call_args.kwargs"", ""live_group.vc_id is None"", ""request.followup.send.call_args.kwargs['ephemeral'] is True"", ""live_group.vc_id == 91""]",[],[]
tests/test_shared_controls.py,test_added_developers_and_guild_managers_appear_without_user_cache,284,313,async def test_added_developers_and_guild_managers_appear_without_user_cache(),Offline test/fixture/helper: '<@6>' in fields['Manager']; '<@7>' in fields['Bot Developer'],source-body operation summary; detailed domain mapping belongs to mapper handoff,source-reviewed: no additional defect identified in inspected body; offline/live limits remain,"[""Body read in current working snapshot at lines 284-313"", ""Current source body inspection"", ""'<@6>' in fields['Manager']"", ""'<@7>' in fields['Bot Developer']"", ""'<@5>' in fields['Supreme Commander']"", ""rendered.count('<@7>') == 1"", ""'<@8>' not in rendered""]",[],[]
tests/test_shared_controls.py,test_large_manager_list_keeps_every_person_within_embed_limits,317,338,async def test_large_manager_list_keeps_every_person_within_embed_limits(),Offline test/fixture/helper: len(embeds) > 1; rendered.count(f'<@{user_id}>') == 1,source-body operation summary; detailed domain mapping belongs to mapper handoff,source-reviewed: no additional defect identified in inspected body; offline/live limits remain,"[""Body read in current working snapshot at lines 317-338"", ""Current source body inspection"", ""len(embeds) > 1"", ""rendered.count(f'<@{user_id}>') == 1"", ""len(embed) <= 6000 and len(embed.fields) <= 25"", ""all((len(field.value) <= 1024 for field in embed.fields))""]",[],[]
tests/test_shared_controls.py,test_resource_maintenance_commands_are_not_registered_in_slash_tree,342,350,async def test_resource_maintenance_commands_are_not_registered_in_slash_tree(),Offline test/fixture/helper: bot.get_cog('VoiceChannels') is not None; bot.tree.get_command(name) is None,source-body operation summary; detailed domain mapping belongs to mapper handoff,source-reviewed: no additional defect identified in inspected body; offline/live limits remain,"[""Body read in current working snapshot at lines 342-350"", ""Current source body inspection"", ""bot.get_cog('VoiceChannels') is not None"", ""bot.tree.get_command(name) is None""]",[],[]
tests/test_shared_controls.py,test_user_level_uses_current_group_and_highest_authority,382,412,"async def test_user_level_uses_current_group_and_highest_authority(group, roster, grant, permissions, expected, number)",Offline test/fixture/helper: embed.title == 'User Authorization Level'; 'Impulse' not in embed.title,source-body operation summary; detailed domain mapping belongs to mapper handoff,source-reviewed: no additional defect identified in inspected body; offline/live limits remain,"[""Body read in current working snapshot at lines 382-412"", ""Current source body inspection"", ""embed.title == 'User Authorization Level'"", ""'Impulse' not in embed.title"", ""fields['User Level Tier'] == expected"", ""fields['Permission Level'] == f'Level {number}'""]",[],[]
tests/test_staff_roles.py,staff_environment,10,79,def staff_environment(),"Offline test/fixture/helper: builds mocked or SQLite test state and orchestrates AsyncMock, MagicMock, current.roles.append, current.roles.remove",source-body operation summary; detailed domain mapping belongs to mapper handoff,source-reviewed: no additional defect identified in inspected body; offline/live limits remain,"[""Body read in current working snapshot at lines 10-79"", ""Current source body inspection""]",[],[]
tests/test_staff_roles.py,staff_environment.add,26,27,"async def add(role, *, reason, current=member)",Offline test/fixture/helper: builds mocked or SQLite test state and orchestrates current.roles.append,source-body operation summary; detailed domain mapping belongs to mapper handoff,source-reviewed: no additional defect identified in inspected body; offline/live limits remain,"[""Body read in current working snapshot at lines 26-27"", ""Current source body inspection""]",[],[]
tests/test_staff_roles.py,staff_environment.remove,29,30,"async def remove(role, *, reason, current=member)",Offline test/fixture/helper: builds mocked or SQLite test state and orchestrates current.roles.remove,source-body operation summary; detailed domain mapping belongs to mapper handoff,source-reviewed: no additional defect identified in inspected body; offline/live limits remain,"[""Body read in current working snapshot at lines 29-30"", ""Current source body inspection""]",[],[]
tests/test_staff_roles.py,staff_environment.create_role,40,50,"async def create_role(*, name, permissions, mentionable, reason)","Offline test/fixture/helper: builds mocked or SQLite test state and orchestrates AsyncMock, MagicMock, guild.roles.append",source-body operation summary; detailed domain mapping belongs to mapper handoff,source-reviewed: no additional defect identified in inspected body; offline/live limits remain,"[""Body read in current working snapshot at lines 40-50"", ""Current source body inspection""]",[],[]
tests/test_staff_roles.py,staff_environment.edit_category,59,61,"async def edit_category(*, overwrites, reason)",Offline test/fixture/helper: builds mocked or SQLite test state and orchestrates ,source-body operation summary; detailed domain mapping belongs to mapper handoff,source-reviewed: no additional defect identified in inspected body; offline/live limits remain,"[""Body read in current working snapshot at lines 59-61"", ""Current source body inspection""]",[],[]
tests/test_staff_roles.py,test_revoked_native_staff_loses_role_despite_stale_synced_grant,83,97,async def test_revoked_native_staff_loses_role_despite_stale_synced_grant(),Offline test/fixture/helper: manager_role in members[5].roles; manager_role not in members[5].roles,source-body operation summary; detailed domain mapping belongs to mapper handoff,source-reviewed: no additional defect identified in inspected body; offline/live limits remain,"[""Body read in current working snapshot at lines 83-97"", ""Current source body inspection"", ""manager_role in members[5].roles"", ""manager_role not in members[5].roles""]",[],[]
tests/test_staff_roles.py,test_staff_roles_are_scoped_and_category_children_receive_overwrites,101,127,async def test_staff_roles_are_scoped_and_category_children_receive_overwrites(),"Offline test/fixture/helper: await sync_staff_roles(bot, guild, category) is category; manager_role.name == 'CPO Manager'",source-body operation summary; detailed domain mapping belongs to mapper handoff,source-reviewed: no additional defect identified in inspected body; offline/live limits remain,"[""Body read in current working snapshot at lines 101-127"", ""Current source body inspection"", ""await sync_staff_roles(bot, guild, category) is category"", ""manager_role.name == 'CPO Manager'"", ""developer_role.name == 'CPO Bot Developer'"", ""manager_role.permissions == discord.Permissions.none()"", ""developer_role.permissions == discord.Permissions.none()"", ""members[5].roles == [manager_role]"", ""supreme_role.name == 'CPO Supreme Commander'"", ""members[6].roles == [supreme_role]"", ""members[7].roles == []"", ""category.overwrites[guild.default_role].manage_threads is False"", ""category.overwrites[manager_role].view_channel is True"", ""category.overwrites[developer_role].manage_roles is True"", ""text.set_permissions.await_args_list[0].kwargs['overwrite'].use_external_emojis is False"", ""voice.set_permissions.await_args_list[0].kwargs['overwrite'].priority_speaker is False"", ""channel.set_permissions.await_count == 3"", ""overwrites[manager_role].view_channel is True"", ""overwrites[manager_role].manage_channels is True"", ""overwrites[manager_role].manage_roles is None"", ""overwrites[developer_role].manage_roles is True"", ""overwrites[developer_role].manage_webhooks is True""]",[],[]
tests/test_staff_roles.py,test_demoted_manager_loses_cpo_role_but_configured_developer_keeps_access,131,143,async def test_demoted_manager_loses_cpo_role_but_configured_developer_keeps_access(),Offline test/fixture/helper: members[5].roles == []; members[6].roles == [guild.roles[2]],source-body operation summary; detailed domain mapping belongs to mapper handoff,source-reviewed: no additional defect identified in inspected body; offline/live limits remain,"[""Body read in current working snapshot at lines 131-143"", ""Current source body inspection"", ""members[5].roles == []"", ""members[6].roles == [guild.roles[2]]"", ""guild.create_role.await_count == 3""]",[],[]
tests/test_staff_roles.py,test_sync_returns_refreshed_category_for_new_channel_inheritance,147,159,async def test_sync_returns_refreshed_category_for_new_channel_inheritance(),Offline test/fixture/helper: result is refreshed; overwrites[guild.roles[0]].view_channel is True,source-body operation summary; detailed domain mapping belongs to mapper handoff,source-reviewed: no additional defect identified in inspected body; offline/live limits remain,"[""Body read in current working snapshot at lines 147-159"", ""Current source body inspection"", ""result is refreshed"", ""overwrites[guild.roles[0]].view_channel is True"", ""overwrites[guild.roles[1]].manage_roles is True""]",[],[]
tests/test_staff_roles.py,test_missing_manage_roles_reports_action_without_mutation,163,171,async def test_missing_manage_roles_reports_action_without_mutation(),"Offline test/fixture/helper: builds mocked or SQLite test state and orchestrates category.edit.assert_not_awaited, guild.create_role.assert_not_awaited, pytest.raises, staff_environment",source-body operation summary; detailed domain mapping belongs to mapper handoff,source-reviewed: no additional defect identified in inspected body; offline/live limits remain,"[""Body read in current working snapshot at lines 163-171"", ""Current source body inspection""]",[],[]
tests/test_staff_roles.py,test_role_hierarchy_preflight_does_not_edit_existing_staff_role,175,190,async def test_role_hierarchy_preflight_does_not_edit_existing_staff_role(),"Offline test/fixture/helper: builds mocked or SQLite test state and orchestrates AsyncMock, MagicMock, category.edit.assert_not_awaited, discord.Permissions.none",source-body operation summary; detailed domain mapping belongs to mapper handoff,source-reviewed: no additional defect identified in inspected body; offline/live limits remain,"[""Body read in current working snapshot at lines 175-190"", ""Current source body inspection""]",[],[]
tests/test_staff_roles.py,test_foreign_category_is_rejected_before_role_creation,194,202,async def test_foreign_category_is_rejected_before_role_creation(),"Offline test/fixture/helper: builds mocked or SQLite test state and orchestrates MagicMock, guild.create_role.assert_not_awaited, pytest.raises, staff_environment",source-body operation summary; detailed domain mapping belongs to mapper handoff,source-reviewed: no additional defect identified in inspected body; offline/live limits remain,"[""Body read in current working snapshot at lines 194-202"", ""Current source body inspection""]",[],[]
tests/test_staff_roles.py,test_discord_category_failure_reports_created_role_ids,206,214,async def test_discord_category_failure_reports_created_role_ids(),Offline test/fixture/helper: len(guild.roles) == 3,source-body operation summary; detailed domain mapping belongs to mapper handoff,source-reviewed: no additional defect identified in inspected body; offline/live limits remain,"[""Body read in current working snapshot at lines 206-214"", ""Current source body inspection"", ""len(guild.roles) == 3""]",[],[]
tests/test_staff_roles.py,test_synced_log_stays_private_when_stale_role_removal_fails,218,259,async def test_synced_log_stays_private_when_stale_role_removal_fails(),Offline test/fixture/helper: stale_role in members[5].roles; log.overwrites[stale_role].view_channel is False,source-body operation summary; detailed domain mapping belongs to mapper handoff,source-reviewed: no additional defect identified in inspected body; offline/live limits remain,"[""Body read in current working snapshot at lines 218-259"", ""Current source body inspection"", ""stale_role in members[5].roles"", ""log.overwrites[stale_role].view_channel is False"", ""log.overwrites[guild.default_role].view_channel is False"", ""log.overwrites[guild.me].view_channel is True"", ""log.overwrites[stale_role].view_channel is False""]",[],[]
tests/test_staff_roles.py,test_synced_log_stays_private_when_stale_role_removal_fails.log_edit,241,243,"async def log_edit(*, overwrites, reason)",Offline test/fixture/helper: builds mocked or SQLite test state and orchestrates ,source-body operation summary; detailed domain mapping belongs to mapper handoff,source-reviewed: no additional defect identified in inspected body; offline/live limits remain,"[""Body read in current working snapshot at lines 241-243"", ""Current source body inspection""]",[],[]
tests/test_staff_roles.py,test_synced_log_stays_private_when_stale_role_removal_fails.category_edit,245,250,"async def category_edit(*, overwrites, reason)",Offline test/fixture/helper: log.overwrites[stale_role].view_channel is False,source-body operation summary; detailed domain mapping belongs to mapper handoff,source-reviewed: no additional defect identified in inspected body; offline/live limits remain,"[""Body read in current working snapshot at lines 245-250"", ""Current source body inspection"", ""log.overwrites[stale_role].view_channel is False""]",[],[]
tests/test_staff_roles.py,test_authority_events_revoke_stale_direct_log_access,264,303,async def test_authority_events_revoke_stale_direct_log_access(event),Offline test/fixture/helper: log.overwrites[members[5]].view_channel is False; log.overwrites[members[5]].send_messages is False,source-body operation summary; detailed domain mapping belongs to mapper handoff,source-reviewed: no additional defect identified in inspected body; offline/live limits remain,"[""Body read in current working snapshot at lines 264-303"", ""Current source body inspection"", ""log.overwrites[members[5]].view_channel is False"", ""log.overwrites[members[5]].send_messages is False"", ""log.overwrites[guild.me].view_channel is True""]",[],[]
tests/test_staff_roles.py,test_authority_events_revoke_stale_direct_log_access.edit,277,279,"async def edit(*, overwrites, reason)",Offline test/fixture/helper: builds mocked or SQLite test state and orchestrates ,source-body operation summary; detailed domain mapping belongs to mapper handoff,source-reviewed: no additional defect identified in inspected body; offline/live limits remain,"[""Body read in current working snapshot at lines 277-279"", ""Current source body inspection""]",[],[]
tests/test_staff_roles.py,test_authority_refresh_leaves_log_sealed_when_staff_lookup_fails,307,323,async def test_authority_refresh_leaves_log_sealed_when_staff_lookup_fails(),Offline test/fixture/helper: log.overwrites[members[5]].view_channel is False,source-body operation summary; detailed domain mapping belongs to mapper handoff,source-reviewed: no additional defect identified in inspected body; offline/live limits remain,"[""Body read in current working snapshot at lines 307-323"", ""Current source body inspection"", ""log.overwrites[members[5]].view_channel is False""]",[],[]
tests/test_staff_roles.py,test_authority_refresh_leaves_log_sealed_when_staff_lookup_fails.edit,315,317,"async def edit(*, overwrites, reason)",Offline test/fixture/helper: builds mocked or SQLite test state and orchestrates ,source-body operation summary; detailed domain mapping belongs to mapper handoff,source-reviewed: no additional defect identified in inspected body; offline/live limits remain,"[""Body read in current working snapshot at lines 315-317"", ""Current source body inspection""]",[],[]
tests/test_staff_roles.py,test_identical_private_log_and_category_abort_before_category_allows,327,338,async def test_identical_private_log_and_category_abort_before_category_allows(),"Offline test/fixture/helper: builds mocked or SQLite test state and orchestrates AsyncMock, MagicMock, category.edit.assert_not_awaited, dict",source-body operation summary; detailed domain mapping belongs to mapper handoff,source-reviewed: no additional defect identified in inspected body; offline/live limits remain,"[""Body read in current working snapshot at lines 327-338"", ""Current source body inspection""]",[],[]
tests/test_tasklist.py,TestTaskListCog.setUp,17,21,def setUp(self),"Offline test/fixture/helper: builds mocked or SQLite test state and orchestrates AsyncMock, MagicMock, TaskList",source-body operation summary; detailed domain mapping belongs to mapper handoff,source-reviewed: no additional defect identified in inspected body; offline/live limits remain,"[""Body read in current working snapshot at lines 17-21"", ""Current source body inspection""]",[],[]
tests/test_tasklist.py,TestTaskListCog.test_add_task_command,23,35,def test_add_task_command(self),"Offline test/fixture/helper: builds mocked or SQLite test state and orchestrates AsyncMock, asyncio.run, interaction.followup.send.assert_called_once_with, interaction.response.send_message.assert_called_once_with",source-body operation summary; detailed domain mapping belongs to mapper handoff,source-reviewed: no additional defect identified in inspected body; offline/live limits remain,"[""Body read in current working snapshot at lines 23-35"", ""Current source body inspection""]",[],[]
tests/test_tasklist.py,TestTaskListCog.test_add_task_command.run_test,24,33,async def run_test(),"Offline test/fixture/helper: builds mocked or SQLite test state and orchestrates AsyncMock, interaction.followup.send.assert_called_once_with, interaction.response.send_message.assert_called_once_with, self.cog.add_task.callback",source-body operation summary; detailed domain mapping belongs to mapper handoff,source-reviewed: no additional defect identified in inspected body; offline/live limits remain,"[""Body read in current working snapshot at lines 24-33"", ""Current source body inspection""]",[],[]
tests/test_tasklist.py,TestTaskListCog.test_add_task_command_in_commands_channel,37,54,def test_add_task_command_in_commands_channel(self),"Offline test/fixture/helper: builds mocked or SQLite test state and orchestrates AsyncMock, asyncio.run, interaction.followup.send.assert_called_once_with, interaction.response.send_message.assert_called_once_with",source-body operation summary; detailed domain mapping belongs to mapper handoff,source-reviewed: no additional defect identified in inspected body; offline/live limits remain,"[""Body read in current working snapshot at lines 37-54"", ""Current source body inspection""]",[],[]
tests/test_tasklist.py,TestTaskListCog.test_add_task_command_in_commands_channel.run_test,38,52,async def run_test(),"Offline test/fixture/helper: builds mocked or SQLite test state and orchestrates AsyncMock, interaction.followup.send.assert_called_once_with, interaction.response.send_message.assert_called_once_with, self.cog.add_task.callback",source-body operation summary; detailed domain mapping belongs to mapper handoff,source-reviewed: no additional defect identified in inspected body; offline/live limits remain,"[""Body read in current working snapshot at lines 38-52"", ""Current source body inspection""]",[],[]
tests/test_tasklist.py,TestTaskListCog.test_complete_task_command,56,68,def test_complete_task_command(self),"Offline test/fixture/helper: builds mocked or SQLite test state and orchestrates AsyncMock, asyncio.run, interaction.followup.send.assert_called_once_with, interaction.response.send_message.assert_called_once_with",source-body operation summary; detailed domain mapping belongs to mapper handoff,source-reviewed: no additional defect identified in inspected body; offline/live limits remain,"[""Body read in current working snapshot at lines 56-68"", ""Current source body inspection""]",[],[]
tests/test_tasklist.py,TestTaskListCog.test_complete_task_command.run_test,57,66,async def run_test(),"Offline test/fixture/helper: builds mocked or SQLite test state and orchestrates AsyncMock, interaction.followup.send.assert_called_once_with, interaction.response.send_message.assert_called_once_with, self.cog.complete_task.callback",source-body operation summary; detailed domain mapping belongs to mapper handoff,source-reviewed: no additional defect identified in inspected body; offline/live limits remain,"[""Body read in current working snapshot at lines 57-66"", ""Current source body inspection""]",[],[]
tests/test_tasklist.py,TestTaskListCog.test_complete_task_command_in_commands_channel,70,87,def test_complete_task_command_in_commands_channel(self),"Offline test/fixture/helper: builds mocked or SQLite test state and orchestrates AsyncMock, asyncio.run, interaction.followup.send.assert_called_once_with, interaction.response.send_message.assert_called_once_with",source-body operation summary; detailed domain mapping belongs to mapper handoff,source-reviewed: no additional defect identified in inspected body; offline/live limits remain,"[""Body read in current working snapshot at lines 70-87"", ""Current source body inspection""]",[],[]
tests/test_tasklist.py,TestTaskListCog.test_complete_task_command_in_commands_channel.run_test,71,85,async def run_test(),"Offline test/fixture/helper: builds mocked or SQLite test state and orchestrates AsyncMock, interaction.followup.send.assert_called_once_with, interaction.response.send_message.assert_called_once_with, self.cog.complete_task.callback",source-body operation summary; detailed domain mapping belongs to mapper handoff,source-reviewed: no additional defect identified in inspected body; offline/live limits remain,"[""Body read in current working snapshot at lines 71-85"", ""Current source body inspection""]",[],[]
tests/test_tasklist.py,TestTaskListCog.test_list_tasks_in_commands_channel_is_public,89,109,def test_list_tasks_in_commands_channel_is_public(self),"Offline test/fixture/helper: builds mocked or SQLite test state and orchestrates AsyncMock, asyncio.run, interaction.followup.send.assert_called_once, interaction.followup.send.call_args.kwargs.get",source-body operation summary; detailed domain mapping belongs to mapper handoff,source-reviewed: no additional defect identified in inspected body; offline/live limits remain,"[""Body read in current working snapshot at lines 89-109"", ""Current source body inspection""]",[],[]
tests/test_tasklist.py,TestTaskListCog.test_list_tasks_in_commands_channel_is_public.run_test,90,107,async def run_test(),"Offline test/fixture/helper: builds mocked or SQLite test state and orchestrates AsyncMock, interaction.followup.send.assert_called_once, interaction.followup.send.call_args.kwargs.get, interaction.response.send_message.assert_called_once_with",source-body operation summary; detailed domain mapping belongs to mapper handoff,source-reviewed: no additional defect identified in inspected body; offline/live limits remain,"[""Body read in current working snapshot at lines 90-107"", ""Current source body inspection""]",[],[]
tests/test_tasklist.py,TestTaskListCog.test_list_tasks_in_other_channel_is_ephemeral,111,131,def test_list_tasks_in_other_channel_is_ephemeral(self),"Offline test/fixture/helper: builds mocked or SQLite test state and orchestrates AsyncMock, asyncio.run, interaction.followup.send.assert_called_once, interaction.followup.send.call_args.kwargs.get",source-body operation summary; detailed domain mapping belongs to mapper handoff,source-reviewed: no additional defect identified in inspected body; offline/live limits remain,"[""Body read in current working snapshot at lines 111-131"", ""Current source body inspection""]",[],[]
tests/test_tasklist.py,TestTaskListCog.test_list_tasks_in_other_channel_is_ephemeral.run_test,112,129,async def run_test(),"Offline test/fixture/helper: builds mocked or SQLite test state and orchestrates AsyncMock, interaction.followup.send.assert_called_once, interaction.followup.send.call_args.kwargs.get, interaction.response.send_message.assert_called_once_with",source-body operation summary; detailed domain mapping belongs to mapper handoff,source-reviewed: no additional defect identified in inspected body; offline/live limits remain,"[""Body read in current working snapshot at lines 112-129"", ""Current source body inspection""]",[],[]
tests/test_tasklist.py,task_store,135,154,async def task_store(),"Offline test/fixture/helper: builds mocked or SQLite test state and orchestrates DBHandler, db.add_task, db.close, db.connect",source-body operation summary; detailed domain mapping belongs to mapper handoff,source-reviewed: no additional defect identified in inspected body; offline/live limits remain,"[""Body read in current working snapshot at lines 135-154"", ""Current source body inspection""]",[],[]
tests/test_tasklist.py,task_interaction,157,167,"def task_interaction(guild_id, channel_id)","Offline test/fixture/helper: builds mocked or SQLite test state and orchestrates AsyncMock, MagicMock",source-body operation summary; detailed domain mapping belongs to mapper handoff,source-reviewed: no additional defect identified in inspected body; offline/live limits remain,"[""Body read in current working snapshot at lines 157-167"", ""Current source body inspection""]",[],[]
tests/test_tasklist.py,test_default_task_list_separates_personal_and_group_tasks,180,189,"async def test_default_task_list_separates_personal_and_group_tasks(task_store, guild_id, channel_id, description, ephemeral)",Offline test/fixture/helper: [task['description'] for task in result['view'].tasks] == [description]; result['ephemeral'] is ephemeral,source-body operation summary; detailed domain mapping belongs to mapper handoff,source-reviewed: no additional defect identified in inspected body; offline/live limits remain,"[""Body read in current working snapshot at lines 180-189"", ""Current source body inspection"", ""[task['description'] for task in result['view'].tasks] == [description]"", ""result['ephemeral'] is ephemeral""]",[],[]
tests/test_tasklist.py,test_explicit_all_groups_lists_all_owned_tasks_privately,194,208,"async def test_explicit_all_groups_lists_all_owned_tasks_privately(task_store, channel_id)","Offline test/fixture/helper: {task['description'] for task in result['view'].tasks} == {'DM personal', 'Server personal', 'Foreign personal', 'Group A', 'Group B', 'Foreign group'}; result['ephemeral'] is True",source-body operation summary; detailed domain mapping belongs to mapper handoff,source-reviewed: no additional defect identified in inspected body; offline/live limits remain,"[""Body read in current working snapshot at lines 194-208"", ""Current source body inspection"", ""{task['description'] for task in result['view'].tasks} == {'DM personal', 'Server personal', 'Foreign personal', 'Group A', 'Group B', 'Foreign group'}"", ""result['ephemeral'] is True""]",[],[]
tests/test_tasklist.py,test_task_menu_uses_same_context_scope,214,223,"async def test_task_menu_uses_same_context_scope(task_store, action, guild_id, channel_id, description)","Offline test/fixture/helper: [option.label.split(' - ', 1)[1] for option in select.options] == [description]; result['ephemeral'] is True",source-body operation summary; detailed domain mapping belongs to mapper handoff,source-reviewed: no additional defect identified in inspected body; offline/live limits remain,"[""Body read in current working snapshot at lines 214-223"", ""Current source body inspection"", ""[option.label.split(' - ', 1)[1] for option in select.options] == [description]"", ""result['ephemeral'] is True""]",[],[]
tests/test_tasklist.py,test_completed_task_analytics_retains_all_owned_scopes,227,231,async def test_completed_task_analytics_retains_all_owned_scopes(task_store),Offline test/fixture/helper: await ProductivityService(task_store).get_tasks_completed(123) == 3,source-body operation summary; detailed domain mapping belongs to mapper handoff,source-reviewed: no additional defect identified in inspected body; offline/live limits remain,"[""Body read in current working snapshot at lines 227-231"", ""Current source body inspection"", ""await ProductivityService(task_store).get_tasks_completed(123) == 3""]",[],[]
tests/test_utils.py,TestUtils.test_response_visibility_matches_exact_commands_channel,12,31,def test_response_visibility_matches_exact_commands_channel(self),"Offline test/fixture/helper: builds mocked or SQLite test state and orchestrates AsyncMock, SimpleNamespace, asyncio.run, db.get_commands_channel.assert_awaited",source-body operation summary; detailed domain mapping belongs to mapper handoff,source-reviewed: no additional defect identified in inspected body; offline/live limits remain,"[""Body read in current working snapshot at lines 12-31"", ""Current source body inspection""]",[],[]
tests/test_utils.py,TestUtils.test_response_visibility_matches_exact_commands_channel.run_test,13,27,async def run_test(),"Offline test/fixture/helper: builds mocked or SQLite test state and orchestrates AsyncMock, SimpleNamespace, db.get_commands_channel.assert_awaited, should_use_ephemeral",source-body operation summary; detailed domain mapping belongs to mapper handoff,source-reviewed: no additional defect identified in inspected body; offline/live limits remain,"[""Body read in current working snapshot at lines 13-27"", ""Current source body inspection""]",[],[]
tests/test_utils.py,TestUtils.test_response_visibility_is_ephemeral_without_guild_or_channel,33,45,def test_response_visibility_is_ephemeral_without_guild_or_channel(self),"Offline test/fixture/helper: builds mocked or SQLite test state and orchestrates AsyncMock, SimpleNamespace, asyncio.run, db.get_commands_channel.assert_not_awaited",source-body operation summary; detailed domain mapping belongs to mapper handoff,source-reviewed: no additional defect identified in inspected body; offline/live limits remain,"[""Body read in current working snapshot at lines 33-45"", ""Current source body inspection""]",[],[]
tests/test_utils.py,TestUtils.test_response_visibility_is_ephemeral_without_guild_or_channel.run_test,34,41,async def run_test(),"Offline test/fixture/helper: builds mocked or SQLite test state and orchestrates AsyncMock, SimpleNamespace, db.get_commands_channel.assert_not_awaited, should_use_ephemeral",source-body operation summary; detailed domain mapping belongs to mapper handoff,source-reviewed: no additional defect identified in inspected body; offline/live limits remain,"[""Body read in current working snapshot at lines 34-41"", ""Current source body inspection""]",[],[]
tests/test_utils.py,TestUtils.test_parse_duration,47,54,def test_parse_duration(self),Offline test/fixture/helper: builds mocked or SQLite test state and orchestrates parse_duration,source-body operation summary; detailed domain mapping belongs to mapper handoff,source-reviewed: no additional defect identified in inspected body; offline/live limits remain,"[""Body read in current working snapshot at lines 47-54"", ""Current source body inspection""]",[],[]
tests/test_utils.py,TestUtils.test_parse_seconds_to_hms,56,60,def test_parse_seconds_to_hms(self),Offline test/fixture/helper: builds mocked or SQLite test state and orchestrates parse_seconds_to_hms,source-body operation summary; detailed domain mapping belongs to mapper handoff,source-reviewed: no additional defect identified in inspected body; offline/live limits remain,"[""Body read in current working snapshot at lines 56-60"", ""Current source body inspection""]",[],[]
tests/test_utils.py,TestUtils.test_productivity_efficiency_calculation,62,67,def test_productivity_efficiency_calculation(self),"Offline test/fixture/helper: builds mocked or SQLite test state and orchestrates ProductivityService, service.calculate_efficiency",source-body operation summary; detailed domain mapping belongs to mapper handoff,source-reviewed: no additional defect identified in inspected body; offline/live limits remain,"[""Body read in current working snapshot at lines 62-67"", ""Current source body inspection""]",[],[]
update_changelog.py,patch,3,30,def patch(),"Source operation: content.replace, f.read, f.write, open",source-body operation summary; detailed domain mapping belongs to mapper handoff,source-reviewed: no additional defect identified in inspected body; offline/live limits remain,"[""Body read in current working snapshot at lines 3-30"", ""Current source body inspection""]",[],[]
utils.py,guild_operation_locks,20,22,def guild_operation_locks(bot: Any),Source operation: bot.__dict__.setdefault,source-body operation summary; detailed domain mapping belongs to mapper handoff,source-reviewed: no additional defect identified in inspected body; offline/live limits remain,"[""Body read in current working snapshot at lines 20-22"", ""Current source body inspection""]",[],[]
utils.py,complete_operation,25,46,"async def complete_operation(operation: Coroutine[Any, Any, T])","Source operation: asyncio.create_task, asyncio.shield, task.cancelled, task.done, task.exception",source-body operation summary; detailed domain mapping belongs to mapper handoff,source-reviewed: no additional defect identified in inspected body; offline/live limits remain,"[""Body read in current working snapshot at lines 25-46"", ""Current source body inspection""]",[],[]
utils.py,should_use_ephemeral,49,79,"async def should_use_ephemeral(interaction: discord.Interaction, db)","Source operation: callable, get_channel, get_group, getattr, group.get, isinstance",source-body operation summary; detailed domain mapping belongs to mapper handoff,source-reviewed: no additional defect identified in inspected body; offline/live limits remain,"[""Body read in current working snapshot at lines 49-79"", ""Current source body inspection""]",[],[]
utils.py,acknowledge_interaction,82,94,async def acknowledge_interaction(interaction: discord.Interaction),"Source operation: getattr, hasattr, inspect.isawaitable, interaction.response.send_message, isinstance",source-body operation summary; detailed domain mapping belongs to mapper handoff,source-reviewed: no additional defect identified in inspected body; offline/live limits remain,"[""Body read in current working snapshot at lines 82-94"", ""Current source body inspection""]",[],[]
utils.py,send_response,97,112,"async def send_response(interaction: discord.Interaction, *args, ephemeral: bool=True, **kwargs)","Source operation: extras.pop, getattr, inspect.isawaitable, interaction.delete_original_response, interaction.followup.send, isinstance",source-body operation summary; detailed domain mapping belongs to mapper handoff,source-reviewed: no additional defect identified in inspected body; offline/live limits remain,"[""Body read in current working snapshot at lines 97-112"", ""Current source body inspection""]",[],[]
utils.py,parse_seconds_to_hms,118,130,def parse_seconds_to_hms(seconds: int),"Source operation: ' '.join, divmod, len, parts.append",source-body operation summary; detailed domain mapping belongs to mapper handoff,source-reviewed: no additional defect identified in inspected body; offline/live limits remain,"[""Body read in current working snapshot at lines 118-130"", ""Current source body inspection""]",[],[]
utils.py,parse_duration,133,144,def parse_duration(duration_str: str),"Source operation: int, len, match.end, match.groups, re.match, unit[0].lower",source-body operation summary; detailed domain mapping belongs to mapper handoff,source-reviewed: no additional defect identified in inspected body; offline/live limits remain,"[""Body read in current working snapshot at lines 133-144"", ""Current source body inspection""]",[],[]
utils.py,parse_mentions,148,182,"def parse_mentions(interaction: discord.Interaction, mentions: str)","Source operation: clean_word.isdigit, int, interaction.guild.get_role, len, list, member_ids.add, mentions.split, re.findall",source-body operation summary; detailed domain mapping belongs to mapper handoff,source-reviewed: no additional defect identified in inspected body; offline/live limits remain,"[""Body read in current working snapshot at lines 148-182"", ""Current source body inspection""]",[],[]
utils.py,validate_parameters,186,313,"async def validate_parameters(interaction: discord.Interaction, name: Optional[str]=None, member_ids: Optional[List[int]]=None, category: Optional[discord.CategoryChannel]=None, duration: Optional[str]=None, min_duration: Optional[int]=None, max_members: Optional[int]=None)","Source operation: all, guild.fetch_member, guild.get_member, len, members.append, parse_duration, parse_seconds_to_hms, send_response",source-body operation summary; detailed domain mapping belongs to mapper handoff,source-reviewed: no additional defect identified in inspected body; offline/live limits remain,"[""Body read in current working snapshot at lines 186-313"", ""Current source body inspection""]",[],[]
utils.py,has_guild_permissions,319,358,"async def has_guild_permissions(user, guild, bot)","Source operation: any, callable, dict, dict(manager).get, get_manager, getattr, isinstance",source-body operation summary; detailed domain mapping belongs to mapper handoff,source-reviewed: no additional defect identified in inspected body; offline/live limits remain,"[""Body read in current working snapshot at lines 319-358"", ""Current source body inspection""]",[],[]
utils.py,is_guild_manager,361,362,async def is_guild_manager(interaction: discord.Interaction),Source operation: has_guild_permissions,source-body operation summary; detailed domain mapping belongs to mapper handoff,source-reviewed: no additional defect identified in inspected body; offline/live limits remain,"[""Body read in current working snapshot at lines 361-362"", ""Current source body inspection""]",[],[]
utils.py,check_manager,365,382,async def check_manager(ctx_or_interaction),"Source operation: has_guild_permissions, isinstance, type",source-body operation summary; detailed domain mapping belongs to mapper handoff,source-reviewed: no additional defect identified in inspected body; offline/live limits remain,"[""Body read in current working snapshot at lines 365-382"", ""Current source body inspection""]",[],[]
utils.py,is_manager,385,389,def is_manager(),"Source operation: check_manager, commands.check",source-body operation summary; detailed domain mapping belongs to mapper handoff,source-reviewed: no additional defect identified in inspected body; offline/live limits remain,"[""Body read in current working snapshot at lines 385-389"", ""Current source body inspection""]",[],[]
utils.py,is_manager.predicate,386,387,async def predicate(ctx),Source operation: check_manager,source-body operation summary; detailed domain mapping belongs to mapper handoff,source-reviewed: no additional defect identified in inspected body; offline/live limits remain,"[""Body read in current working snapshot at lines 386-387"", ""Current source body inspection""]",[],[]
utils.py,app_is_manager,392,396,def app_is_manager(),"Source operation: app_commands.check, check_manager",source-body operation summary; detailed domain mapping belongs to mapper handoff,source-reviewed: no additional defect identified in inspected body; offline/live limits remain,"[""Body read in current working snapshot at lines 392-396"", ""Current source body inspection""]",[],[]
utils.py,app_is_manager.predicate,393,394,async def predicate(interaction),Source operation: check_manager,source-body operation summary; detailed domain mapping belongs to mapper handoff,source-reviewed: no additional defect identified in inspected body; offline/live limits remain,"[""Body read in current working snapshot at lines 393-394"", ""Current source body inspection""]",[],[]
utils.py,is_group_creator,399,417,def is_group_creator(),"Source operation: app_commands.check, bool, check_manager, get_context_group, getattr, group.keys",source-body operation summary; detailed domain mapping belongs to mapper handoff,source-reviewed: no additional defect identified in inspected body; offline/live limits remain,"[""Body read in current working snapshot at lines 399-417"", ""Current source body inspection""]",[],[]
utils.py,is_group_creator.predicate,400,415,async def predicate(interaction),"Source operation: bool, check_manager, get_context_group, getattr, group.keys",source-body operation summary; detailed domain mapping belongs to mapper handoff,source-reviewed: no additional defect identified in inspected body; offline/live limits remain,"[""Body read in current working snapshot at lines 400-415"", ""Current source body inspection""]",[],[]
utils.py,get_context_group,420,429,"async def get_context_group(interaction: discord.Interaction, db)","Source operation: db.get_study_group_by_channel, db.get_user_group, group.get, isinstance",source-body operation summary; detailed domain mapping belongs to mapper handoff,source-reviewed: no additional defect identified in inspected body; offline/live limits remain,"[""Body read in current working snapshot at lines 420-429"", ""Current source body inspection""]",[],[]
utils.py,ProductivityService.__init__,433,434,"def __init__(self, db_handler)",Initializes object state; source writes: self.db,source-body operation summary; detailed domain mapping belongs to mapper handoff,source-reviewed: no additional defect identified in inspected body; offline/live limits remain,"[""Body read in current working snapshot at lines 433-434"", ""Current source body inspection""]",[],[]
utils.py,ProductivityService.get_productivity_metrics,436,446,"async def get_productivity_metrics(self, user_id, guild_id=None)","Source operation: float, max, round, self.calculate_efficiency, self.db.get_productivity_focus_seconds, self.get_tasks_completed",source-body operation summary; detailed domain mapping belongs to mapper handoff,source-reviewed: no additional defect identified in inspected body; offline/live limits remain,"[""Body read in current working snapshot at lines 436-446"", ""Current source body inspection""]",[],[]
utils.py,ProductivityService.get_tasks_completed,448,451,"async def get_tasks_completed(self, user_id)","Source operation: len, self.db.get_user_tasks",source-body operation summary; detailed domain mapping belongs to mapper handoff,source-reviewed: no additional defect identified in inspected body; offline/live limits remain,"[""Body read in current working snapshot at lines 448-451"", ""Current source body inspection""]",[],[]
utils.py,ProductivityService.calculate_efficiency,453,456,"def calculate_efficiency(self, tasks, time)",Source operation: round,source-body operation summary; detailed domain mapping belongs to mapper handoff,source-reviewed: no additional defect identified in inspected body; offline/live limits remain,"[""Body read in current working snapshot at lines 453-456"", ""Current source body inspection""]",[],[]
utils.py,validate_bot_developer_id,481,585,"def validate_bot_developer_id(raw_id: Any, *, strict: bool=False, allow_mock: bool=False)","Source operation: ValueError, cleaned_str.isdigit, cleaned_str.lower, cleaned_str.startswith, int, isinstance, len, raw_id.strip",source-body operation summary; detailed domain mapping belongs to mapper handoff,source-reviewed: no additional defect identified in inspected body; offline/live limits remain,"[""Body read in current working snapshot at lines 481-585"", ""Current source body inspection""]",[],[]
